,weights,regret
0,"[1.1, 1.3000000000000003, 1.6000000000000005, 1.8000000000000007, 1.2000000000000002, 0.6000000000000001, 0.5000000000000001, 0.8500000000000001, 1.7833333333333339, 0.7124999999999998, 1.2000000000000002, 0.9416666666666669]",1.2437577975980605
