,weights,regret
0,"[1.9000000000000008, 0.101, 0.001, 0.835476190476191, 1.0, 1.0, 0.9, 0.001, 4.6000000000000005, 1.6750000000000005, 1.1, 0.6000000000000002]",0.15545679957802902
