,labelled data,weights,regret
0,50,"[3.5, 5.0009999999999994, 11.57692307692307, 11.0, 11.0, 0.001, 7.25, 11.0, 11.0, 9.75, 1.251, 8.5]",7.342052221212839
1,100,"[0.5, 10.001, 19.269230769230763, 11.0, 11.0, 0.001, 9.75, 13.5, 8.5, 8.5, 3.751, 1.0]",6.70194530992296
