,weights,regret
0,"[4.520833333333333, 2.1396904761904776, 1.8285714285714285, 0.501, 2.5, 2.501, 3.375, 1.9517857142857142, 1.0083333333333335, 2.875, 3.8672619047619046, 0.9750000000000001]",0.28206239833181207
