,weights,regret
0,"[0.001, 11.0, 11.0, 7.666666666666667, 11.0, 11.0, 7.0, 10.001000000000001, 14.333333333333332, 23.5, 14.333333333333332, 27.0]",0.3583180466268635
