,labelled data,weights,regret
0,50,"[0.001, 130.001, 90.001, 20.000999999999998, 20.000999999999998, 111.0, 101.0, 60.001000000000005, 60.001, 130.001, 10.001, 60.001000000000005]",0.1503858881503616
1,100,"[70.001, 180.001, 170.001, 20.000999999999998, 60.001, 161.0, 131.0, 150.001, 20.000999999999998, 220.001, 70.001, 30.001000000000005]",3.3457954073165763
