,labelled data,weights,regret
0,50,"[0.001, 55.001000000000005, 40.001000000000005, 21.0, 0.001, 30.001000000000005, 40.001000000000005, 45.001, 35.001000000000005, 25.001, 56.0, 0.001]",3.3397926082346374
1,100,"[0.001, 85.001, 70.001, 46.0, 0.001, 80.001, 50.001000000000005, 85.001, 10.001, 0.001, 101.0, 30.001000000000005]",0.4334952534964081
