,labelled data,weights,regret
0,50,"[4.572428571428572, 51.66766666666666, 41.0, 30.000999999999998, 20.000999999999998, 91.0, 39.16766666666666, 73.5, 33.751, 55.666666666666664, 4.572428571428572, 0.001]",0.11699001185302867
1,100,"[4.286714285714286, 116.00099999999998, 81.0, 40.001000000000005, 70.001, 81.0, 116.16766666666666, 123.5, 35.41766666666666, 115.49999999999999, 0.001, 7.501]",0.19748273855571719
