,weights,regret
0,"[1.7, 1.291666666666667, 2.9, 1.5, 0.001, 2.0, 1.375, 1.4375, 1.375, 2.125, 0.875, 0.101]",1.9878139898020681
