,labelled data,weights,regret
0,50,"[2.0, 2.0, 3.0, 2.0, 1.0, 1.0, 6.0, 0.5009999999999999, 1.501, 1.001, 4.0, 5.0]",1.331948146954133
1,100,"[6.0, 6.0, 6.0, 0.001, 2.0, 1.0, 6.0, 0.001, 2.251, 3.9176666666666664, 4.0, 5.0]",4.103211030359518
