,weights,regret
0,"[11.0, 11.0, 11.0, 7.666666666666667, 11.0, 11.0, 9.0, 0.001, 11.0, 14.333333333333332, 11.0, 16.0]",24.84982834298415
