,labelled data,weights,regret
0,50,"[6.0, 6.0, 17.501, 9.405761904761903, 6.0, 10.001000000000001, 16.0, 18.5, 3.334333333333333, 12.917666666666669, 21.0, 5.001]",0.8923669933338834
1,100,"[21.0, 26.0, 32.501000000000005, 8.572428571428567, 11.0, 25.001, 31.0, 11.0, 1.6676666666666673, 16.875999999999998, 31.0, 13.501000000000001]",3.0110237104649165
