,weights,regret
0,"[3.5, 4.0, 4.5, 7.35, 2.5, 1.001, 0.376, 3.001, 8.333333333333334, 0.8200476190476191, 2.0, 0.501]",0.06583696445424504
