,labelled data,weights,regret
0,50,"[20.001, 120.001, 171.0, 20.000999999999998, 20.000999999999998, 121.0, 161.0, 181.0, 100.001, 141.0, 0.001, 20.001]",0.11733939446026628
1,100,"[0.001, 190.001, 161.0, 40.001000000000005, 40.001, 201.0, 171.0, 261.0, 90.001, 221.0, 10.001, 10.001000000000005]",0.1165408980693118
