,labelled data,weights,regret
0,50,"[2.0, 3.0, 3.0, 4.0, 2.0, 3.0, 2.001, 5.0, 0.501, 1.667666666666666, 3.0, 0.001]",0.2540685687196398
1,100,"[3.0, 3.0, 3.0, 4.5, 2.0, 5.0, 0.501, 5.0, 0.501, 2.1843333333333326, 3.0, 0.001]",0.16629663425603997
