,weights,regret
0,"[1.05, 1.875, 2.4333333333333327, 0.001, 1.5, 2.0, 1.5625, 2.4375, 1.3125, 2.0, 0.29821428571428577, 0.251]",1.0872850180252764
