,weights,regret
0,"[0.8, 3.5, 3.5, 1.25, 1.5, 1.5, 1.001, 3.0, 1.1676666666666666, 5.666666666666668, 2.0, 0.901]",1.714605216562531
