,labelled data,weights,regret
0,50,"[0.001, 46.33433333333332, 38.5, 0.001, 21.0, 31.0, 16.0, 48.501000000000005, 25.00100000000001, 40.001, 0.001, 2.001]",0.15695069104520618
1,100,"[15.001000000000001, 71.3343333333333, 43.5, 20.000999999999998, 40.001, 41.0, 23.380952380952376, 62.501000000000005, 33.33433333333335, 45.83433333333332, 0.001, 26.286714285714282]",0.20411423173122195
