,labelled data,weights,regret
0,50,"[0.001, 16.66766666666667, 9.66666666666667, 0.001, 10.001000000000001, 6.0, 10.375, 15.375, 5.0009999999999994, 6.0, 0.001, 1.6676666666666664]",0.714928228114945
1,100,"[7.917666666666665, 18.33433333333334, 19.000000000000004, 15.001000000000001, 0.001, 11.0, 14.125, 17.875, 3.7509999999999994, 12.488095238095239, 3.1259999999999994, 2.501]",7.921126326660905
