,labelled data,weights,regret
0,50,"[3.5, 3.751, 14.653846153846148, 11.0, 11.0, 0.001, 11.0, 6.0, 12.25, 3.751, 8.5, 8.5]",31.02423313996444
1,100,"[2.0, 8.751, 20.038461538461544, 11.0, 11.0, 0.001, 14.75, 4.75, 6.0, 2.501, 12.25, 11.0]",23.97080132300089
