,weights,regret
0,"[0.3009999999999999, 1.9375, 1.0769230769230773, 1.5, 2.0, 0.001, 1.875, 2.6875, 3.0, 1.125, 0.875, 0.4385]",0.20807014013839215
