,labelled data,weights,regret
0,50,"[1.5, 1.5, 1.5, 0.251, 1.0, 1.0, 0.701, 2.0, 0.9166666666666671, 3.2500000000000013, 1.5, 0.6499999999999996]",32.67394046952887
1,100,"[0.5985609756097562, 1.5, 1.5, 0.46839130434782617, 1.0, 1.0, 0.9009999999999999, 2.0, 0.7500000000000003, 4.75, 1.6666666666666667, 0.8999999999999996]",1.9764104797638538
