,weights,regret
0,"[0.001, 29.751, 23.5, 10.001000000000001, 26.0, 40.001000000000005, 44.16766666666666, 62.25, 19.501, 36.41766666666667, 0.8343333333333334, 0.001]",0.1649165626463064
