,labelled data,weights,regret
0,50,"[1.2, 1.1, 2.400000000000001, 1.7000000000000002, 1.0, 1.0, 1.7000000000000004, 0.8, 0.7999999999999997, 0.1999999999999999, 1.6, 2.0]",4.939769647539222
1,100,"[1.5000000000000002, 1.5000000000000004, 2.500000000000001, 1.4, 1.1, 1.0, 2.1000000000000005, 1.4000000000000004, 0.6999999999999997, 0.701, 1.8000000000000003, 0.7999999999999997]",0.1598971941972876
