,weights,regret
0,"[1.6676666666666664, 47.834333333333326, 43.5, 0.001, 61.0, 55.001000000000005, 41.0, 47.58433333333334, 13.084333333333333, 40.58333333333332, 1.6676666666666664, 15.251000000000001]",1.0527186571401583
