,weights,regret
0,"[0.9478174603174603, 2.683333333333333, 2.9464285714285716, 0.001, 3.001, 2.001, 2.7916666666666665, 3.0, 1.8541666666666667, 3.416666666666667, 0.001, 0.001]",0.3968951367762782
