,labelled data,weights,regret
0,50,"[2.001, 18.334333333333333, 21.0, 11.0, 11.0, 0.001, 12.25, 16.0, 14.75, 6.0, 9.214285714285715, 1.251]",6.391255093619357
1,100,"[10.001, 21.66766666666667, 23.66666666666667, 11.0, 11.0, 0.001, 14.75, 19.75, 13.5, 15.999999999999998, 5.642857142857144, 6.2509999999999994]",6.763167768815604
