,labelled data,weights,regret
0,50,"[3.55, 1.8333333333333326, 4.25, 3.001, 0.001, 3.001, 3.3343333333333334, 3.667666666666667, 0.001, 2.85, 4.750000000000001, 1.401]",0.003794190698030611
1,100,"[4.25, 1.4999999999999991, 5.75, 3.0009999999999994, 1.001, 4.0009999999999994, 3.6676666666666677, 5.334333333333333, 0.14385714285714285, 2.475, 5.250000000000002, 3.2010000000000005]",0.003794190698030611
