,labelled data,weights,regret
0,50,"[1.0799999999999987, 1.1509433962264166, 1.1249999999999996, 1.0161290322580647, 1.0, 1.0, 2.1000000000000005, 1.75, 0.8333333333333337, 1.0, 1.5, 0.8999999999999995]",9.901966859347624
1,100,"[1.1549999999999978, 1.1792452830188698, 1.2291666666666659, 1.0, 1.025, 1.0, 2.1000000000000005, 1.75, 0.8333333333333337, 1.4375, 1.5, 0.7499999999999991]",4.958476117489625
