,labelled data,weights,regret
0,50,"[1.5, 2.0, 1.5, 0.001, 1.5, 1.5, 1.001, 3.0, 0.251, 3.001, 1.5, 0.251]",11.683683672942802
1,100,"[1.0010000000000001, 2.5, 2.0, 1.2176666666666667, 1.5, 1.5, 1.9010000000000007, 3.0, 0.001, 4.2509999999999994, 1.5, 1.876]",1.7635484229031515
