,labelled data,weights,regret
0,50,"[2.0, 2.0, 2.0, 1.3333333333333335, 1.0, 1.0, 3.5, 1.001, 1.9999999999999998, 1.251, 2.0, 1.6999999999999997]",0.5634312271916381
1,100,"[2.0, 2.0, 2.0, 1.0000000000000002, 1.0, 1.0, 3.5, 0.001, 1.9999999999999998, 1.751, 2.0, 2.2]",0.7199690606536334
