,weights,regret
0,"[1.0850000000000006, 1.1509433962264148, 1.270833333333333, 1.1532258064516145, 1.0, 1.0, 1.8000000000000003, 1.5, 1.166666666666667, 1.3125, 1.5, 2.749999999999998]",2.2512306718529103
