,labelled data,weights,regret
0,50,"[1.5, 1.5, 1.5, 2.0, 1.0, 2.0, 2.0, 3.0, 0.501, 1.375, 1.5, 0.001]",0.38966155797710916
1,100,"[1.5, 1.5, 1.5, 2.5, 1.5, 2.5, 0.25, 3.0, 1.001, 1.9250000000000003, 2.0, 0.001]",0.18299890034641475
