,weights,regret
0,"[1.8382936507936503, 2.9426666666666663, 2.0, 1.5, 2.501, 3.0, 1.3125, 2.9999999999999996, 1.9176666666666666, 3.5, 0.8380952380952382, 1.025]",1.3452133209656227
