,labelled data,weights,regret
0,50,"[4.334333333333333, 21.167666666666666, 13.5, 30.001, 0.001, 35.001000000000005, 31.416666666666664, 5.001000000000001, 1.2509999999999977, 6.584333333333333, 36.875, 0.001]",0.05625679286554419
1,100,"[14.251000000000001, 28.667666666666666, 49.75, 30.001000000000005, 10.001000000000001, 60.001000000000005, 64.75, 33.33433333333333, 10.417666666666662, 4.167666666666667, 62.886904761904766, 14.584333333333333]",0.36709518186847073
