,weights,regret
0,"[1.0, 1.6000000000000005, 0.9, 1.0, 1.0, 1.0, 0.6000000000000001, 1.6000000000000005, 0.4666666666666668, 1.2750000000000004, 1.0, 0.20833333333333343]",0.30869877369241683
