,labelled data,weights,regret
0,50,"[2.501, 31.0, 26.0, 0.001, 1.0, 1.0, 21.0, 30.001, 2.501, 23.5, 6.0, 2.500999999999999]",0.27798323573161926
1,100,"[16.501, 46.0, 31.0, 0.001, 8.751, 15.001000000000001, 23.5, 40.001000000000005, 2.501, 43.5, 6.0, 0.001]",0.798337221595967
