,labelled data,weights,regret
0,50,"[1.1, 1.2, 1.2000000000000002, 0.8999999999999999, 1.0, 1.0, 2.300000000000001, 0.8, 0.40000000000000013, 0.20100000000000004, 1.2000000000000002, 1.1]",4.463092801280976
1,100,"[1.2000000000000002, 1.2, 1.6000000000000005, 0.8, 1.0, 1.0, 2.200000000000001, 0.7000000000000001, 0.20000000000000015, 0.5010000000000001, 1.2000000000000002, 1.1]",1.013279980706418
