,labelled data,weights,regret
0,50,"[0.30000000000000004, 3.264150943396226, 3.9166666666666656, 0.24293548387096775, 1.0, 1.0, 17.0, 16.0, 7.66666666666667, 8.751, 11.0, 5.0009999999999994]",6.280754355916143
1,100,"[0.8009999999999999, 5.339622641509436, 5.166666666666666, 0.08164516129032244, 4.5, 1.0, 17.0, 16.0, 7.66666666666667, 13.751, 11.0, 6.0009999999999994]",5.731399756132701
