,labelled data,weights,regret
0,50,"[0.29266666666666663, 2.4509999999999996, 2.25, 0.001, 2.0, 3.0009999999999994, 4.75, 2.75, 3.401, 4.5, 0.11766666666666659, 1.001]",0.317928973374434
1,100,"[1.7593333333333332, 4.317666666666667, 3.25, 1.001, 2.001, 6.0009999999999994, 4.466666666666667, 4.75, 1.4009999999999998, 5.633333333333333, 1.684333333333333, 0.601]",3.085351337134227
