,weights,regret
0,"[1.1, 1.3000000000000003, 1.6000000000000005, 2.000000000000001, 1.1, 0.0010000000000000009, 0.201, 0.8500000000000001, 1.7000000000000006, 0.8983333333333334, 1.1, 0.4676666666666666]",0.4369694288412845
