,weights,regret
0,"[0.20099999999999998, 3.5000000000000027, 1.2166666666666675, 2.001, 0.001, 2.0, 2.9375, 3.125, 1.75, 0.3135, 2.1416666666666666, 0.501]",1.2583956853202511
