,labelled data,weights,regret
0,50,"[11.0, 11.0, 21.0, 13.5, 1.0, 1.0, 26.0, 0.001, 0.001, 0.8343333333333334, 11.0, 21.0]",8.165427026621359
1,100,"[26.0, 26.0, 36.0, 11.0, 6.0, 6.0, 21.0, 0.001, 3.751, 10.001, 16.0, 16.0]",1.7208090785968706
