,weights,regret
0,"[0.101, 1.9000000000000008, 1.7000000000000006, 1.1833333333333336, 1.1, 1.0, 1.2000000000000002, 1.9000000000000008, 0.29166666666666663, 0.8416666666666667, 1.0, 2.200000000000001]",0.19515386946823432
