,labelled data,weights,regret
0,50,"[0.9300000000000006, 1.0999999999999994, 1.1403846153846149, 0.8, 1.0, 1.2000000000000002, 1.2499999999999993, 1.3499999999999992, 1.1125000000000003, 0.8250000000000003, 0.9625000000000002, 0.8375000000000006]",4.658618848641831
1,100,"[0.8500000000000005, 1.1374999999999993, 1.253846153846153, 0.5000000000000001, 1.3000000000000003, 1.2000000000000002, 1.2874999999999992, 1.3249999999999993, 1.1875, 0.8625000000000004, 0.7250000000000001, 0.7750000000000008]",4.726490446278155
