,labelled data,weights,regret
0,50,"[200.001, 61.0, 61.0, 200.001, 1.0, 11.0, 11.0, 70.001, 11.0, 51.0, 61.0, 101.0]",612.9664487130782
1,100,"[200.001, 71.0, 71.0, 210.001, 90.001, 21.0, 11.0, 90.001, 1.0, 41.0, 51.0, 91.0]",638.3054520445379
