,labelled data,weights,regret
0,50,"[1.1, 1.1, 1.1, 0.3666666666666667, 1.0, 1.0, 0.8499999999999999, 1.1500000000000001, 1.0333333333333337, 1.5999999999999999, 1.1, 1.2300000000000002]",63.00993239795285
1,100,"[1.1, 1.1, 1.1, 0.3666666666666667, 1.0, 1.0, 0.7999999999999998, 1.1500000000000001, 1.0000000000000004, 1.633333333333333, 1.1, 1.2600000000000002]",63.00993239795285
