,labelled data,weights,regret
0,50,"[1.0199999999999998, 1.037735849056604, 1.083333333333333, 1.0241935483870972, 1.0, 1.0, 1.7000000000000002, 1.5, 1.2500000000000002, 1.125, 1.5, 1.4]",14.044318135746254
1,100,"[1.0249999999999997, 1.037735849056604, 1.083333333333333, 1.036290322580646, 1.0, 1.0, 1.7000000000000002, 1.5, 1.2500000000000002, 1.1875, 1.5, 1.3499999999999999]",11.682304986671111
