,weights,regret
0,"[1.2399999999999975, 1.226415094339625, 0.9999999999999999, 1.1370967741935498, 1.0, 1.0, 2.1000000000000005, 1.5, 0.9166666666666671, 0.5625, 1.5, 0.05100000000000007]",0.4100361136313666
