,labelled data,weights,regret
0,50,"[1.9000000000000001, 0.49999999999999994, 3.3, 2.000000000000001, 0.20000000000000015, 1.7000000000000006, 0.8999999999999999, 2.7000000000000006, 0.401, 0.7999999999999999, 2.0000000000000004, 0.8999999999999999]",0.8346399658237562
1,100,"[1.6, 1.0, 3.4999999999999996, 2.300000000000001, 0.001, 2.100000000000001, 1.2, 3.6000000000000014, 0.30100000000000027, 0.6010000000000001, 2.6000000000000005, 0.6999999999999998]",0.8376892383472182
