,labelled data,weights,regret
0,50,"[42.001000000000005, 26.167666666666666, 39.86942105263158, 40.001, 10.000999999999998, 41.0, 41.66766666666667, 28.501000000000005, 0.001, 35.41766666666666, 37.667666666666676, 0.001]",2.2907490039138128
1,100,"[47.58433333333334, 24.16766666666667, 56.86942105263158, 80.001, 0.001, 71.0, 32.16766666666667, 68.501, 0.8343333333333334, 13.334333333333326, 46.59623809523811, 38.83433333333333]",0.0038326422254435937
