,weights,regret
0,"[7.0, 0.7509999999999999, 3.5009999999999994, 0.9593333333333334, 3.0, 1.5, 4.375, 1.501, 16.5, 4.75, 4.0, 5.5]",0.4747038206005136
