,labelled data,weights,regret
0,50,"[1.3999999999999997, 1.501, 3.8666666666666676, 2.001, 0.001, 2.0, 2.375, 2.25, 1.625, 2.75, 1.5, 0.16766666666666666]",8.720074452432431
1,100,"[0.5999999999999996, 2.3343333333333334, 4.533333333333334, 2.001, 0.001, 2.0, 3.125, 2.375, 1.625, 2.0833333333333335, 0.10000000000000009, 0.001]",5.661600617870046
