,labelled data,weights,regret
0,50,"[2.0, 0.75, 2.5, 0.001, 2.0, 2.5, 2.0833333333333335, 0.5009999999999999, 0.29166666666666674, 0.625, 2.0625, 3.25]",0.9519911279865355
1,100,"[2.1708333333333334, 0.33333333333333337, 2.0, 0.501, 2.5, 2.5, 1.2500000000000002, 0.2593333333333333, 0.251, 0.5249999999999999, 3.157738095238095, 4.083333333333334]",1.782419726457616
