,labelled data,weights,regret
0,50,"[41.0, 51.0, 21.0, 41.0, 11.0, 1.0, 51.0, 20.000999999999998, 31.0, 11.0, 61.0, 101.0]",13.54988833528227
1,100,"[51.0, 51.0, 21.0, 41.0, 21.0, 21.0, 71.0, 0.001, 11.0, 21.0, 61.0, 101.0]",11.115038962968422
