,labelled data,weights,regret
0,50,"[1.07, 1.1320754716981132, 1.4166666666666674, 1.258064516129032, 1.0, 1.0, 3.000000000000001, 2.0, 1.1666666666666665, 1.001, 2.0, 1.9]",18.13790181385125
1,100,"[1.1900000000000002, 1.1132075471698113, 1.4166666666666674, 1.451612903225806, 0.95, 1.0, 3.000000000000001, 2.0, 1.1666666666666665, 0.6259999999999999, 2.0, 1.4999999999999996]",16.465449695014943
