,weights,regret
0,"[0.73, 1.1226415094339635, 1.3333333333333328, 1.024193548387096, 1.1749999999999998, 1.0, 2.0000000000000004, 1.5, 0.9166666666666671, 0.4385, 1.4166666666666667, 3.4499999999999953]",0.5919346624415573
