,weights,regret
0,"[4.9, 0.001, 3.0010000000000003, 1.1, 2.000000000000001, 0.401, 2.3999999999999995, 0.101, 4.899999999999999, 3.100000000000001, 2.5, 1.8999999999999992]",0.17240826074495555
