,labelled data,weights,regret
0,50,"[1.0999999999999999, 1.4000000000000004, 1.8000000000000005, 0.7000000000000001, 1.0, 1.0, 1.3, 2.200000000000001, 0.4999999999999998, 1.8, 1.6, 1.4999999999999996]",22.73879273175625
1,100,"[1.4000000000000001, 1.5000000000000002, 1.9000000000000006, 0.40000000000000024, 1.0, 1.0, 1.7000000000000004, 2.5000000000000013, 0.4999999999999998, 1.8, 1.6, 1.2999999999999994]",22.455522222613304
