,labelled data,weights,regret
0,50,"[11.0, 41.0, 31.0, 5.001000000000001, 21.0, 31.0, 16.66766666666667, 35.001000000000005, 8.334333333333333, 58.5, 31.0, 24.000999999999998]",11.110409884709178
1,100,"[42.33433333333333, 61.0, 61.0, 6.3646363636363645, 21.0, 31.0, 46.66766666666667, 65.001, 8.334333333333333, 78.5, 31.0, 16.500999999999998]",14.515932326977532
