,labelled data,weights,regret
0,50,"[0.5565555555555555, 4.75, 3.251, 0.001, 2.001, 4.0, 3.5, 4.833333333333333, 2.3343333333333334, 3.1676666666666664, 0.0010000000000000009, 0.601]",0.23231781668954002
1,100,"[1.3343333333333334, 6.850000000000001, 3.851, 0.001, 2.001, 4.0, 4.700000000000001, 7.583333333333333, 1.8343333333333334, 5.801, 0.7509999999999999, 0.6010000000000001]",0.0878913125829587
