,labelled data,weights,regret
0,50,"[1.0, 6.0, 6.0, 0.7152857142857141, 7.001, 1.0, 9.001000000000001, 5.001, 6.833333333333333, 19.333333333333332, 6.833333333333333, 9.501000000000001]",1.5852184373217006
1,100,"[1.876, 11.0, 8.5, 2.160090909090908, 8.001000000000001, 5.001, 8.001000000000001, 5.001, 7.666666666666666, 28.499999999999986, 7.666666666666666, 13.501000000000001]",1.1495394635631475
