,weights,regret
0,"[0.001, 5.0, 6.75, 4.066666666666668, 3.5, 3.0, 2.833333333333333, 9.751, 0.001, 3.211904761904762, 5.416666666666667, 9.45]",0.2896552377166561
