,labelled data,weights,regret
0,50,"[2.5, 2.0, 3.5, 1.25, 2.0, 1.0, 3.5, 0.501, 0.251, 0.251, 3.0, 4.0]",2.4512590165106216
1,100,"[2.5, 3.0, 4.0, 1.75, 2.0, 1.0, 3.5, 0.251, 0.001, 0.001, 3.5, 4.0]",1.2947116270522407
