,weights,regret
0,"[1.8749999999999996, 0.1875, 1.3173076923076925, 2.0, 1.5, 0.001, 2.0625, 0.875, 2.0, 1.6875, 2.1875, 1.75]",1.009090335906197
