,labelled data,weights,regret
0,50,"[4.0, 3.0, 12.0, 4.0, 1.0, 1.0, 12.0, 1.001, 3.0, 3.0010000000000003, 8.0, 13.0]",1.967801990197555
1,100,"[8.0, 7.0, 13.0, 2.0, 1.0, 1.0, 12.0, 0.001, 2.0, 4.001, 8.0, 13.0]",4.516584623668897
