,labelled data,weights,regret
0,50,"[1.0, 1.0, 1.0, 1.0, 2.0, 0.001, 1.0, 0.001, 2.0, 1.0, 1.0, 1.0]",15.636276353830128
1,100,"[1.0, 1.0, 1.0, 1.0, 2.0, 0.001, 1.0, 0.001, 2.0, 1.0, 1.0, 1.0]",15.361362519440418
