,weights,regret
0,"[11.0, 11.0, 11.0, 27.66666666666666, 7.223222222222223, 11.0, 1.0, 5.001, 21.667666666666666, 10.001, 1.6676666666666664, 44.0]",2.0330280486790913
