,labelled data,weights,regret
0,50,"[1.1199999999999988, 1.0754716981132082, 1.2708333333333324, 1.0645161290322587, 1.0, 1.0, 2.0000000000000004, 1.75, 0.9166666666666671, 1.125, 1.5, 0.8499999999999994]",9.678318770105586
1,100,"[1.0999999999999983, 1.1132075471698124, 1.4166666666666652, 0.995967741935484, 1.0, 1.0, 2.0000000000000004, 1.75, 0.9166666666666671, 1.5, 1.5, 0.8999999999999992]",4.95853658914133
