,weights,regret
0,"[1.201, 1.9000000000000006, 2.0999999999999996, 2.300000000000001, 1.7000000000000006, 0.5000000000000001, 0.5010000000000001, 3.5000000000000013, 2.8000000000000007, 4.300000000000002, 0.6010000000000001, 0.7999999999999997]",0.5011439744449594
