,labelled data,weights,regret
0,50,"[1.5, 0.875, 1.0, 0.5, 1.0, 1.5, 1.5, 1.0, 0.5, 1.5, 1.0, 1.5]",11.68928920451828
1,100,"[1.5, 0.875, 1.0, 0.5, 1.0, 1.5, 1.5, 1.0, 0.5, 1.5, 1.0, 1.5]",11.68928920451828
