,weights,regret
0,"[11.0, 11.0, 11.0, 17.666666666666664, 16.0, 13.334333333333333, 2.501, 15.001000000000001, 42.66666666666666, 0.001000000000000334, 3.334333333333333, 21.000999999999998]",3.035576827204359
