,labelled data,weights,regret
0,50,"[1.3000000000000003, 1.3000000000000003, 1.5000000000000004, 2.100000000000001, 1.1, 1.3000000000000003, 0.7500000000000001, 2.000000000000001, 0.7166666666666665, 0.6694047619047615, 1.7000000000000006, 0.101]",1.245922291561139
1,100,"[1.2000000000000002, 1.3000000000000003, 1.7000000000000006, 2.6500000000000012, 1.0, 1.6000000000000005, 0.5250000000000002, 2.5000000000000013, 0.26666666666666655, 0.3434523809523807, 2.000000000000001, 0.176]",0.25121550832395256
