,labelled data,weights,regret
0,50,"[0.9500000000000002, 1.0750000000000002, 1.1442307692307687, 0.7000000000000001, 1.0, 1.3000000000000003, 1.262499999999999, 1.2249999999999992, 1.0874999999999997, 1.1125000000000003, 0.7375, 0.8000000000000003]",4.598148720542064
1,100,"[0.73, 1.2874999999999992, 1.2403846153846145, 0.8, 0.9, 1.3000000000000003, 1.3249999999999988, 1.5624999999999982, 1.2499999999999991, 1.1375000000000002, 0.15000000000000013, 0.5875000000000008]",0.9964552402765003
