,labelled data,weights,regret
0,50,"[0.001, 4.108333333333333, 2.583333333333333, 0.0010000000000000009, 1.0, 4.0, 1.875, 5.175, 2.041666666666667, 4.1708333333333325, 0.001, 0.0010000000000000009]",0.14428829001306887
1,100,"[0.001, 6.733333333333334, 3.083333333333333, 0.501, 2.5, 6.5, 1.6249999999999996, 6.425, 0.6833333333333338, 6.7125, 0.001, 0.001]",0.11037253945720406
