,weights,regret
0,"[0.15933333333333344, 6.6, 3.55, 0.5009999999999999, 3.5009999999999994, 7.0, 3.970833333333333, 6.375, 2.626, 4.379166666666667, 0.25516666666666665, 0.001]",0.3145765041842724
