,labelled data,weights,regret
0,50,"[0.8650000000000005, 1.1499999999999997, 1.1499999999999995, 0.7000000000000001, 1.1, 1.3000000000000003, 1.3124999999999991, 1.487499999999999, 1.1124999999999998, 1.1, 0.5375000000000003, 0.7250000000000006]",4.578942937073193
1,100,"[0.7400000000000004, 1.3499999999999988, 1.2173076923076915, 0.8, 1.0, 1.3000000000000003, 1.337499999999999, 1.787499999999998, 1.1624999999999996, 1.1250000000000002, 0.16250000000000023, 0.6000000000000012]",0.9664848819432754
