,labelled data,weights,regret
0,50,"[1.001, 3.001, 2.001, 8.001, 4.001, 4.0, 2.001, 6.0009999999999994, 0.001, 3.0, 4.0009999999999994, 2.001]",3.4855807894863573
1,100,"[2.001, 3.001, 4.0009999999999994, 12.001, 3.0010000000000003, 6.0, 0.001, 8.001, 2.001, 3.0009999999999994, 5.0009999999999994, 1.001]",1.3949702281139833
