,labelled data,weights,regret
0,50,"[5.0, 3.0, 10.0, 15.0, 0.001, 3.0, 10.0, 2.001, 5.0, 2.0010000000000003, 7.0, 9.0]",7.361151452761698
1,100,"[8.0, 8.0, 15.0, 5.0, 15.001, 7.0, 13.0, 0.001, 2.0010000000000003, 5.001, 10.0, 11.0]",3.4418890204437362
