,labelled data,weights,regret
0,50,"[1.501, 7.0009999999999994, 4.0, 0.001, 1.5, 5.0, 4.5, 4.5009999999999994, 1.001, 5.5, 0.5009999999999999, 1.501]",0.14699725021128576
1,100,"[0.001, 9.501, 7.0, 1.501, 3.0, 7.0, 6.0, 7.0009999999999994, 2.501, 9.0, 0.501, 0.001]",0.12711081678970038
