,labelled data,weights,regret
0,50,"[0.001, 7.0, 7.0, 0.001, 1.0, 1.0, 7.0, 7.0009999999999994, 0.6676666666666666, 6.833333333333334, 2.0, 1.001]",0.3431320315988571
1,100,"[1.201, 9.0, 7.0, 0.20100000000000007, 3.0, 3.0, 6.0, 7.0009999999999994, 1.1676666666666666, 13.833333333333334, 4.0, 1.0009999999999994]",1.1302125990989194
