,labelled data,weights,regret
0,50,"[11.0, 11.0, 21.0, 21.0, 20.000999999999998, 30.000999999999998, 51.0, 50.001, 13.334333333333333, 19.584333333333333, 21.0, 0.001]",0.2918116268839642
1,100,"[31.0, 41.0, 31.0, 6.0, 20.000999999999998, 30.000999999999998, 61.0, 50.001, 13.334333333333333, 17.084333333333333, 31.0, 9.000999999999998]",2.9345542011961343
