,weights,regret
0,"[9.364095238095235, 32.41766666666666, 15.416666666666668, 40.001000000000005, 35.001000000000005, 0.001, 7.916666666666666, 38.083333333333336, 22.91766666666667, 69.001, 0.001, 0.001]",0.3788871094773503
