,weights,regret
0,"[121.33433333333333, 29.96528571428572, 57.501984126984134, 10.000999999999998, 20.000999999999998, 0.001, 52.083333333333336, 0.001, 136.16666666666666, 91.83333333333334, 81.251, 10.667666666666669]",0.16293117956770367
