,labelled data,weights,regret
0,50,"[2.2, 0.6676666666666666, 4.333333333333336, 2.0, 0.001, 2.001, 2.375, 3.125, 2.25, 1.75, 2.75, 0.601]",0.006860362651047419
1,100,"[2.4, 0.33433333333333337, 5.266666666666668, 2.0, 0.001, 3.001, 2.625, 3.625, 2.125, 2.25, 2.0, 0.40099999999999997]",0.0025744962494005127
