,labelled data,weights,regret
0,50,"[1.0300000000000007, 1.2075471698113232, 1.395833333333332, 1.137096774193551, 1.274999999999999, 1.0, 1.8000000000000007, 2.0, 0.4166666666666665, 0.8125, 1.4999999999999996, 1.3500000000000003]",19.121389653779943
1,100,"[0.985000000000002, 1.2452830188679265, 1.4374999999999984, 1.3266129032258136, 1.274999999999999, 1.0, 1.9000000000000008, 2.0, 0.5833333333333331, 0.6875, 1.4999999999999996, 2.1500000000000004]",17.615287241387968
