,labelled data,weights,regret
0,50,"[51.0, 11.0, 81.0, 11.0, 1.0, 1.0, 30.000999999999998, 111.0, 41.0, 120.001, 61.0, 1.0]",9.463127348003974
1,100,"[71.0, 81.0, 111.0, 20.001000000000005, 31.0, 21.0, 40.001, 161.0, 21.0, 130.001, 71.0, 60.001000000000005]",11.001173120814117
