,labelled data,weights,regret
0,50,"[210.001, 61.0, 60.001, 230.001, 40.001, 11.0, 30.001, 140.001, 0.0010000000000047748, 101.0, 91.0, 71.0]",427.7805564845448
1,100,"[210.001, 101.0, 130.001, 70.001, 70.001, 51.0, 90.001, 220.001, 40.001, 121.0, 141.0, 81.0]",38.891031142198734
