,labelled data,weights,regret
0,50,"[2.4666666666666672, 0.0833333333333333, 3.272727272727272, 0.001, 2.501, 2.0, 2.0833333333333335, 1.5000000000000007, 0.33433333333333326, 2.5, 2.2, 0.876]",9.074481020111662
1,100,"[2.7666666666666675, 0.9999999999999998, 4.681818181818181, 0.001, 2.501, 2.0, 1.5000000000000004, 2.5000000000000004, 0.9176666666666667, 0.001, 3.1999999999999997, 0.101]",1.5666850729271757
