,weights,regret
0,"[4.657738095238095, 0.5033809523809523, 5.475961538461538, 7.0, 5.0, 1.001, 0.5385, 2.2009999999999996, 0.8759999999999999, 8.75, 1.7123095238095238, 2.9666666666666677]",0.18002813384511027
