,weights,regret
0,"[1.0179999999999993, 1.020754716981133, 1.0208333333333333, 1.0564516129032222, 1.0, 1.0, 1.2400000000000002, 1.1, 0.9666666666666668, 0.9750000000000001, 1.1, 1.06]",0.7665374531249888
