,weights,regret
0,"[1.1499999999999992, 2.25, 2.0333333333333337, 1.5, 1.5, 0.5, 1.75, 2.1875, 2.1875, 0.75, 0.8392857142857142, 0.251]",0.34598767332184
