,weights,regret
0,"[0.7500000000000004, 1.7499999999999996, 2.9333333333333336, 2.0, 1.5, 0.001, 1.25, 1.9375, 1.5625, 2.375, 0.1885, 0.7509999999999999]",6.3964329647343146
