,labelled data,weights,regret
0,50,"[0.08433333333333332, 2.4000000000000004, 2.5666666666666673, 0.5, 1.5, 1.5, 1.625, 2.75, 1.1875, 1.125, 0.001, 0.4385]",0.37518501661942233
1,100,"[0.4593333333333334, 3.0000000000000004, 3.433333333333335, 0.5, 1.5, 1.5, 1.8125, 3.4375, 1.875, 1.75, 0.5635, 0.376]",0.28916650615584494
