,labelled data,weights,regret
0,50,"[1.1, 1.1, 1.1, 0.9, 1.0, 1.0, 2.000000000000001, 1.2000000000000002, 0.7000000000000001, 0.6583333333333335, 1.1, 0.3666666666666668]",0.4684454171287583
1,100,"[1.2000000000000002, 1.2000000000000002, 1.4000000000000004, 0.6500000000000001, 1.0, 1.0, 2.000000000000001, 1.2000000000000002, 0.7000000000000001, 0.4583333333333336, 1.1, 0.28333333333333355]",0.38923977307071256
