,labelled data,weights,regret
0,50,"[1.1, 1.3000000000000003, 1.1, 1.7500000000000007, 1.0, 1.0, 0.6249999999999999, 1.6000000000000005, 0.25000000000000017, 0.7, 1.1, 0.5333333333333331]",0.8212864469903526
1,100,"[1.1, 1.3000000000000003, 1.1, 1.9000000000000008, 1.0, 1.0, 0.27499999999999974, 1.6000000000000005, 0.25000000000000017, 0.7816666666666667, 1.1, 0.058333333333333126]",0.14278755938720636
