,labelled data,weights,regret
0,50,"[1.4000000000000001, 1.1, 1.5000000000000002, 2.400000000000001, 1.0, 1.2000000000000002, 1.0000000000000002, 2.300000000000001, 0.501, 0.2999999999999998, 1.6, 0.9999999999999992]",2.163110321965446
1,100,"[1.4000000000000001, 1.3000000000000003, 1.5000000000000002, 2.9000000000000012, 0.9, 1.8000000000000007, 0.20100000000000004, 2.300000000000001, 0.401, 0.001, 1.8000000000000003, 0.2999999999999992]",0.30392920315396577
