,weights,regret
0,"[1.0849999999999997, 0.8000000000000002, 1.1538461538461533, 1.3000000000000003, 1.2000000000000002, 0.7000000000000001, 0.9250000000000003, 1.0499999999999998, 1.2249999999999996, 1.1499999999999997, 1.0250000000000004, 1.1124999999999998]",0.6835535906044488
