,weights,regret
0,"[1.2, 1.1, 1.8000000000000005, 3.4000000000000017, 0.9000000000000002, 1.3000000000000003, 0.7999999999999999, 0.101, 0.501, 0.7010000000000001, 0.5999999999999999, 2.8000000000000007]",1.7334992146108739
