,weights,regret
0,"[1.9499999999999993, 0.9964285714285714, 3.900000000000001, 1.0, 0.001, 2.0, 2.3125, 2.75, 1.875, 1.4053571428571425, 1.625, 2.375]",2.1552073388842885
