,labelled data,weights,regret
0,50,"[1.0, 1.0, 1.0, 1.0, 0.9, 1.1, 1.0, 1.1, 0.9, 1.0, 1.0, 1.0]",0.17448851555388353
1,100,"[0.9875, 1.1, 1.0, 1.0, 0.8, 1.1, 1.0, 1.2000000000000002, 0.9, 0.9, 1.0, 1.0]",1.9693944714287632
