,labelled data,weights,regret
0,50,"[1.4, 0.6666666666666667, 1.0, 1.5, 0.5, 1.0, 0.001, 1.5, 0.75, 1.4, 1.0, 1.25]",14.54553451102764
1,100,"[1.4, 0.6666666666666667, 1.0, 1.5, 0.5, 1.0, 0.001, 1.5, 0.75, 1.4, 1.0, 1.25]",14.54553451102764
