,labelled data,weights,regret
0,50,"[0.7000000000000001, 1.4000000000000004, 1.1, 0.7, 1.0, 1.0, 0.9, 1.6000000000000005, 0.6, 1.4000000000000004, 1.1, 1.2000000000000002]",21.12383126467987
1,100,"[1.2000000000000002, 1.4000000000000004, 1.1, 0.034333333333333334, 1.0, 1.0, 1.1500000000000001, 1.7000000000000006, 0.625, 1.9000000000000008, 1.1, 0.8]",13.912489512114618
