,labelled data,weights,regret
0,50,"[0.001, 36.0, 31.0, 0.001, 10.001000000000001, 1.0, 15.001000000000001, 26.0, 5.001000000000001, 30.001, 16.0, 15.001000000000001]",2.9288387908796167
1,100,"[10.001000000000001, 41.0, 36.0, 5.0009999999999994, 10.001000000000001, 5.001, 30.001, 26.0, 15.001000000000001, 55.001000000000005, 6.0, 15.001]",10.706636089858893
