,labelled data,weights,regret
0,50,"[1.1, 1.1, 1.3000000000000003, 1.1, 1.0, 1.0, 1.8000000000000007, 0.8, 0.9, 0.30100000000000005, 1.1, 1.3000000000000003]",8.683750411814026
1,100,"[1.3000000000000003, 1.6000000000000005, 1.5000000000000004, 0.9, 1.0, 1.0, 1.8000000000000007, 1.1, 0.6000000000000001, 0.40100000000000025, 1.1, 0.6000000000000001]",0.5946252826411107
