,labelled data,weights,regret
0,50,"[0.751, 8.751, 8.307692307692305, 6.0, 6.0, 0.001, 11.625, 14.125, 10.375, 1.625, 3.751, 0.001]",7.773176057704599
1,100,"[1.0009999999999994, 8.126, 12.923076923076923, 11.0, 5.001, 0.001000000000000334, 16.625, 19.75, 12.875, 8.5, 1.8759999999999994, 0.001]",7.22846327863041
