,labelled data,weights,regret
0,50,"[1.0, 1.3000000000000003, 1.2000000000000002, 0.7499999999999998, 1.0, 0.9, 1.1, 1.7000000000000006, 0.20000000000000018, 1.6000000000000005, 1.1, 0.28333333333333344]",19.12254709612024
1,100,"[0.7000000000000001, 1.7000000000000006, 1.3000000000000003, 0.5999999999999996, 1.0, 0.9, 1.1, 1.8000000000000007, 0.20000000000000018, 1.8000000000000007, 1.1, 0.6333333333333334]",14.552431409440107
