,labelled data,weights,regret
0,50,"[2.000000000000001, 1.471698113207547, 3.291666666666667, 1.6048387096774193, 1.0, 1.0, 8.0, 8.5, 3.500000000000001, 5.6259999999999994, 6.0, 1.001]",3.894511361977674
1,100,"[1.850000000000001, 2.8867924528301896, 4.958333333333333, 0.8790322580645161, 2.25, 1.0, 8.0, 8.5, 3.500000000000001, 6.2509999999999994, 6.0, 3.0009999999999994]",3.864749061180182
