,labelled data,weights,regret
0,50,"[2.0, 3.0, 3.0, 3.0, 0.001, 2.001, 0.001, 4.0009999999999994, 0.001, 5.166666666666666, 0.001, 2.001]",46.99264208553081
1,100,"[0.13433333333333297, 7.0, 5.0, 0.09999999999999998, 2.001, 4.0009999999999994, 3.001, 6.0009999999999994, 0.001, 7.166666666666666, 3.001, 2.0009999999999994]",0.48118669488061566
