,weights,regret
0,"[1.1, 1.2000000000000002, 1.3000000000000003, 1.9500000000000008, 0.8, 1.0, 0.9, 0.5, 0.7833333333333332, 0.49166666666666664, 0.9, 1.8000000000000007]",4.68940329011635
