,labelled data,weights,regret
0,50,"[1.1121111111111115, 22.25, 16.66766666666667, 0.0010000000000012221, 10.001000000000001, 16.0, 18.5, 28.5, 15.001, 15.001, 0.001, 6.0009999999999994]",0.14078962844229914
1,100,"[3.8898888888888883, 26.75, 25.16766666666667, 10.001000000000001, 10.001000000000001, 26.0, 29.5, 36.0, 13.750999999999998, 31.250999999999998, 2.501, 4.1259999999999994]",0.1310937966479056
