,weights,regret
0,"[11.0, 16.0, 11.0, 1.0000000000000009, 10.001000000000001, 11.0, 14.001, 10.001000000000001, 21.0, 21.0, 9.333333333333334, 13.0]",6.375782976235795
