,labelled data,weights,regret
0,50,"[1.4000000000000004, 1.660377358490566, 3.500000000000001, 2.290322580645162, 1.0, 1.0, 9.0, 8.5, 2.666666666666668, 0.626, 6.0, 3.5]",11.642913383386546
1,100,"[2.449999999999999, 1.2830188679245282, 3.500000000000001, 3.500000000000005, 1.0, 1.0, 9.0, 8.5, 2.666666666666668, 1.251, 6.0, 0.501]",17.07022098791196
