,labelled data,weights,regret
0,50,"[4.0, 3.0, 7.0, 11.0, 2.0, 3.0, 5.0, 10.0, 5.001, 2.0, 8.0, 5.0]",5.5084976183685805
1,100,"[6.0, 4.0, 9.0, 8.0, 2.0, 7.0, 3.0, 12.0, 4.001, 5.001, 8.0, 6.0]",6.708345160596403
