,weights,regret
0,"[0.6, 0.201, 0.001, 3.9000000000000017, 1.0, 1.0, 0.601, 0.30100000000000005, 3.600000000000002, 3.2000000000000015, 1.6, 3.100000000000001]",0.9955319381409593
