,weights,regret
0,"[1.1, 1.3000000000000003, 0.9, 0.7, 1.0, 1.1, 0.7000000000000001, 1.7000000000000006, 0.10000000000000014, 1.2833333333333337, 1.0, 0.1500000000000001]",0.3186803081233465
