,weights,regret
0,"[9.167666666666666, 41.0, 26.0, 21.416666666666668, 5.001000000000001, 10.001000000000001, 29.001000000000005, 50.001, 0.8343333333333334, 24.167666666666666, 19.16766666666667, 41.0]",0.8856875929937145
