,labelled data,weights,regret
0,50,"[1.2000000000000002, 1.2000000000000002, 1.7000000000000006, 1.7000000000000006, 1.1, 1.1, 1.2000000000000002, 0.9, 0.8833333333333333, 0.31666666666666676, 1.2000000000000002, 1.0666666666666667]",0.9302194920655408
1,100,"[1.2000000000000002, 1.2000000000000002, 1.7000000000000006, 1.4000000000000004, 1.1, 1.1, 1.6000000000000005, 1.0, 0.6833333333333333, 0.7886904761904765, 1.2000000000000002, 0.7466666666666664]",4.30844909002019
