,labelled data,weights,regret
0,50,"[1.6499999999999992, 0.5, 2.423076923076923, 0.001, 1.001, 3.0, 3.875, 2.625, 1.375, 1.875, 1.626, 0.5]",4.420551573710094
1,100,"[0.34999999999999876, 2.25, 3.3269230769230766, 0.001, 2.001, 3.0, 4.125, 4.375, 2.5, 1.375, 0.001, 0.751]",0.6387975541498108
