,labelled data,weights,regret
0,50,"[11.0, 21.0, 21.0, 31.0, 11.0, 21.0, 6.667666666666666, 35.001000000000005, 3.3343333333333343, 13.334333333333333, 21.0, 5.001000000000001]",0.20238658379557167
1,100,"[11.0, 21.0, 21.0, 31.0, 21.0, 31.0, 0.001, 35.001000000000005, 7.0009999999999994, 16.072428571428567, 31.0, 0.001000000000000334]",0.14506757751267282
