,labelled data,weights,regret
0,50,"[1.6, 1.0999999999999999, 2.8, 1.6000000000000005, 0.40000000000000013, 1.4000000000000004, 1.1000000000000003, 2.1, 1.2000000000000004, 0.001, 2.6000000000000005, 1.5999999999999999]",0.02080672105922026
1,100,"[1.2000000000000004, 1.1999999999999997, 3.1, 1.7000000000000006, 0.20000000000000015, 1.4000000000000004, 1.0000000000000004, 2.2, 1.1000000000000005, 0.401, 2.7000000000000006, 1.5999999999999999]",0.02461004191904712
