,weights,regret
0,"[7.729166666666665, 0.001, 3.77179723734624, 2.0, 2.501, 3.501, 4.3916666666666675, 0.001, 9.0, 4.625, 4.9208333333333325, 4.866666666666665]",0.16383930877036387
