,labelled data,weights,regret
0,50,"[1.5, 2.0, 2.0, 1.25, 1.0, 1.0, 3.0, 0.001, 0.251, 1.0833333333333333, 2.0, 2.5]",1.0716069549832394
1,100,"[2.0, 2.0, 2.5, 1.0, 1.0, 1.0, 3.0, 0.251, 0.0010000000000000009, 1.25, 2.0, 2.5]",1.4081013543648493
