,weights,regret
0,"[0.9450000000000005, 1.1999999999999993, 1.025, 1.3000000000000003, 1.1, 0.6000000000000001, 1.05, 1.2499999999999993, 1.1874999999999998, 1.0125000000000002, 0.8125000000000006, 0.8000000000000007]",0.527616605778583
