,labelled data,weights,regret
0,50,"[2.0, 2.320754716981132, 3.9166666666666656, 3.5806451612903207, 1.0, 1.0, 15.0, 11.0, 9.333333333333336, 3.751, 11.0, 10.0]",19.417096124746944
1,100,"[4.500000000000001, 1.3773584905660377, 8.5, 5.435483870967742, 4.5009999999999994, 1.0, 13.0, 11.0, 11.000000000000002, 13.751, 11.0, 7.0]",19.857511275961983
