,weights,regret
0,"[11.0, 11.0, 0.001, 21.0, 9.167666666666666, 10.001, 4.001000000000001, 5.001, 15.000999999999998, 37.66666666666667, 14.333333333333332, 33.0]",0.14442232956316436
