,labelled data,weights,regret
0,50,"[1.5, 1.5, 1.5, 1.5, 1.0, 1.0, 2.625, 1.5, 1.2500000000000002, 0.6416666666666667, 1.5, 0.8499999999999995]",0.8459915073178969
1,100,"[1.5, 1.5, 1.5, 0.8333333333333333, 1.0, 1.0, 2.75, 1.5, 1.166666666666667, 1.1416666666666666, 1.5, 1.2999999999999998]",0.5402908139606948
