,weights,regret
0,"[5.001, 31.0, 26.0, 28.334333333333337, 16.0, 11.0, 20.001, 57.501000000000005, 15.834333333333333, 60.16666666666667, 28.5, 70.83333333333333]",0.8629518970580591
