,weights,regret
0,"[0.001, 49.333333333333336, 37.323390028272385, 91.0, 50.001, 0.001, 9.858142857142855, 70.16766666666666, 22.917666666666662, 60.16666666666666, 0.001, 9.334333333333333]",0.5097342852857238
