,weights,regret
0,"[2.5, 5.5, 2.083333333333333, 0.001, 1.5, 2.5, 1.875, 7.0, 1.3343333333333334, 4.541666666666667, 2.0, 0.876]",0.15501359508869444
