,labelled data,weights,regret
0,50,"[11.0, 21.0, 31.0, 51.0, 30.000999999999998, 51.0, 0.001, 55.001000000000005, 13.334333333333333, 18.750999999999998, 41.0, 4.0009999999999994]",0.28648902378809044
1,100,"[11.0, 21.0, 31.0, 61.0, 30.000999999999998, 61.0, 10.001, 55.001000000000005, 13.334333333333333, 29.584333333333326, 41.0, 0.001]",0.22179269487243958
