,labelled data,weights,regret
0,50,"[0.40100000000000013, 2.4000000000000004, 1.7999999999999998, 2.000000000000001, 0.001, 2.100000000000001, 2.100000000000001, 2.900000000000001, 1.0000000000000007, 0.20100000000000007, 3.3000000000000003, 0.49999999999999994]",0.44568424156688863
1,100,"[0.10100000000000031, 2.5, 3.1, 2.4000000000000012, 0.101, 3.100000000000002, 1.8000000000000007, 3.4000000000000012, 1.2000000000000013, 0.001, 3.700000000000001, 0.7]",0.49845495817568064
