,labelled data,weights,regret
0,50,"[5.75, 1.876, 9.365384615384615, 6.0, 6.0, 0.001, 8.5, 5.375, 11.0, 6.2509999999999994, 8.5, 5.375]",41.678930750744534
1,100,"[1.5, 2.5009999999999994, 18.307692307692303, 6.0, 6.0, 0.001, 14.75, 2.875, 8.5, 3.126, 11.625, 6.625]",25.247760536046616
