,labelled data,weights,regret
0,50,"[5.0, 3.0, 8.0, 12.0, 0.001, 3.0, 9.0, 4.0, 3.0, 1.0010000000000003, 7.0, 9.0]",5.904833358011538
1,100,"[7.0, 6.0, 12.0, 6.0, 15.001, 7.0, 12.0, 8.0, 4.0, 6.001, 8.0, 6.001]",3.168286001064934
