,weights,regret
0,"[10.001, 3.334333333333335, 0.001, 25.000999999999998, 11.0, 10.001, 4.0009999999999994, 11.0, 10.001, 25.001, 10.001, 16.000999999999998]",0.1788044336127092
