,labelled data,weights,regret
0,50,"[1.1400000000000001, 1.2452830188679245, 1.333333333333334, 1.1451612903225805, 1.0, 1.0, 2.8000000000000007, 2.5, 0.9999999999999999, 0.751, 2.0, 1.0999999999999992]",3.530205360169473
1,100,"[1.1700000000000002, 1.3396226415094339, 1.5833333333333344, 1.032258064516129, 1.0, 1.0, 2.8000000000000007, 2.5, 0.9999999999999999, 1.376, 2.0, 0.30100000000000016]",3.1163724950797094
