,labelled data,weights,regret
0,50,"[0.0010000000000000009, 3.5, 2.0, 0.3343333333333333, 1.5, 2.5, 3.501, 3.001, 0.501, 6.416666666666667, 2.0, 1.001]",0.5446194638305661
1,100,"[0.0010000000000000009, 5.0, 2.5, 0.19544444444444442, 1.5, 2.5, 4.5009999999999994, 3.501, 1.251, 6.416666666666667, 2.0, 1.001]",0.8844605951785819
