,labelled data,weights,regret
0,50,"[0.5009999999999999, 7.5009999999999994, 8.211538461538462, 6.0, 6.0, 0.001, 9.376, 10.626, 9.125, 2.501, 0.001, 0.626]",7.170746797635559
1,100,"[0.001, 9.376, 15.230769230769226, 6.0, 6.0, 0.001, 17.500999999999998, 15.001, 12.875, 2.5009999999999994, 0.6259999999999999, 0.001]",6.4498052556171475
