,labelled data,weights,regret
0,50,"[101.0, 60.001000000000005, 151.0, 51.0, 61.0, 60.001, 111.0, 51.0, 51.0, 30.001000000000005, 111.0, 21.0]",1.779932139992468
1,100,"[21.0, 100.001, 161.0, 91.0, 31.0, 90.001, 81.0, 131.0, 100.001, 10.001, 151.0, 11.0]",0.6383786732073113
