,labelled data,weights,regret
0,50,"[0.5807619047619046, 7.483333333333334, 5.667666666666666, 0.001, 4.0009999999999994, 8.0, 6.0, 6.0, 2.001, 4.8343333333333325, 0.14385714285714285, 1.001]",0.17087464585245432
1,100,"[0.001, 12.300000000000002, 7.1676666666666655, 2.0009999999999994, 5.0009999999999994, 14.0, 8.5, 13.5, 0.2509999999999999, 10.001, 0.7271904761904762, 0.001]",0.13958584419689551
