,labelled data,weights,regret
0,50,"[3.5, 6.2509999999999994, 10.807692307692301, 11.0, 11.0, 0.001, 11.0, 12.25, 13.5, 6.0, 3.5, 0.001]",7.6988408244858295
1,100,"[3.5, 7.5009999999999994, 17.346153846153836, 11.0, 11.0, 0.001, 9.75, 16.0, 9.75, 9.75, 2.501, 10.001]",7.281568148477779
