,labelled data,weights,regret
0,50,"[1.08, 1.3018867924528301, 1.9166666666666683, 1.1532258064516128, 1.4500000000000004, 1.0, 2.6, 2.0, 0.6666666666666667, 1.875, 1.666666666666667, 0.8]",5.071568809983347
1,100,"[1.12, 1.4528301886792452, 2.0416666666666683, 1.1209677419354838, 1.4500000000000004, 1.0, 2.6, 2.0, 0.6666666666666667, 2.625, 1.666666666666667, 0.8009999999999999]",3.2209017352510108
