,weights,regret
0,"[36.0, 0.001, 0.001, 16.226190476190478, 1.0, 1.0, 10.251000000000001, 0.001, 116.0, 39.76290476190476, 11.0, 12.001000000000001]",0.22095611601133597
