,labelled data,weights,regret
0,50,"[2.0, 4.0, 3.0, 0.001, 2.0, 1.0, 2.001, 6.0009999999999994, 2.001, 7.0009999999999994, 3.0, 2.001]",17.62791353879916
1,100,"[1.0009999999999994, 6.0, 6.0, 0.001, 2.0, 2.0, 5.0009999999999994, 8.001, 3.001, 10.001, 4.0, 0.001]",1.5795514935472486
