,labelled data,weights,regret
0,50,"[0.001, 41.0, 21.0, 5.0, 1.0, 11.0, 40.001, 30.000999999999998, 0.001, 39.333333333333336, 21.0, 20.000999999999998]",4.885420810395206
1,100,"[10.000999999999998, 91.0, 41.0, 7.501, 11.0, 21.0, 40.001, 60.001, 2.5009999999999994, 99.33333333333334, 41.0, 36.33433333333333]",4.767605337269682
