,labelled data,weights,regret
0,50,"[11.0, 11.0, 31.0, 31.0, 20.000999999999998, 31.0, 41.0, 45.001000000000005, 21.0, 5.0009999999999994, 21.0, 1.6676666666666673]",0.9425673974218797
1,100,"[11.0, 11.0, 31.0, 21.0, 20.000999999999998, 31.0, 61.0, 45.001000000000005, 21.0, 5.834333333333337, 21.0, 0.001000000000000334]",0.40426643252256683
