,labelled data,weights,regret
0,50,"[0.401, 2.1, 2.5, 0.40000000000000013, 1.0, 1.4000000000000004, 2.600000000000001, 2.7000000000000006, 1.0000000000000002, 1.9, 0.101, 0.6]",0.1251436865807019
1,100,"[0.101, 2.6000000000000005, 2.4, 0.6000000000000001, 0.9, 1.8000000000000007, 2.500000000000001, 2.7000000000000006, 1.6, 1.7999999999999998, 0.4009999999999999, 0.401]",0.12681317959347901
