,labelled data,weights,regret
0,50,"[2.5000000000000004, 5.716981132075475, 7.666666666666667, 2.532258064516129, 7.5, 1.0, 15.0, 16.0, 3.334333333333333, 15.001, 10.999999999999998, 12.0]",12.869666018366896
1,100,"[1.1, 8.169811320754725, 9.333333333333332, 1.2419354838709675, 7.5, 1.0, 19.0, 16.0, 0.001, 21.250999999999998, 10.999999999999998, 10.001]",7.938472910404429
