,labelled data,weights,regret
0,50,"[6.0, 6.0, 6.0, 11.0, 6.0, 11.0, 18.5, 10.001000000000001, 7.5009999999999994, 3.3343333333333316, 11.0, 0.001]",1.0804075464855771
1,100,"[6.0, 6.0, 6.0, 6.0, 6.0, 11.0, 26.0, 10.001000000000001, 7.5009999999999994, 5.298619047619045, 11.0, 0.001]",0.23995637715935847
