,labelled data,weights,regret
0,50,"[5.0, 4.167666666666667, 12.333333333333334, 6.0, 6.0, 0.001, 6.0, 5.375, 7.875, 4.75, 8.5, 3.001]",23.344721888584473
1,100,"[6.0, 6.667666666666666, 16.66666666666667, 6.0, 6.0, 0.001, 8.5, 9.75, 9.125, 6.0, 8.5, 1.0009999999999994]",26.732865562406566
