,weights,regret
0,"[49.08333333333333, 11.405761904761905, 20.001, 10.001000000000001, 25.001, 5.001000000000001, 35.416666666666664, 10.203380952380952, 3.751, 18.5, 36.41766666666666, 3.453380952380952]",0.31006501729947056
