,weights,regret
0,"[1.0679999999999976, 0.9924528301886791, 1.0, 1.0733870967741905, 1.0, 1.0, 1.2200000000000002, 1.1, 0.9833333333333335, 1.0874999999999997, 1.1, 0.94]",5.103248352505665
