,weights,regret
0,"[1.028999999999998, 1.0188679245283028, 1.0083333333333333, 1.0709677419354793, 1.0, 1.0, 1.2600000000000002, 1.1, 0.9500000000000001, 0.9625000000000001, 1.1, 1.1]",0.7665374531249888
