,labelled data,weights,regret
0,50,"[0.75, 1.3333333333333333, 1.0, 0.001, 1.0, 1.0, 1.5, 1.5, 1.0, 1.0, 0.75, 0.5]",4.910614738216056
1,100,"[0.75, 1.3333333333333333, 1.0, 0.001, 1.0, 1.0, 1.5, 1.5, 1.0, 1.0, 0.75, 0.5]",11.332177566559439
