,weights,regret
0,"[5.0, 4.0, 2.001, 0.9166666666666663, 2.0, 2.0, 1.5, 6.0, 1.3333333333333335, 3.6815476190476186, 4.0, 0.751]",0.07003378042900293
