,labelled data,weights,regret
0,50,"[0.6, 1.3000000000000003, 1.9000000000000006, 1.5000000000000002, 0.9, 1.0, 0.6, 2.200000000000001, 0.4999999999999998, 1.6999999999999995, 1.5, 1.4999999999999996]",32.55766056332575
1,100,"[0.30000000000000004, 2.4000000000000012, 1.9000000000000006, 0.30000000000000016, 0.9, 1.0, 1.2, 2.6000000000000014, 0.7999999999999997, 2.0999999999999996, 1.5, 0.8999999999999992]",9.674282339553509
