,iter,time exp 1,time exp 2
0,1,7.273443698883057,0.5721347332000732
