,labelled data,weights,regret
0,50,"[1.5, 2.0, 2.0, 0.5, 1.0, 1.0, 4.0, 0.001, 0.251, 0.251, 3.0, 3.0]",3.1693355102900176
1,100,"[2.5, 2.5, 2.5, 1.1666666666666667, 1.0, 1.0, 4.0, 0.001, 0.41766666666666663, 0.3676666666666667, 3.0, 3.0]",2.7736213409714523
