,labelled data,weights,regret
0,50,"[2.0, 2.5, 4.5, 6.0, 2.501, 3.001, 0.501, 6.0, 1.0, 4.0, 4.0, 1.0]",287.16413464549373
1,100,"[0.501, 5.5, 5.0, 3.0, 3.001, 3.001, 1.001, 6.5, 1.0, 6.0, 4.0, 3.0]",12.688647034800725
