,weights,regret
0,"[3.917666666666669, 54.999999999999986, 24.354513477578493, 50.001, 31.0, 100.001, 107.97619047619048, 79.33333333333334, 29.584333333333348, 0.001, 63.09623809523809, 0.001]",1.1063450846013971
