,labelled data,weights,regret
0,50,"[0.001, 3.975, 1.501, 0.5009999999999999, 1.5, 4.0, 1.541666666666667, 3.5, 1.251, 2.559333333333333, 0.001, 0.08433333333333332]",0.1182025402991271
1,100,"[0.006357142857142867, 7.266666666666667, 2.6176666666666666, 0.001, 3.0, 4.5, 2.6250000000000004, 4.5, 1.8343333333333331, 4.034333333333333, 0.15933333333333338, 0.001]",0.2184035341980933
