,labelled data,weights,regret
0,50,"[10.001000000000005, 71.0, 51.0, 10.001, 11.0, 11.0, 20.000999999999998, 51.0, 10.001, 60.001, 21.0, 40.001000000000005]",12.301462730496247
1,100,"[40.001000000000005, 91.0, 81.0, 10.001000000000005, 21.0, 41.0, 60.001, 81.0, 10.000999999999998, 140.001, 51.0, 30.001000000000005]",7.2065585216233545
