,weights,regret
0,"[0.6999999999999991, 3.3333333333333357, 0.570833333333334, 0.001, 1.5, 2.0, 0.8125, 3.5625, 1.3125, 0.626, 1.6642857142857141, 0.0635]",0.09444614595388987
