,labelled data,weights,regret
0,50,"[10.001000000000001, 26.0, 21.0, 0.001, 6.0, 6.0, 10.001000000000001, 31.0, 10.001000000000001, 30.001, 16.0, 20.001]",16.987446205245675
1,100,"[0.001, 26.0, 31.0, 5.001, 6.0, 6.0, 30.001, 41.0, 5.001000000000001, 50.001000000000005, 16.0, 25.001]",6.028724462986437
