,weights,regret
0,"[1.250000000000001, 0.875, 2.038461538461538, 1.5, 0.001, 2.0, 1.9375, 2.1875, 1.625, 1.125, 1.25, 1.8125]",2.335842596857812
