,weights,regret
0,"[0.0010000000000000286, 2.9000000000000017, 4.033333333333336, 0.0010000000000000009, 1.5, 2.0, 2.125, 3.1875, 2.8125, 1.75, 0.0635, 0.4010000000000003]",0.08350226197763135
