,weights,regret
0,"[1.1999999999999986, 0.251, 2.4326923076923075, 1.5, 2.0, 0.001, 0.8125, 1.5, 1.1875, 2.8125, 0.4385, 2.3125]",0.3457656750918999
