,labelled data,weights,regret
0,50,"[42.301587301587304, 34.66766666666667, 51.0, 61.0, 0.001, 60.001, 53.66666666666667, 30.16766666666667, 30.000999999999998, 25.000999999999998, 77.58333333333334, 14.167666666666666]",1.842392405609514
1,100,"[16.03968253968254, 72.85814285714287, 73.0, 91.0, 0.001, 120.001, 67.28571428571428, 50.16766666666667, 20.001000000000005, 3.3343333333333334, 104.75000000000001, 6.501]",0.13862473801411962
