,labelled data,weights,regret
0,50,"[2.0, 2.0, 2.0, 3.0, 1.0, 3.0, 4.0, 3.001, 0.8343333333333334, 1.376, 2.0, 1.6666666666666667]",0.5443532005365018
1,100,"[2.0, 2.0, 2.0, 5.0, 2.0, 3.0, 2.5, 3.001, 0.8343333333333334, 1.2688571428571427, 3.0, 1.4000000000000001]",0.45069113368909985
