,labelled data,weights,regret
0,50,"[0.5699999999999998, 1.674999999999999, 1.32, 0.8, 0.9, 1.3000000000000003, 1.349999999999999, 1.4999999999999996, 1.2374999999999994, 0.9499999999999997, 0.3524999999999998, 0.3999999999999998]",0.52253464713732
1,100,"[0.4999999999999998, 1.6499999999999981, 1.6133333333333337, 0.6000000000000001, 1.1, 1.3000000000000003, 1.3874999999999988, 1.6249999999999991, 1.2999999999999992, 1.096428571428571, 0.0010000000000000009, 0.6]",0.5224978070330676
