,weights,regret
0,"[0.001, 3.000000000000001, 3.0000000000000004, 0.6000000000000001, 2.200000000000001, 1.4000000000000004, 3.100000000000001, 2.200000000000002, 2.500000000000001, 1.1999999999999997, 0.001, 2.299999999999999]",0.44936703282375545
