,weights,regret
0,"[1.3349999999999946, 1.1226415094339635, 1.0624999999999998, 1.10483870967742, 1.0, 1.0, 2.2000000000000006, 1.5, 0.8333333333333337, 0.4385, 1.5, 0.001]",84.6932827166307
