,weights,regret
0,"[6.5, 2.0, 0.001, 5.3759999999999994, 2.5, 1.001, 8.0, 0.001, 11.416666666666668, 3.4488095238095244, 2.25, 6.75]",1.2460014127041663
