,labelled data,weights,regret
0,50,"[0.001, 6.25, 6.0009999999999994, 6.0009999999999994, 1.001, 5.0, 4.833333333333334, 0.001, 6.5009999999999994, 0.001, 9.27004761904762, 0.001]",1.3227766366213671
1,100,"[1.501, 5.516666666666666, 9.001, 5.0009999999999994, 3.0009999999999994, 11.0, 7.900000000000002, 4.100999999999999, 2.4176666666666655, 1.3343333333333331, 13.77004761904762, 0.001]",0.39176965026603966
