,weights,regret
0,"[1.526198412698413, 3.626190476190476, 2.0, 1.501, 2.5, 3.0, 2.25, 3.5226190476190475, 2.3333333333333335, 5.0, 0.8212380952380953, 1.1676666666666669]",0.09932054322432561
