,labelled data,weights,regret
0,50,"[1.0, 1.0, 0.9500000000000001, 0.6749999999999997, 1.0, 1.0, 1.4000000000000004, 1.1, 0.8833333333333333, 0.5999999999999994, 1.0, 1.1]",0.5856322679781408
1,100,"[1.0, 1.0, 0.9500000000000001, 0.5999999999999996, 1.0, 1.0, 1.4800000000000004, 1.1, 0.8499999999999999, 0.5999999999999992, 1.0, 1.1]",0.5363897643476723
