,labelled data,weights,regret
0,50,"[0.5799473684210527, 4.334333333333333, 6.666666666666666, 0.5394615384615384, 3.0, 3.6666666666666665, 3.3, 9.0, 0.9009999999999999, 9.75, 4.0, 4.817666666666667]",0.9149405071975011
1,100,"[0.001, 7.334333333333333, 10.666666666666666, 0.1176666666666667, 4.0, 3.6666666666666665, 3.3, 11.0, 1.8343333333333334, 16.75, 4.0, 5.817666666666667]",2.062096847465066
