,labelled data,weights,regret
0,50,"[1.4499999999999995, 0.75, 2.0576923076923075, 1.001, 0.001, 3.0, 3.375, 2.0, 1.0, 2.0, 1.626, 0.375]",7.796352750993959
1,100,"[0.44999999999999907, 2.0, 3.249999999999998, 0.001, 1.001, 3.0, 5.5, 3.625, 2.5, 2.75, 0.751, 1.001]",0.42800795627663824
