,weights,regret
0,"[2.2499999999999987, 0.7416666666666665, 2.3666666666666663, 0.001, 1.5, 2.0, 3.0625, 1.9375, 1.4375, 1.75, 2.3249999999999993, 1.5]",0.23796503582853792
