,labelled data,weights,regret
0,50,"[0.001, 2.0, 2.0, 1.0, 1.0, 1.0, 3.0, 0.5, 0.001, 0.001, 1.0, 2.0]",1.2461612863502918
1,100,"[0.8343333333333334, 2.0, 2.0, 0.5833333333333333, 1.0, 1.0, 3.5, 0.001, 0.3343333333333333, 0.5009999999999999, 1.0, 2.0]",1.4008273841203227
