,labelled data,weights,regret
0,50,"[0.7000000000000001, 1.0, 1.1, 0.5000000000000001, 1.0, 1.0, 0.7999999999999999, 1.6000000000000005, 0.10000000000000014, 1.6000000000000005, 0.9, 0.6000000000000001]",11.714982605717498
1,100,"[0.40000000000000013, 1.6000000000000005, 1.1, 0.10000000000000009, 1.0, 1.0, 0.8999999999999999, 1.7000000000000006, 0.10000000000000014, 1.8000000000000007, 0.9, 0.8000000000000002]",8.532811896012497
