,labelled data,weights,regret
0,50,"[11.0, 11.0, 11.0, 27.66666666666666, 12.501, 11.0, 6.001, 15.001000000000001, 1.0000000000000027, 11.0, 11.0, 9.0]",0.33485349872163156
1,100,"[11.0, 6.0, 11.0, 27.66666666666666, 12.501, 11.0, 6.001, 15.001000000000001, 10.001, 23.5, 14.333333333333332, 5.0]",1.8294020567697031
