,labelled data,weights,regret
0,50,"[26.0, 16.0, 56.0, 26.0, 21.0, 1.0, 56.0, 0.001, 6.0, 10.001, 36.0, 71.0]",2.1433167504629873
1,100,"[36.0, 41.0, 61.0, 1.0, 21.0, 1.0, 56.0, 15.000999999999998, 16.0, 25.000999999999998, 36.0, 71.0]",5.175537959327637
