,labelled data,weights,regret
0,50,"[3.0, 2.0, 4.0, 8.0, 2.001, 4.0009999999999994, 0.001, 8.0, 1.0009999999999994, 2.0009999999999994, 3.001, 2.001]",2.187152365447047
1,100,"[5.0, 1.001, 5.0, 8.0, 3.001, 9.001, 1.001, 9.0, 1.001, 3.0009999999999994, 5.0009999999999994, 1.001]",1.567734841393785
