,weights,regret
0,"[36.60814285714285, 38.810523809523794, 109.33333333333333, 150.001, 181.0, 0.001, 20.000999999999998, 31.239095238095242, 77.501, 69.0, 57.57242857142856, 32.893857142857144]",1.832827141775066
