,weights,regret
0,"[6.0, 16.0, 11.0, 31.0, 16.0, 15.001000000000001, 22.500999999999998, 32.501, 21.0, 0.001, 13.334333333333333, 28.251]",4.925176013107142
