,weights,regret
0,"[0.6930555555555555, 3.0759999999999987, 3.5, 7.0, 8.0, 0.001, 1.5, 4.708333333333333, 6.5, 0.001, 0.001, 0.001]",0.7170412460130607
