,labelled data,weights,regret
0,50,"[1.5, 1.5, 1.5, 1.8333333333333335, 1.0, 1.0, 0.001, 1.5, 1.0000000000000004, 2.2500000000000004, 1.5, 1.2499999999999998]",1.0241873504744767
1,100,"[1.5, 1.5, 1.5, 3.1666666666666656, 1.0, 1.0, 0.001, 1.5, 1.0000000000000004, 1.1666666666666665, 1.9999999999999996, 0.049999999999999684]",0.18801250743304543
