,labelled data,weights,regret
0,50,"[1.5, 1.75, 1.5, 2.6666666666666665, 1.0, 1.0, 0.001, 1.0, 1.2500000000000002, 1.625, 1.5, 0.8999999999999996]",1.4851562623290724
1,100,"[1.5, 1.75, 1.5, 3.3333333333333326, 1.0, 1.5, 0.0010000000000000009, 1.0, 1.0833333333333337, 1.125, 1.9999999999999996, 0.001]",0.14303393279996987
