,labelled data,weights,regret
0,50,"[131.0, 50.001000000000005, 231.0, 71.0, 0.001, 130.001, 80.001, 151.0, 70.001, 20.000999999999998, 151.0, 51.0]",0.838675266161592
1,100,"[171.0, 40.001000000000005, 281.0, 81.0, 0.001, 230.001, 80.001, 211.0, 40.001000000000005, 30.001, 201.0, 71.0]",0.41681638851878916
