,weights,regret
0,"[2.4000000000000004, 0.9999999999999997, 2.5, 1.7000000000000006, 0.9, 1.7000000000000006, 1.2, 2.3000000000000003, 0.7000000000000002, 1.8000000000000003, 1.5999999999999999, 1.5999999999999994]",6.930678938204349
