,weights,regret
0,"[0.9700000000000013, 1.0943396226415103, 1.312499999999999, 1.0483870967741944, 1.0, 1.0, 2.2000000000000006, 1.5, 0.666666666666667, 1.75, 1.5, 2.4999999999999987]",0.7735178114957271
