,weights,regret
0,"[0.9, 0.4666666666666668, 0.40000000000000013, 2.141666666666667, 0.9, 0.9, 0.051000000000000004, 0.30100000000000005, 2.000000000000001, 2.1416666666666675, 0.9, 1.1500000000000001]",0.11673319307503952
