,labelled data,weights,regret
0,50,"[4.0009999999999994, 8.0, 8.0, 1.0, 1.0, 2.0, 7.0, 11.0, 2.0, 8.001000000000001, 8.0, 7.0]",13.811544444015196
1,100,"[58.001, 10.0, 8.0, 65.001, 2.0, 2.0, 11.0, 14.0, 5.0, 15.001000000000001, 9.0, 8.0]",566.6585388264492
