,labelled data,weights,regret
0,50,"[11.0, 21.0, 71.0, 51.0, 71.0, 1.0, 51.0, 90.001, 10.001000000000001, 60.001, 71.0, 91.0]",17.697684728365005
1,100,"[41.0, 41.0, 71.0, 111.0, 71.0, 81.0, 61.0, 100.001, 30.001, 40.001000000000005, 81.0, 40.001000000000005]",3.541906563455305
