,labelled data,weights,regret
0,50,"[11.0, 21.0, 21.0, 21.0, 10.001, 41.0, 25.001, 45.001000000000005, 18.334333333333333, 48.751, 31.0, 29.000999999999998]",11.946278774978726
1,100,"[51.0, 51.0, 51.0, 7.778777777777778, 10.001, 41.0, 45.001000000000005, 55.001000000000005, 13.334333333333333, 48.751, 31.0, 9.000999999999998]",30.313501397364742
