,labelled data,weights,regret
0,50,"[1.5, 1.5, 1.5, 0.8333333333333333, 1.0, 1.0, 1.75, 1.5, 1.166666666666667, 2.083333333333333, 1.5, 1.5]",75.36161845165593
1,100,"[1.5, 1.5, 1.75, 0.6666666666666666, 1.0, 1.0, 1.5, 1.5, 1.166666666666667, 2.3333333333333335, 1.5, 1.6500000000000001]",64.77946263330239
