,labelled data,weights,regret
0,50,"[1.08, 1.3018867924528301, 1.333333333333334, 1.2822580645161288, 1.0, 1.0, 2.6000000000000005, 2.5, 1.1666666666666665, 0.251, 2.0, 0.9999999999999992]",11.754388734451714
1,100,"[1.07, 1.320754716981132, 1.4166666666666674, 1.3467741935483868, 1.0, 1.0, 2.6000000000000005, 2.5, 1.1666666666666665, 0.126, 2.0, 0.001]",5.471206017603113
