,labelled data,weights,regret
0,50,"[0.6500000000000001, 0.875, 2.9615384615384617, 1.001, 2.001, 0.001, 3.0, 1.125, 1.625, 0.251, 1.625, 1.501]",5.319286714924985
1,100,"[0.001, 1.75, 3.942307692307691, 0.001, 2.001, 2.001, 3.0, 0.75, 0.001, 0.001, 3.125, 1.626]",0.48050091509793585
