,weights,regret
0,"[1.8999999999999992, 1.8000000000000007, 2.6999999999999997, 1.9000000000000008, 1.4000000000000004, 0.20000000000000015, 0.3, 2.3000000000000007, 2.5000000000000004, 1.9000000000000001, 0.9999999999999992, 0.30100000000000005]",0.5938268876704784
