,labelled data,weights,regret
0,50,"[0.501, 7.5, 10.501, 0.5, 0.5009999999999999, 3.0, 3.001, 5.0009999999999994, 4.5009999999999994, 5.5009999999999994, 0.501, 1.501]",0.17981338638570055
1,100,"[0.001, 9.0, 10.501, 1.501, 1.501, 4.5, 3.5009999999999994, 6.0009999999999994, 4.5009999999999994, 6.0009999999999994, 0.001, 0.001]",0.15333521938943906
