,labelled data,weights,regret
0,50,"[0.7300000000000004, 1.2624999999999993, 1.1211538461538457, 0.8, 1.0, 1.4000000000000004, 1.2999999999999994, 1.4249999999999992, 1.2874999999999994, 1.0749999999999997, 0.20000000000000043, 0.7875000000000008]",1.1135189574389115
1,100,"[0.7500000000000004, 1.3499999999999988, 1.1634615384615379, 0.9, 0.9, 1.4000000000000004, 1.3749999999999991, 1.6874999999999982, 1.2374999999999996, 1.1249999999999996, 0.2125000000000004, 0.6375000000000012]",1.0059471339327024
