,weights,regret
0,"[16.667666666666666, 20.000999999999998, 10.001000000000001, 6.0009999999999994, 11.0, 11.0, 12.001000000000001, 11.0, 15.000999999999998, 16.667666666666662, 11.667666666666666, 13.001]",0.32194420914079575
