,labelled data,weights,regret
0,50,"[0.05457142857142855, 5.983333333333333, 3.3, 0.001, 4.0009999999999994, 6.0, 5.167666666666666, 5.434333333333333, 3.001, 7.5009999999999994, 0.05457142857142855, 0.751]",0.21641083346861675
1,100,"[1.7843333333333335, 7.500000000000002, 7.199999999999999, 1.001, 4.0009999999999994, 13.0, 9.251, 13.434333333333333, 0.001, 11.251000000000001, 0.9271904761904761, 0.8010000000000002]",0.1315726185549231
