,weights,regret
0,"[6.0, 16.0, 11.0, 3.334333333333333, 4.445444444444445, 1.0, 6.0009999999999994, 10.001000000000001, 9.333333333333334, 27.66666666666666, 9.333333333333334, 2.0]",20.221413294726258
