,weights,regret
0,"[0.7599999999999998, 1.125, 1.253846153846153, 0.7000000000000001, 1.1, 1.2000000000000002, 1.2374999999999996, 1.1999999999999993, 1.025, 0.6750000000000002, 0.7625000000000002, 0.7500000000000001]",6.115818725946325
