,labelled data,weights,regret
0,50,"[20.000999999999998, 31.0, 41.0, 20.001, 11.0, 1.0, 30.001, 70.001, 20.000999999999998, 40.001, 31.0, 20.001]",16.72587656969655
1,100,"[30.000999999999998, 61.0, 61.0, 0.001, 11.0, 11.0, 50.001000000000005, 90.001, 10.000999999999998, 90.001, 41.0, 40.001]",8.561583596220894
