,labelled data,weights,regret
0,50,"[0.001, 4.491666666666667, 1.451, 0.001, 1.5, 3.5, 4.125, 4.041666666666666, 1.9385, 3.533333333333333, 0.001, 0.08433333333333326]",0.19470104970563387
1,100,"[0.23016666666666658, 4.491666666666668, 3.8676666666666666, 1.001, 2.501, 6.5, 6.375, 5.374999999999999, 1.501, 6.533333333333333, 0.34802380952380957, 0.5426666666666666]",0.15031519396739285
