,weights,regret
0,"[2.001, 11.0, 11.0, 0.001, 15.001, 10.001, 16.0, 10.001, 8.334333333333333, 15.001000000000001, 7.666666666666668, 36.0]",0.275368479688841
