,labelled data,weights,regret
0,50,"[2.1, 1.625, 2.1000000000000014, 1.5, 0.001, 2.0, 1.75, 1.5625, 0.75, 1.9375, 1.125, 0.75]",11.064401291224032
1,100,"[1.1499999999999997, 2.0, 2.6333333333333346, 2.0, 0.001, 2.0, 2.25, 1.75, 0.8125, 1.625, 0.875, 0.001]",8.078193631444
