,labelled data,weights,regret
0,50,"[0.001, 3.264150943396226, 11.416666666666663, 1.8870967741935478, 1.0, 1.0, 11.0, 16.0, 1.6676666666666664, 5.0009999999999994, 7.666666666666666, 9.001]",18.326217791914033
1,100,"[0.2009999999999997, 1.7547169811320753, 13.499999999999993, 5.112903225806454, 2.001, 1.0, 13.0, 16.0, 3.334333333333333, 7.5009999999999994, 14.33333333333333, 24.000999999999998]",18.944468400770685
