,labelled data,weights,regret
0,50,"[2.0000000000000004, 1.9433962264150941, 1.833333333333333, 3.6612903225806432, 1.5, 3.0, 15.0, 11.0, 6.000000000000002, 1.0, 11.0, 10.0]",11.831251969753383
1,100,"[2.3000000000000007, 2.5094339622641506, 1.833333333333333, 5.516129032258069, 1.5, 3.0, 15.0, 11.0, 6.000000000000002, 1.0, 11.0, 10.0]",12.834073736863418
