,labelled data,weights,regret
0,50,"[0.001, 28.751, 14.126000000000001, 0.0010000000000012221, 6.0, 41.0, 6.0, 34.75, 18.750999999999998, 15.499999999999995, 0.001, 0.001]",0.2628848423223272
1,100,"[1.876, 40.001, 29.126, 10.001000000000001, 31.0, 51.0, 21.0, 42.25, 14.167666666666662, 40.66666666666666, 5.084333333333333, 0.001]",0.1576246891616906
