,weights,regret
0,"[2.6, 1.2, 3.1, 1.2000000000000002, 1.6000000000000005, 1.2000000000000002, 2.700000000000001, 1.1000000000000012, 1.8000000000000005, 1.7000000000000004, 1.9999999999999996, 1.2999999999999998]",0.33452066229596067
