,labelled data,weights,regret
0,50,"[20.000999999999998, 30.000999999999998, 65.001, 0.001, 11.0, 11.0, 25.000999999999998, 30.000999999999998, 3.3343333333333334, 18.57242857142857, 21.0, 71.0]",2.734065245278453
1,100,"[30.000999999999998, 60.001, 85.001, 33.33433333333333, 31.0, 21.0, 65.001, 0.0010000000000012221, 15.000999999999998, 21.667666666666662, 71.0, 81.0]",0.5321590357439402
