,weights,regret
0,"[1.0600000000000014, 1.1415094339622651, 1.3124999999999993, 1.0201612903225812, 1.0, 1.0, 2.400000000000001, 1.5, 0.7500000000000003, 2.0, 1.5, 2.399999999999999]",0.7735178114957271
