,labelled data,weights,regret
0,50,"[9.179571428571428, 22.167666666666666, 33.5, 11.0, 41.0, 50.001, 78.5, 48.49999999999999, 21.667666666666666, 50.85814285714285, 0.001, 0.001]",0.2147857218388169
1,100,"[10.774809523809523, 65.66766666666663, 53.5, 31.0, 61.0, 100.001, 74.16666666666667, 103.5, 31.667666666666662, 112.5248095238095, 8.524809523809523, 0.4771904761904775]",0.13991971626606217
