,labelled data,weights,regret
0,50,"[6.0, 10.001, 27.666666666666668, 0.001, 11.0, 11.0, 12.25, 7.25, 9.75, 4.286714285714285, 21.0, 6.667666666666667]",0.5688793576265249
1,100,"[6.0, 6.0009999999999994, 31.000000000000004, 0.001, 11.0, 11.0, 14.75, 6.0, 7.25, 10.001000000000001, 21.0, 11.667666666666666]",0.800439916632736
