,labelled data,weights,regret
0,50,"[1.0, 1.0, 1.0, 1.0, 1.0, 1.0, 0.95, 1.05, 1.0, 1.1, 0.9, 1.0]",10.072596796586733
1,100,"[1.0, 1.0, 1.0, 1.0, 1.0, 1.0, 0.95, 1.05, 1.0, 1.1, 0.9, 1.0]",9.761284410727685
