,labelled data,weights,regret
0,50,"[1.0, 2.0, 2.5, 0.25, 1.0, 1.0, 3.0, 0.501, 0.251, 0.7916666666666665, 2.0, 2.5]",0.6322574926517472
1,100,"[2.5, 3.0, 3.0, 0.501, 1.5, 1.0, 3.0, 0.001, 0.0010000000000000009, 0.5009999999999999, 2.5, 2.5]",0.6746395238521316
