,weights,regret
0,"[1.1400000000000012, 1.1603773584905657, 1.270833333333333, 1.2298387096774206, 1.0, 1.0, 1.9000000000000004, 1.5, 1.0833333333333337, 0.75, 1.5, 2.749999999999998]",2.2512306718529103
