,labelled data,weights,regret
0,50,"[0.001, 16.250999999999998, 14.846153846153845, 11.0, 11.0, 0.001, 22.25, 26.0, 21.0, 2.25, 0.001000000000000334, 0.001]",6.992670334369949
1,100,"[7.5009999999999994, 13.750999999999998, 26.96153846153846, 0.001, 21.0, 20.000999999999998, 34.75, 34.75, 29.75, 12.25, 11.251000000000001, 7.5009999999999994]",0.8960625798481271
