,labelled data,weights,regret
0,50,"[10.50695238095238, 15.417666666666666, 24.5, 21.0, 10.001000000000001, 26.0, 15.226190476190474, 25.666666666666668, 13.750999999999998, 2.9176666666666655, 44.41666666666667, 2.501]",0.38001793244967247
1,100,"[16.649809523809523, 25.41766666666668, 45.75, 46.0, 10.001000000000001, 46.0, 43.14285714285714, 35.66666666666667, 11.251, 0.001, 54.66666666666667, 6.6676666666666655]",0.36709518186847073
