,weights,regret
0,"[0.7299999999999998, 1.2249999999999996, 1.1538461538461533, 0.6000000000000001, 1.2000000000000002, 1.2000000000000002, 1.0374999999999996, 1.1, 1.0624999999999996, 1.1249999999999996, 0.23750000000000027, 0.8749999999999999]",1.1493498122156283
