,labelled data,weights,regret
0,50,"[22.500999999999998, 30.000999999999998, 60.001, 20.000999999999998, 21.0, 11.0, 58.001, 30.001, 43.33433333333333, 0.001, 20.000999999999998, 8.889888888888889]",0.7810606239812586
1,100,"[42.501, 40.001, 60.001, 8.57242857142857, 11.0, 21.0, 68.001, 40.001000000000005, 33.33433333333333, 10.001000000000001, 30.000999999999998, 9.001]",0.7213440227817624
