,labelled data,weights,regret
0,50,"[3.0, 3.0, 3.0, 6.0, 2.0, 4.0, 0.501, 6.5009999999999994, 1.8343333333333334, 3.5010000000000003, 3.0, 0.001]",0.28597388697977016
1,100,"[3.0, 2.0, 3.0, 6.0, 0.2867142857142857, 6.0, 0.001, 6.5009999999999994, 2.8343333333333334, 5.2509999999999994, 3.0, 1.251]",0.6785593632155742
