,labelled data,weights,regret
0,50,"[1.0, 3.0, 3.5, 1.5, 1.0, 1.0, 6.5, 2.0, 0.501, 2.001, 4.5, 6.5]",4.669017132343234
1,100,"[3.001, 4.0, 4.5, 0.5, 1.0, 1.0, 6.5, 0.5, 1.001, 2.001, 5.0, 6.5]",4.435779114601662
