,labelled data,weights,regret
0,50,"[0.6399999999999997, 1.4950000000000006, 1.1400000000000003, 0.40000000000000013, 1.4000000000000004, 1.4000000000000004, 1.2374999999999996, 1.2499999999999993, 1.1874999999999996, 1.2750000000000001, 0.27749999999999986, 0.6749999999999999]",1.2191712667206391
1,100,"[0.4699999999999995, 1.6750000000000007, 1.3333333333333344, 0.40000000000000013, 1.4000000000000004, 1.4000000000000004, 1.387499999999999, 1.4374999999999987, 1.2374999999999994, 1.2750000000000001, 0.07749999999999976, 0.4249999999999997]",0.8861829652024611
