,weights,regret
0,"[0.45100000000000007, 4.96052380952381, 2.875, 4.0009999999999994, 6.5, 3.0, 5.2892857142857155, 7.75, 2.0635, 3.276, 3.349999999999999, 0.001]",0.17948838918036722
