,labelled data,weights,regret
0,50,"[2.0, 2.0, 3.0, 3.0, 1.0, 2.0, 4.0, 4.5009999999999994, 2.0, 1.876, 2.0, 0.001]",0.34953896398118206
1,100,"[2.0, 2.0, 3.0, 8.0, 1.0, 3.0, 1.5, 5.5009999999999994, 0.001, 2.56647619047619, 3.0, 2.0676666666666668]",1.5110213921254743
