,labelled data,weights,regret
0,50,"[21.0, 16.0, 21.0, 1.0, 1.0, 1.0, 26.0, 0.001, 2.501, 2.501, 21.0, 26.0]",3.4099424589225804
1,100,"[26.0, 26.0, 31.0, 9.167666666666666, 6.0, 1.0, 31.0, 5.0009999999999994, 0.001, 0.001000000000000334, 26.0, 26.0]",0.7001293669535616
