,labelled data,weights,regret
0,50,"[1.5, 2.0, 2.0, 3.0, 1.0, 2.0, 0.001, 3.0, 0.0010000000000000009, 1.083333333333333, 1.5, 0.251]",0.16622555423477964
1,100,"[1.5, 2.0, 2.0, 3.0, 1.5, 3.0, 0.501, 3.0, 0.626, 1.5750000000000002, 2.0, 0.001]",0.1656818051862851
