,labelled data,weights,regret
0,50,"[0.9999999999999999, 1.5000000000000002, 1.6000000000000005, 0.10000000000000037, 1.0, 1.0, 1.5, 2.400000000000001, 0.9999999999999994, 2.2000000000000006, 1.6, 1.0999999999999992]",19.575931997606528
1,100,"[0.5999999999999999, 2.0000000000000004, 1.8000000000000007, 0.001, 1.0, 1.0, 1.8000000000000003, 2.800000000000001, 0.8999999999999995, 2.700000000000001, 1.6, 0.5999999999999994]",5.960881373950854
