,labelled data,weights,regret
0,50,"[0.501, 2.0, 4.0, 2.0, 2.0, 2.0, 2.5, 6.0, 1.5, 3.5, 4.0, 5.0]",28.522484899488102
1,100,"[2.001, 2.5, 4.0, 2.0, 2.0, 2.0, 3.5, 7.0, 0.5, 3.5, 4.0, 3.5]",25.679728760825036
