,weights,regret
0,"[1.2000000000000002, 0.001, 0.001, 2.2, 1.1, 1.0, 0.9, 1.7000000000000006, 0.4500000000000001, 2.1416666666666675, 1.1, 0.001]",0.079422232684332
