,labelled data,weights,regret
0,50,"[31.0, 21.0, 61.0, 81.0, 41.0, 41.0, 0.001, 80.001, 10.001, 81.0, 61.0, 1.0]",180.59148345774204
1,100,"[61.0, 61.0, 81.0, 41.0, 31.0, 61.0, 40.001, 90.001, 30.001, 101.0, 61.0, 41.0]",25.310739136311568
