,weights,regret
0,"[0.101, 2.6000000000000005, 2.3, 1.0, 1.7000000000000006, 1.8000000000000007, 2.500000000000001, 1.8000000000000014, 2.5000000000000004, 1.5, 0.401, 1.9000000000000001]",0.5320663001417696
