,labelled data,weights,regret
0,50,"[0.8999999999999998, 0.501, 2.9615384615384612, 0.001, 2.0, 3.0, 2.125, 1.625, 0.625, 0.001, 3.625, 2.125]",2.5627990787642494
1,100,"[0.7499999999999997, 0.5009999999999999, 4.365384615384613, 0.001, 2.0, 3.0, 2.75, 2.5, 1.376, 1.001, 3.75, 2.0]",1.7754915890061198
