,weights,regret
0,"[1.2, 1.8000000000000007, 1.9000000000000006, 2.9000000000000012, 0.9, 0.7000000000000001, 0.601, 1.5010000000000003, 2.400000000000001, 0.001, 1.6, 0.6009999999999998]",1.4602459062184074
