,labelled data,weights,regret
0,50,"[1.1, 1.1132075471698113, 1.0833333333333335, 1.225806451612903, 1.0, 1.0, 2.8000000000000007, 2.0, 1.1666666666666665, 0.75, 2.0, 2.0]",7.235054470524787
1,100,"[1.12, 1.1132075471698113, 1.0833333333333335, 1.451612903225806, 1.0, 1.0, 2.8000000000000007, 2.0, 1.1666666666666665, 0.75, 2.0, 2.0]",5.271891846984804
