,weights,regret
0,"[1.0, 1.4000000000000004, 1.3000000000000003, 0.8, 0.9, 1.0, 1.0, 1.6000000000000005, 0.25000000000000006, 1.6750000000000005, 1.0, 0.7]",26.195202827444426
