,labelled data,weights,regret
0,50,"[6.0, 2.001, 10.5, 4.5, 0.001, 5.0, 5.0, 8.5, 1.001, 0.5009999999999999, 8.0, 1.5]",1.4731662620910533
1,100,"[6.0, 2.501, 11.5, 5.5, 0.501, 9.5, 4.5, 10.0, 1.501, 2.001, 12.0, 3.5]",0.8357935963649918
