,weights,regret
0,"[0.22599999999999998, 2.375, 0.7403846153846158, 1.5, 1.5, 0.5, 1.375, 2.375, 2.625, 0.625, 0.6875, 0.126]",0.21931885263357495
