,labelled data,weights,regret
0,50,"[0.1999999999999996, 1.4000000000000006, 3.1, 0.9, 1.1, 1.6000000000000005, 1.9000000000000006, 1.8000000000000007, 1.800000000000001, 2.5, 0.001, 1.2999999999999998]",0.20271444889647966
1,100,"[0.001, 2.200000000000001, 3.0, 1.1, 0.6000000000000001, 1.6000000000000005, 2.000000000000001, 2.9000000000000017, 1.500000000000001, 1.9999999999999998, 0.30099999999999993, 0.6999999999999995]",0.11794068755534744
