,labelled data,weights,regret
0,50,"[6.0, 11.0, 6.0, 16.0, 5.001, 6.0, 3.001, 22.500999999999998, 2.5009999999999994, 8.5, 11.0, 9.001]",0.6869402321894158
1,100,"[6.0, 11.0, 6.0, 16.0, 0.501, 6.0, 0.001, 22.500999999999998, 5.0009999999999994, 15.999999999999998, 11.0, 4.0009999999999994]",0.6196354684459846
