,labelled data,weights,regret
0,50,"[0.126, 4.466666666666666, 5.0, 3.001, 1.0, 3.0, 4.5, 4.601000000000001, 1.6676666666666669, 0.0010000000000000009, 6.0, 1.501]",0.14050236319274043
1,100,"[0.1398888888888889, 6.800000000000004, 5.999999999999997, 6.0009999999999994, 0.001, 4.0, 5.833333333333332, 6.001000000000002, 3.1676666666666655, 0.126, 7.833333333333333, 1.501]",0.13862473801411962
