,labelled data,weights,regret
0,50,"[1.01, 1.0698113207547209, 1.108333333333333, 1.0104838709677417, 1.0849999999999982, 1.02, 1.2400000000000002, 1.2000000000000002, 0.7833333333333327, 1.1124999999999996, 1.0999999999999996, 1.1]",9.54317982050601
1,100,"[1.0199999999999994, 1.0792452830188723, 1.1166666666666663, 1.00241935483871, 1.089999999999998, 1.02, 1.2600000000000002, 1.2000000000000002, 0.7666666666666659, 1.299999999999999, 1.0999999999999996, 1.04]",6.881557051238891
