,weights,regret
0,"[0.001, 2.3166666666666664, 2.400000000000001, 0.001, 1.501, 2.0, 2.75, 3.625, 0.875, 4.0, 0.126, 0.08433333333333333]",1.0339828243533966
