,labelled data,weights,regret
0,50,"[2.150000000000001, 2.226415094339623, 4.333333333333334, 1.8467741935483868, 2.0, 1.0, 6.0, 3.5, 2.6666666666666665, 5.0009999999999994, 2.6666666666666665, 0.5]",4.853834331513522
1,100,"[1.9000000000000004, 2.88679245283019, 4.75, 1.3629032258064515, 2.0, 1.0, 7.0, 3.5, 1.8333333333333333, 6.8759999999999994, 2.6666666666666665, 3.501]",4.960068664162618
