,labelled data,weights,regret
0,50,"[6.0, 6.0, 6.0, 12.666666666666664, 5.001, 6.0, 2.501, 10.001000000000001, 5.166666666666667, 6.833333333333334, 8.5, 1.0]",0.30083977703451587
1,100,"[6.0, 6.0, 6.0, 14.33333333333333, 6.251, 6.0, 1.251, 10.001000000000001, 4.333333333333334, 5.166666666666667, 10.166666666666668, 0.001]",0.1913008675816089
