,weights,regret
0,"[0.7000000000000001, 1.1, 1.7000000000000006, 1.1, 1.0, 1.0, 1.0, 1.1000000000000003, 0.15000000000000002, 1.241666666666667, 1.1, 1.5000000000000004]",1.0085320807682978
