,weights,regret
0,"[1.3, 1.1, 1.9000000000000006, 2.400000000000001, 1.1, 1.1, 1.0999999999999999, 0.30000000000000004, 0.501, 0.901, 1.5, 2.5000000000000004]",4.684776531168645
