,labelled data,weights,regret
0,50,"[51.0, 15.001, 76.0, 16.0, 1.0, 10.001000000000001, 31.0, 26.0, 46.0, 6.0, 46.0, 1.0]",17.71521534353976
1,100,"[81.0, 15.001000000000001, 66.0, 21.0, 6.0, 20.001, 26.0, 16.0, 36.0, 16.0, 66.0, 1.0]",17.71521534353976
