,labelled data,weights,regret
0,50,"[30.000999999999998, 41.0, 31.0, 43.33433333333333, 11.0, 11.0, 20.000999999999998, 50.001, 4.001000000000001, 0.0010000000000012221, 31.0, 26.0]",1.5307017522783122
1,100,"[30.000999999999998, 41.0, 31.0, 43.33433333333333, 21.0, 41.0, 0.001, 60.001, 0.001, 10.834333333333333, 41.0, 2.501]",0.11420827873505826
