,labelled data,weights,regret
0,50,"[3.0, 4.0, 8.0, 4.0, 1.0, 1.0, 12.0, 0.001, 0.001, 4.0009999999999994, 7.0, 12.0]",2.8119618680320415
1,100,"[5.0, 8.0, 12.0, 5.0, 1.0, 1.0, 10.0, 1.001, 0.001, 3.0009999999999994, 7.0, 12.0]",2.3168507722137712
