,weights,regret
0,"[1.2299999999999982, 1.216981132075474, 0.895833333333333, 1.137096774193549, 1.0, 1.0, 2.0000000000000004, 1.5, 1.0000000000000004, 0.375, 1.5, 0.4499999999999992]",0.6880406944665507
