,labelled data,weights,regret
0,50,"[1.0309999999999986, 1.0735849056603801, 1.1041666666666663, 1.0104838709677422, 1.0799999999999983, 1.06, 1.4600000000000004, 1.2000000000000002, 0.6166666666666655, 1.0374999999999999, 1.0999999999999996, 1.1]",9.629204246915508
1,100,"[1.0309999999999981, 1.0811320754717013, 1.108333333333333, 1.0000000000000002, 1.0799999999999983, 1.06, 1.5000000000000004, 1.2000000000000002, 0.583333333333332, 1.1999999999999993, 1.0999999999999996, 1.03]",9.629204246915508
