,weights,regret
0,"[1.5, 2.5, 1.5, 3.5, 2.5, 3.5, 0.501, 4.0, 1.6676666666666664, 2.208333333333334, 2.0, 0.001]",1.3223614860743735
