,weights,regret
0,"[0.001, 2.100000000000001, 1.8000000000000007, 0.06999999999999976, 1.0, 1.0, 1.2000000000000002, 2.100000000000001, 0.001, 2.100000000000001, 1.1, 0.7566666666666667]",0.853965699579997
