,labelled data,weights,regret
0,50,"[0.5000000000000001, 1.7000000000000006, 1.6000000000000005, 0.55, 1.1, 1.1, 0.9, 1.8500000000000008, 0.6000000000000001, 1.1000000000000005, 1.2000000000000002, 0.7000000000000003]",21.779293898208685
1,100,"[0.37500000000000017, 1.8000000000000007, 1.6000000000000005, 0.001, 1.1, 1.1, 1.0, 2.150000000000001, 0.5500000000000002, 1.8000000000000012, 1.2000000000000002, 0.5000000000000003]",1.1510967469739772
