,labelled data,weights,regret
0,50,"[1.0899999999999985, 1.1320754716981145, 1.2291666666666659, 1.0322580645161297, 1.0, 1.0, 2.1000000000000005, 1.5, 0.9166666666666671, 1.1875, 1.5, 0.6499999999999991]",5.110535010687748
1,100,"[1.0299999999999985, 1.1792452830188698, 1.395833333333332, 0.9354838709677424, 1.0499999999999998, 1.0, 2.1000000000000005, 1.5, 0.9166666666666671, 1.6875, 1.5, 0.9499999999999993]",4.91552437593658
