,labelled data,weights,regret
0,50,"[11.0, 16.0, 56.0, 36.0, 65.001, 11.0, 56.0, 5.001000000000001, 16.0, 30.001000000000005, 36.0, 61.0]",4.507108488950019
1,100,"[46.0, 36.0, 81.0, 26.0, 65.001, 16.0, 56.0, 10.001, 15.001000000000005, 30.001000000000005, 36.0, 46.0]",4.997631563820599
