,weights,regret
0,"[29.130952380952372, 65.001, 35.666666666666664, 100.001, 40.001, 10.000999999999998, 18.499999999999996, 111.0, 12.501000000000001, 101.83333333333333, 0.001, 32.501]",0.4229683438021918
