,labelled data,weights,regret
0,50,"[2.0, 3.0, 3.0, 1.5, 1.0, 3.001, 1.001, 5.0009999999999994, 0.501, 6.5, 3.0, 0.401]",21.22269628154081
1,100,"[1.967666666666667, 4.0, 4.0, 0.7010000000000001, 1.0, 3.001, 2.501, 5.0009999999999994, 0.001, 8.5, 3.0, 2.001]",0.8194494474371798
