,weights,regret
0,"[0.25, 2.0, 1.75, 5.458333333333334, 1.5, 2.0, 0.8759999999999999, 2.751, 5.75, 0.9027857142857143, 2.501, 0.37600000000000006]",0.37631730491667703
