,weights,regret
0,"[1.399999999999995, 0.990566037735849, 0.9374999999999998, 1.2701612903225818, 1.0, 1.0, 1.5, 1.5, 1.4166666666666667, 0.1885, 1.5, 0.401]",3.1404556595125332
