,labelled data,weights,regret
0,50,"[1.0843333333333334, 27.500999999999998, 21.416666666666668, 5.001000000000001, 16.0, 26.0, 16.0, 41.0, 14.376000000000001, 25.333333333333332, 0.001, 0.8343333333333338]",0.14042670581004757
1,100,"[0.001, 38.334333333333326, 36.41666666666667, 10.001000000000001, 21.0, 56.0, 30.333333333333336, 71.0, 14.376000000000001, 29.916666666666664, 0.001, 0.001]",0.21853510424408146
