,labelled data,weights,regret
0,50,"[1.1850000000000003, 1.5316666666666678, 1.553333333333334, 1.4000000000000004, 0.30000000000000016, 1.9000000000000008, 1.5350000000000004, 1.5016666666666671, 0.42499999999999993, 0.2078571428571427, 2.0150000000000006, 0.9499999999999998]",1.4637871525496524
1,100,"[0.6008333333333336, 1.710000000000001, 1.778333333333334, 1.7000000000000006, 0.20000000000000015, 2.5000000000000013, 2.098333333333334, 1.2016666666666669, 0.34166666666666656, 0.12969047619047624, 2.0309523809523813, 0.3008333333333333]",0.3292600805217432
