,weights,regret
0,"[1.2000000000000002, 0.8, 0.8, 0.6500000000000001, 1.0, 1.0, 0.8, 0.101, 2.300000000000001, 1.6833333333333338, 1.1, 0.6000000000000001]",0.27361563093660807
