,labelled data,weights,regret
0,50,"[0.9400000000000001, 0.7783333333333334, 1.5608556149732624, 0.9, 1.0, 1.9000000000000008, 1.2266666666666666, 1.3766666666666667, 0.5130952380952382, 0.1475, 2.2100000000000013, 1.215]",1.1387698059820355
1,100,"[0.42940476190476196, 1.553333333333334, 1.985855614973263, 1.3000000000000003, 0.5000000000000001, 1.9000000000000008, 2.143333333333334, 1.8766666666666671, 0.9530952380952381, 0.1437380952380952, 2.4550000000000005, 0.31904761904761897]",0.7543503203741658
