,weights,regret
0,"[1.0149999999999992, 1.0226415094339634, 1.0041666666666667, 1.019354838709677, 1.0, 1.0, 1.2200000000000002, 1.1, 0.9833333333333335, 0.9625000000000001, 1.1, 1.12]",0.7036469369635495
