,labelled data,weights,regret
0,50,"[1.5, 4.3759999999999994, 5.807692307692303, 6.0, 6.0, 0.001, 6.0, 7.25, 6.625, 3.5, 1.625, 0.626]",12.873671914786996
1,100,"[3.5, 3.7509999999999994, 9.36538461538461, 6.0, 6.0, 0.001, 7.25, 5.375, 6.625, 2.25, 4.125, 5.0009999999999994]",5.896811812955276
