,weights,regret
0,"[1.5970238095238096, 1.6166666666666667, 1.1875, 4.5, 3.5, 0.001, 0.050000000000000044, 3.8259999999999996, 2.875, 0.4785714285714285, 1.0083333333333333, 0.31885714285714273]",1.4815690577320437
