,number_adjacent_facts_other_value,number_other_facts_same_value,number_other_facts_other_value,adjacent_col_used,adjacent_row_used,adjacent_block_used,other_col_cons,other_row_cons,other_block_cons,number_adjacent_row_facts,number_adjacent_col_facts,number_adjacent_block_facts,name
0,1.0,1.0,1.0,1.0,1.0,1.0,1.0,1.0,1.0,1.0,1.0,1.0,Starting
1,0.75,0.0,0.8666666666666667,-1.0,1.0,-1.0,1.0,0.75,1.0,0.75,0.75,0.5,Difference
2,1.075,1.0,1.0866666666666667,0.9,1.1,0.9,1.1,1.075,1.1,1.075,1.075,1.05,Final
3,1.075,1.0,1.0866666666666667,0.9,1.1,0.9,1.1,1.075,1.1,1.075,1.075,1.05,Starting
4,0.2222222222222222,-0.25,-0.15384615384615385,1.0,1.0,-1.0,-0.16666666666666666,-0.14285714285714285,0.5,0.25,0.3333333333333333,0.25,Difference
5,1.097222222222222,0.975,1.0712820512820513,1.0,1.2000000000000002,0.8,1.0833333333333335,1.0607142857142857,1.1500000000000001,1.0999999999999999,1.1083333333333334,1.075,Final
