,iter,time exp 1,time exp 2
0,1,0.6246583461761475,0.2515869140625
1,2,10.495229959487915,2.2900140285491943
