,weights,regret
0,"[0.5000000000000001, 1.5000000000000004, 1.3000000000000003, 1.3833333333333337, 1.1, 0.9, 0.101, 1.4000000000000004, 0.6833333333333336, 1.2666666666666668, 1.0, 1.2000000000000002]",0.638385701172348
