,labelled data,weights,regret
0,50,"[1.1049999999999975, 1.1037735849056614, 1.2916666666666656, 1.0322580645161297, 1.0, 1.0, 2.1000000000000005, 1.75, 0.8333333333333337, 0.75, 1.5, 0.5499999999999992]",2.8209697643025167
1,100,"[1.2049999999999959, 1.1320754716981145, 1.3749999999999987, 1.0967741935483886, 1.0, 1.0, 2.1000000000000005, 1.75, 0.8333333333333337, 0.125, 1.5, 0.001]",0.16009925225898736
