,labelled data,weights,regret
0,50,"[1.1249999999999984, 1.2075471698113232, 1.312499999999999, 1.084677419354839, 1.3499999999999988, 1.0, 2.100000000000001, 1.5, 0.7499999999999999, 1.125, 1.333333333333333, 1.2500000000000002]",15.468681778229493
1,100,"[1.029999999999998, 1.2547169811320784, 1.3541666666666654, 0.9677419354838707, 1.3499999999999988, 1.0, 2.200000000000001, 1.5, 0.6666666666666665, 1.8125, 1.333333333333333, 1.2000000000000002]",8.350430212457374
