,weights,regret
0,"[1.0119999999999993, 0.9943396226415093, 1.0083333333333333, 1.0580645161290274, 1.0, 1.0, 1.02, 1.1, 1.1499999999999997, 1.0125, 1.1, 1.09]",0.8620174256568587
