,labelled data,weights,regret
0,50,"[0.0010000000000000009, 5.0, 3.5, 1.0, 1.0, 1.0, 3.0, 6.5, 1.5, 4.0, 4.0, 4.0]",12.96799246465757
1,100,"[1.501, 7.0, 4.5, 4.001, 3.0, 2.0, 2.5, 8.0, 1.0, 6.5, 4.5, 5.001]",18.999732667716398
