,labelled data,weights,regret
0,50,"[0.001, 110.001, 110.001, 30.000999999999998, 20.000999999999998, 110.001, 60.001, 130.001, 40.001000000000005, 120.001, 0.001, 30.000999999999998]",0.1084944688636479
1,100,"[70.001, 170.001, 170.001, 30.001000000000005, 90.001, 180.001, 120.001, 130.001, 10.000999999999998, 200.001, 10.001000000000001, 60.001000000000005]",3.0963197354374503
