,labelled data,weights,regret
0,50,"[0.6, 1.375, 1.4999999999999996, 0.001, 1.0, 1.5, 1.1875, 1.4375, 1.1875, 1.0, 0.001, 0.6875]",0.9518208249375532
1,100,"[0.625, 1.3125, 2.0288461538461524, 0.001, 1.0, 1.5, 1.375, 1.5, 1.125, 0.8125, 0.376, 0.5625]",0.9031323369204952
