,labelled data,weights,regret
0,50,"[2.5009999999999994, 6.6676666666666655, 12.895736842105263, 6.0, 5.001, 0.001, 11.876, 3.7509999999999994, 9.376, 0.6259999999999999, 10.001, 0.001]",4.1571884600148135
1,100,"[4.5009999999999994, 6.667666666666666, 20.264157894736847, 11.0, 0.001000000000000334, 5.001, 15.625999999999998, 6.8759999999999994, 8.126, 1.8759999999999994, 15.001, 1.251]",0.14921252144049715
