,labelled data,weights,regret
0,50,"[0.875, 1.1666666666666667, 1.0, 1.0, 1.0, 1.0, 1.0, 1.25, 1.0, 1.0, 0.875, 0.75]",9.028889062875319
1,100,"[0.875, 1.1666666666666667, 1.0, 1.0, 1.0, 1.0, 1.0, 1.25, 1.0, 1.0, 0.875, 0.75]",9.529523818170466
