,weights,regret
0,"[0.5117142857142856, 6.005761904761905, 4.833333333333334, 1.5, 4.0009999999999994, 6.5, 0.6958333333333337, 6.208333333333334, 1.9583333333333335, 6.666666666666666, 0.6736190476190476, 0.6676666666666666]",0.036447645034385426
