,labelled data,weights,regret
0,50,"[0.45238095238095216, 6.183333333333333, 6.0, 2.001, 3.0, 7.0, 4.291666666666666, 9.791666666666666, 4.2509999999999994, 6.066666666666666, 0.001, 0.501]",0.12681317959347901
1,100,"[0.46766666666666673, 11.000000000000002, 8.666666666666668, 1.001, 5.0, 14.0, 12.041666666666666, 12.291666666666666, 5.584333333333333, 6.3, 0.6319523809523808, 0.001]",0.15023928592314917
