,weights,regret
0,"[3.6000000000000005, 1.001, 1.601, 1.0, 0.8, 1.7000000000000006, 0.5999999999999996, 1.6999999999999997, 0.20000000000000015, 1.7000000000000002, 2.4999999999999996, 3.0000000000000004]",6.930807980256877
