,labelled data,weights,regret
0,50,"[1.09, 1.2264150943396226, 1.4166666666666674, 1.0080645161290323, 1.0, 1.0, 2.8000000000000007, 2.5, 0.9999999999999999, 1.501, 2.0, 1.2999999999999994]",7.623259794012713
1,100,"[0.99, 1.3584905660377358, 1.333333333333334, 0.8951612903225807, 1.0, 1.0, 2.8000000000000007, 2.5, 0.9999999999999999, 1.876, 2.0, 0.001]",5.353030728876676
