,labelled data,weights,regret
0,50,"[2.0, 2.0, 2.0, 1.3333333333333335, 1.0, 1.0, 3.25, 1.501, 1.4999999999999996, 1.5, 2.0, 2.3000000000000003]",0.9387624484409027
1,100,"[2.0, 2.5, 2.0, 1.001, 1.0, 1.0, 3.5, 0.001, 1.4999999999999996, 1.5, 2.0, 3.000000000000001]",2.26224879636168
