,weights,regret
0,"[2.101, 0.3999999999999999, 1.201, 1.5000000000000004, 1.5000000000000004, 0.10000000000000014, 0.4, 0.6000000000000002, 1.2999999999999996, 1.8000000000000003, 1.4, 1.2]",0.9017455608216094
