,labelled data,weights,regret
0,50,"[1.0, 31.0, 51.0, 10.001, 41.0, 21.0, 41.0, 10.001, 10.001, 20.001, 31.0, 31.0]",1.1577742141052496
1,100,"[10.001, 51.0, 71.0, 0.001, 41.0, 21.0, 71.0, 20.001, 10.001000000000001, 20.001000000000005, 51.0, 51.0]",1.6536991433809698
