,weights,regret
0,"[1.019, 1.0226415094339634, 1.0041666666666667, 1.0241935483870963, 1.0, 1.0, 1.2200000000000002, 1.1, 0.9833333333333335, 0.9375000000000002, 1.1, 1.1300000000000001]",0.7036469369635495
