,labelled data,weights,regret
0,50,"[1.3000000000000003, 1.3773584905660377, 1.4166666666666665, 2.532258064516131, 1.25, 2.0, 8.0, 6.0, 3.500000000000001, 1.0, 6.0, 5.5]",19.038862686556765
1,100,"[1.3000000000000003, 1.5660377358490565, 1.4166666666666665, 3.6209677419354906, 1.25, 2.0, 8.0, 6.0, 3.500000000000001, 1.0, 6.0, 5.5]",18.054665018349972
