,labelled data,weights,regret
0,50,"[6.045238095238095, 1.6224285714285713, 6.0, 8.0, 0.001, 9.001, 5.225, 6.125, 0.0010000000000000009, 3.7666666666666666, 4.391666666666667, 2.8333333333333335]",0.9983456741875336
1,100,"[10.597619047619048, 3.8390952380952377, 10.0, 11.0, 1.001, 16.000999999999998, 9.458333333333332, 9.125, 0.751, 6.149999999999999, 8.591666666666667, 3.5000000000000004]",1.4179988295673325
