,labelled data,weights,regret
0,50,"[0.8599999999999999, 1.1249999999999996, 1.4644444444444442, 0.8, 1.1, 1.3000000000000003, 1.3249999999999993, 1.3999999999999995, 1.15, 1.225, 0.5399999999999996, 0.49999999999999956]",4.1318497619806465
1,100,"[0.7199999999999998, 1.1499999999999992, 1.6922222222222214, 0.6000000000000001, 1.3000000000000003, 1.3000000000000003, 1.387499999999999, 1.3749999999999996, 1.1999999999999997, 1.175, 0.4024999999999995, 0.44999999999999957]",0.9190690810763087
