,weights,regret
0,"[1.2000000000000002, 1.4000000000000004, 1.1, 1.1500000000000001, 1.0, 1.0, 0.6000000000000001, 1.6000000000000005, 0.5833333333333333, 1.6833333333333338, 1.1, 0.7000000000000001]",27.40836639855164
