,labelled data,weights,regret
0,50,"[0.501, 2.0, 4.0, 0.001, 1.0, 1.0, 3.0, 1.001, 1.0, 2.2867142857142855, 1.5, 2.25]",2.816165761539267
1,100,"[3.001, 3.5, 5.0, 1.501, 1.0, 0.5, 2.5, 0.0010000000000000009, 0.08333333333333326, 1.2867142857142855, 1.0, 1.75]",4.502291518363333
