,weights,regret
0,"[1.4149999999999945, 1.1037735849056614, 0.9791666666666665, 1.2298387096774215, 1.0, 1.0, 2.1000000000000005, 1.5, 0.9166666666666671, 0.375, 1.5, 0.20100000000000007]",2.8673830401015783
