,labelled data,weights,regret
0,50,"[26.303571428571427, 9.667666666666664, 7.6959347841700785, 11.0, 0.001000000000000334, 25.001, 16.501, 27.584333333333333, 1.001, 21.88690476190476, 15.625999999999998, 12.501]",95.56053301634428
1,100,"[28.44047619047619, 16.33433333333333, 28.844044027867557, 31.0, 0.001, 30.001, 10.334333333333333, 47.58433333333333, 2.501, 7.857142857142856, 23.465285714285713, 21.08433333333333]",0.00637781710922737
