,weights,regret
0,"[0.001, 11.0, 16.0, 5.0009999999999994, 12.501000000000001, 11.0, 8.001000000000001, 10.001, 11.667666666666666, 55.99999999999997, 17.666666666666664, 31.0]",0.1736416704362629
