,labelled data,weights,regret
0,50,"[2.0, 1.5, 2.5, 1.0, 1.0, 1.0, 3.5, 0.001, 0.251, 0.501, 2.5, 3.5]",1.4785322844661593
1,100,"[2.5, 2.0, 3.0, 0.126, 1.0, 1.0, 3.5, 0.501, 0.626, 1.1676666666666669, 2.5, 3.5]",3.9086082618522213
