,labelled data,weights,regret
0,50,"[11.0, 11.0, 11.0, 6.667666666666666, 11.0, 1.0, 6.0009999999999994, 15.001000000000001, 12.666666666666666, 27.66666666666666, 12.666666666666666, 7.0009999999999994]",14.954589147789727
1,100,"[7.942176470588232, 31.0, 21.0, 7.298297297297298, 11.0, 11.0, 16.000999999999998, 20.001, 17.666666666666664, 51.00000000000001, 14.333333333333332, 8.001]",0.13631694135133532
