,weights,regret
0,"[11.0, 11.0, 6.0, 24.33333333333333, 11.0, 11.0, 0.001, 10.001000000000001, 29.33333333333334, 7.666666666666666, 11.0, 19.0]",2.84206399565956
