,labelled data,weights,regret
0,50,"[2.0, 0.001, 3.0, 5.0, 1.0, 1.0, 0.0010000000000000009, 4.0009999999999994, 1.001, 1.0009999999999994, 2.0, 0.401]",6.380258014110295
1,100,"[2.0, 0.001, 3.0, 6.0, 0.251, 2.0, 0.251, 4.0009999999999994, 0.5009999999999999, 2.5009999999999994, 3.0, 0.4009999999999999]",0.049179768505149594
