,weights,regret
0,"[0.001, 21.0, 11.0, 8.333333333333334, 18.334333333333333, 11.0, 19.0, 10.001, 6.000000000000002, 20.999999999999996, 17.666666666666664, 50.0]",0.48006006169205445
