,labelled data,weights,regret
0,50,"[1.5, 0.6666666666666667, 1.0, 0.001, 1.0, 2.0, 2.0, 0.001, 0.001, 1.0, 1.5, 1.5]",10.275115355348145
1,100,"[1.5, 0.6666666666666667, 1.0, 0.001, 1.0, 2.0, 2.0, 0.3343333333333333, 0.001, 1.0, 1.5, 1.5]",63.14900111135781
