,labelled data,weights,regret
0,50,"[21.0, 31.0, 31.0, 6.0, 11.0, 1.0, 31.0, 0.001, 0.001, 33.33433333333333, 26.0, 31.0]",4.062418376119721
1,100,"[31.0, 31.0, 41.0, 20.999999999999996, 21.0, 10.001, 21.0, 10.001000000000001, 0.001, 40.001, 26.0, 31.0]",5.400140755178295
