,labelled data,weights,regret
0,50,"[0.001, 2.4000000000000004, 2.7, 0.001, 1.0, 2.000000000000001, 2.8000000000000007, 2.700000000000001, 0.9000000000000004, 2.2000000000000006, 0.101, 0.401]",0.11757054182453522
1,100,"[0.7010000000000001, 3.300000000000001, 2.7, 0.101, 1.1, 2.7000000000000015, 3.200000000000001, 3.1000000000000014, 0.701, 2.900000000000001, 0.0010000000000000009, 0.7010000000000001]",0.13935678492201897
