,labelled data,weights,regret
0,50,"[11.0, 11.0, 6.0, 18.5, 0.001, 11.0, 3.751, 15.001000000000001, 0.001, 2.5010000000000012, 6.0, 2.833333333333333]",0.014378577976769726
1,100,"[11.0, 11.0, 6.0, 18.5, 1.5486190476190473, 11.0, 0.001, 15.001000000000001, 3.334333333333333, 5.8343333333333325, 11.0, 1.6676666666666666]",0.07634247130026621
