,labelled data,weights,regret
0,50,"[1.1583333333333334, 0.881904761904762, 1.3486507936507939, 1.5000000000000004, 0.10000000000000014, 2.000000000000001, 1.292857142857143, 1.6500000000000004, 0.001, 0.8950000000000001, 1.8375000000000008, 0.8250000000000001]",0.4127299861945449
1,100,"[1.6666666666666672, 0.5235714285714285, 1.8486507936507943, 2.200000000000001, 0.201, 2.000000000000001, 1.2211904761904764, 2.250000000000001, 0.07600000000000001, 0.9525000000000006, 2.1300000000000012, 1.0650000000000002]",0.41427121363500535
