,labelled data,weights,regret
0,50,"[13.833333333333332, 21.41766666666667, 23.5, 20.001, 16.0, 26.0, 36.0, 19.08333333333333, 6.2509999999999994, 0.001, 32.876, 0.001]",0.3040791678834386
1,100,"[6.001, 38.91766666666667, 39.75, 40.001000000000005, 11.0, 66.0, 31.583333333333332, 34.08333333333333, 6.667666666666669, 6.001, 59.42361904761905, 13.250999999999998]",0.3859297396064427
