,labelled data,weights,regret
0,50,"[2.0, 2.0, 3.0, 2.0, 1.0, 1.0, 4.0, 0.001, 1.501, 0.5426666666666664, 2.0, 4.0]",5.237660405863136
1,100,"[2.0, 2.0, 3.0, 2.0, 1.0, 1.0, 4.0, 0.001, 1.1676666666666666, 1.5426666666666664, 2.0, 4.0]",9.401430322786053
