,weights,regret
0,"[0.140873015873016, 4.064095238095238, 2.875, 7.0, 7.5, 0.001, 4.584333333333333, 3.5166666666666666, 5.0, 1.2093333333333334, 0.001, 0.05933333333333335]",1.3279585123442137
