,labelled data,weights,regret
0,50,"[4.001, 13.5, 6.0, 1.001, 5.001, 6.0, 10.001, 5.001, 2.666666666666668, 21.0, 6.833333333333333, 3.5]",1.3664488954407257
1,100,"[1.001, 16.0, 11.0, 0.001, 5.001, 6.0, 12.501, 10.001000000000001, 2.666666666666668, 29.75, 6.833333333333333, 7.0]",0.18099943783490358
