,labelled data,weights,regret
0,50,"[22.666666666666664, 30.334333333333333, 21.0, 10.001, 11.0, 31.0, 26.0, 18.750999999999998, 28.5, 1.4295714285714283, 29.666666666666668, 8.166666666666664]",1.2721780443845279
1,100,"[27.472222222222214, 53.16766666666667, 23.5, 40.001, 0.001, 41.0, 29.333333333333336, 38.751, 30.166666666666664, 0.001, 45.33333333333334, 14.238095238095234]",1.26476421962871
