,weights,regret
0,"[0.201, 1.8000000000000007, 1.4000000000000004, 0.14333333333333326, 1.0, 1.0, 1.2000000000000002, 1.9000000000000008, 0.03333333333333352, 2.475000000000001, 1.1, 0.30000000000000004]",3.687216929889318
