,labelled data,weights,regret
0,50,"[0.001, 10.001, 18.0, 3.0, 2.001, 6.0009999999999994, 11.0, 10.0, 10.0, 7.0, 0.001, 1.001]",0.15636541639750814
1,100,"[5.0009999999999994, 9.001, 19.0, 4.0, 1.001, 8.001, 11.0, 15.0, 1.0, 8.0, 1.001, 2.0009999999999994]",3.023288988676044
