,weights,regret
0,"[11.0, 16.0, 11.0, 4.333333333333334, 11.0, 11.0, 4.0009999999999994, 11.0, 7.666666666666668, 18.5, 12.666666666666666, 8.0]",0
