,weights,regret
0,"[1.7727272727272725, 0.4385, 3.2999999999999994, 1.5, 1.5, 0.001, 1.126, 0.751, 1.1875, 3.125, 0.9384999999999999, 2.800000000000001]",0.18222141287836688
