,weights,regret
0,"[1.1799999999999993, 1.0849056603773592, 0.8749999999999998, 1.2137096774193548, 1.0, 1.0, 0.6, 0.751, 0.6666666666666666, 0.75, 0.5843333333333334, 1.0500000000000005]",0.866166328670513
