,weights,regret
0,"[1.2000000000000002, 1.3000000000000003, 1.4000000000000004, 0.95, 1.0, 1.0, 0.6000000000000001, 1.7000000000000006, 0.566666666666667, 1.3833333333333335, 1.1, 0.4250000000000002]",0.2844267884293931
