,weights,regret
0,"[0.09999999999999776, 3.3000000000000025, 2.4, 1.3000000000000003, 1.8000000000000007, 2.9000000000000017, 2.6000000000000005, 3.9000000000000017, 1.2, 0.401, 1.3000000000000016, 0.30100000000000005]",1.160611192528697
