,weights,regret
0,"[2.4176666666666664, 4.0, 5.0, 2.9999999999999996, 2.5, 2.5, 1.001, 6.5, 0.41766666666666663, 6.25, 3.5, 3.95]",0.47901626190627244
