,weights,regret
0,"[5.0, 0.001, 0.001, 5.175, 1.5, 1.001, 1.001, 0.251, 19.166666666666668, 5.779761904761905, 3.5, 3.5]",0.3200376622563361
