,weights,regret
0,"[2.100000000000001, 0.001, 0.101, 0.7750000000000007, 1.0, 1.0, 0.9, 0.101, 4.100000000000002, 2.200000000000001, 1.1, 0.5000000000000001]",0.2616941730325845
