,weights,regret
0,"[4.2, 0.7010000000000001, 2.3, 1.2000000000000002, 1.8000000000000007, 0.701, 1.8000000000000005, 1.3010000000000002, 5.0, 3.100000000000001, 1.6000000000000003, 2.0999999999999996]",0.7012124059901812
