,labelled data,weights,regret
0,50,"[9.0, 6.0009999999999994, 12.0, 8.0, 0.001, 10.001, 7.0009999999999994, 10.001, 1.001, 3.0010000000000003, 12.0, 4.0009999999999994]",2.1197332609836335
1,100,"[12.0, 9.001, 20.0, 9.0, 2.001, 18.000999999999998, 10.001, 18.000999999999998, 0.001, 8.001, 11.0, 6.0009999999999994]",2.1234981303160474
