,labelled data,weights,regret
0,50,"[4.0, 4.0, 5.0, 1.001, 1.0, 1.0, 5.0, 0.001, 0.001, 0.001, 4.0, 4.0]",0.7501017568423549
1,100,"[4.0, 5.0, 6.0, 0.001, 1.0, 1.0, 7.0, 4.5009999999999994, 1.001, 3.6676666666666664, 5.0, 6.0]",5.0620158146668635
