,labelled data,weights,regret
0,50,"[1.311309523809524, 2.1249999999999996, 2.9583333333333335, 2.0, 0.001, 2.5, 3.208333333333333, 3.0, 0.126, 1.2916666666666665, 1.5, 0.0010000000000000009]",7.8216376553424904
1,100,"[0.2787777777777778, 3.0916666666666686, 3.458333333333333, 0.5009999999999999, 1.501, 2.5, 4.333333333333333, 3.75, 0.5635, 2.6666666666666665, 0.1885, 0.001]",0.11750018218716322
