,labelled data,weights,regret
0,50,"[1.1, 1.2000000000000002, 1.2000000000000002, 1.5500000000000005, 0.9, 1.0, 0.42500000000000016, 1.8500000000000008, 0.2500000000000001, 0.6500000000000001, 1.1, 0.4933333333333334]",1.8822403840132116
1,100,"[1.1, 1.2000000000000002, 1.2000000000000002, 1.6500000000000006, 0.7000000000000001, 1.3000000000000003, 0.001, 1.8500000000000008, 0.3500000000000001, 1.053333333333334, 1.1, 0.026000000000000002]",0.1352193121355151
