,labelled data,weights,regret
0,50,"[0.001, 6.0, 8.5, 2.001, 2.501, 6.0, 7.001000000000001, 10.001000000000001, 6.833333333333333, 20.999999999999996, 5.166666666666667, 6.5009999999999994]",1.4956984247235583
1,100,"[4.616384615384613, 6.0, 8.5, 2.675418604651161, 5.001, 6.0, 10.001000000000001, 10.001000000000001, 6.833333333333333, 27.666666666666654, 5.166666666666667, 3.0009999999999994]",0.16912062948610143
