,labelled data,weights,regret
0,50,"[6.0, 6.0, 6.0, 4.333333333333334, 6.0, 6.0, 2.001, 7.5009999999999994, 4.333333333333334, 11.833333333333336, 6.833333333333333, 1.5]",68.65090827695057
1,100,"[6.0, 6.0, 6.0, 4.333333333333334, 6.0, 6.0, 1.001, 7.5009999999999994, 5.166666666666667, 11.833333333333336, 6.833333333333333, 0.5]",70.8075868213842
