,weights,regret
0,"[0.45099999999999996, 2.25, 2.9666666666666677, 1.5, 1.5, 0.5, 1.3125, 2.0, 1.375, 0.875, 0.4385, 0.3135]",5.632713313740266
