,weights,regret
0,"[7.8083333333333345, 0.5557619047619047, 6.528775062656641, 6.5, 5.0009999999999994, 1.001, 4.407142857142857, 0.001, 10.5, 4.666666666666667, 4.929166666666666, 1.1885000000000001]",0.25160956466085577
