,labelled data,weights,regret
0,50,"[71.0, 40.001000000000005, 131.0, 41.0, 0.001, 90.001, 40.001000000000005, 80.001, 30.001000000000005, 10.001000000000001, 121.0, 40.001000000000005]",0.004115723689860962
1,100,"[131.0, 70.001, 141.0, 91.0, 0.001, 150.001, 100.001, 120.001, 0.001, 40.001000000000005, 181.0, 50.001000000000005]",2.1197332609836335
