,weights,regret
0,"[0.20099999999999996, 2.5000000000000013, 3.4000000000000004, 2.7000000000000015, 2.5000000000000013, 0.001, 1.300000000000001, 1.2000000000000006, 3.8000000000000016, 0.9999999999999988, 1.1999999999999993, 0.001]",0.42663043397935396
