,labelled data,weights,regret
0,50,"[0.001, 5.0, 5.0, 0.001, 1.0, 1.0, 6.0, 3.001, 0.001, 2.001, 2.0, 4.0]",1.412543237134828
1,100,"[3.0009999999999994, 5.0, 9.0, 0.001, 2.0, 1.0, 7.0, 4.0009999999999994, 3.001, 3.001, 4.0, 6.0]",3.9890156755213324
