,weights,regret
0,"[1.8000000000000005, 0.201, 0.001, 2.800000000000001, 1.0, 1.3000000000000003, 1.8, 0.001, 6.199999999999994, 3.0000000000000013, 1.6, 1.4999999999999993]",0.21925135185158873
