,weights,regret
0,"[0.5010000000000001, 2.3000000000000007, 2.200000000000001, 1.4999999999999998, 1.0, 1.1, 0.201, 1.7000000000000006, 0.7999999999999996, 2.7000000000000006, 1.7000000000000002, 2.2]",0.6484758783646876
