,labelled data,weights,regret
0,50,"[1.4000000000000004, 1.2830188679245282, 1.4166666666666665, 2.7741935483870996, 1.25, 2.0, 8.0, 6.0, 3.500000000000001, 1.0, 6.0, 5.5]",19.038862686556765
1,100,"[1.4500000000000004, 1.660377358490566, 1.4166666666666665, 3.741935483870975, 1.25, 2.0, 8.0, 6.0, 3.500000000000001, 1.0, 6.0, 5.5]",18.513333334161143
