,labelled data,weights,regret
0,50,"[3.0, 2.501, 3.884615384615385, 6.0, 6.0, 0.001, 1.0, 6.625, 5.375, 7.25, 0.001, 5.375]",7.989626923674509
1,100,"[1.5, 3.126, 9.076923076923075, 6.0, 6.0, 0.001, 3.5, 7.875, 6.0, 4.75, 1.876, 4.75]",7.327570262789741
