,weights,regret
0,"[2.1000000000000005, 1.1, 0.4, 1.7000000000000002, 1.3000000000000003, 1.3000000000000003, 1.9000000000000004, 1.3, 1.5, 1.2999999999999998, 1.6, 2.2]",1.7008414061340307
