,labelled data,weights,regret
0,50,"[0.9199999999999997, 0.7250000000000006, 1.2653846153846144, 1.3000000000000003, 0.5000000000000001, 1.4000000000000004, 0.9749999999999996, 1.299999999999999, 1.149999999999999, 0.7499999999999997, 1.0250000000000001, 0.9749999999999996]",11.014755857551052
1,100,"[0.8649999999999997, 0.9624999999999999, 1.3769230769230756, 1.3000000000000003, 0.5000000000000001, 1.4000000000000004, 1.4624999999999984, 1.3874999999999986, 0.9999999999999991, 0.7750000000000004, 0.85, 0.7625000000000006]",8.21887520317318
