,labelled data,weights,regret
0,50,"[0.001, 3.5, 2.5, 1.0, 1.0, 1.5, 1.501, 3.0, 0.001, 2.501, 1.5, 1.001]",9.767107374801116
1,100,"[1.501, 3.5, 3.0, 0.5, 1.0, 2.0, 0.501, 3.5, 0.501, 3.501, 1.5, 0.5009999999999999]",10.642974242851604
