,labelled data,weights,regret
0,50,"[11.0, 41.0, 51.0, 31.0, 90.001, 41.0, 21.0, 81.0, 11.0, 61.0, 61.0, 101.0]",76.81637221737641
1,100,"[11.0, 51.0, 51.0, 31.0, 90.001, 41.0, 41.0, 71.0, 1.0, 61.0, 61.0, 111.0]",81.56470711482244
