,weights,regret
0,"[1.0079999999999996, 1.0169811320754725, 1.0125, 1.008064516129032, 1.0, 1.0, 1.2400000000000002, 1.1, 0.9666666666666668, 1.0, 1.1, 1.09]",29.594848339086923
