,weights,regret
0,"[0.874999999999999, 0.4385, 1.6923076923076918, 2.0, 1.5, 0.001, 1.25, 1.625, 0.8125, 3.0625, 0.126, 2.0625]",0.19623491974378066
