,labelled data,weights,regret
0,50,"[9.001000000000001, 31.917666666666666, 24.0, 6.0, 11.0, 45.001000000000005, 30.000999999999998, 16.084333333333333, 0.001, 2.5009999999999994, 49.45833333333333, 22.000999999999998]",0.3152409030875565
1,100,"[1.876, 49.08433333333333, 35.666666666666664, 26.0, 1.0, 55.001000000000005, 37.91766666666666, 12.501000000000001, 10.834333333333333, 0.8343333333333333, 78.17261904761904, 20.584333333333326]",0.05263671714861503
