,weights,regret
0,"[11.0, 11.0, 11.0, 31.0, 3.3343333333333334, 21.0, 5.001, 0.001, 7.084333333333333, 10.68552380952381, 1.6676666666666664, 36.0]",1.5659942617402316
