,labelled data,weights,regret
0,50,"[0.9700000000000004, 1.0749999999999995, 1.1442307692307687, 1.1, 0.8, 1.3000000000000003, 1.4499999999999988, 1.2125, 1.1624999999999999, 0.7625000000000005, 1.1249999999999991, 0.7875000000000006]",1.9955467810866472
1,100,"[0.8350000000000003, 1.124999999999999, 1.2211538461538454, 1.3000000000000003, 0.6000000000000001, 1.3000000000000003, 1.5249999999999981, 1.2499999999999998, 1.3124999999999993, 0.20000000000000054, 1.3499999999999992, 0.7125000000000012]",0.9069562901337392
