,labelled data,weights,regret
0,50,"[0.001, 76.33433333333333, 49.333333333333336, 0.001, 10.000999999999998, 61.0, 55.33333333333333, 84.33333333333334, 30.834333333333333, 58.0, 1.251, 21.334333333333333]",0.11757054182453522
1,100,"[0.001, 102.00099999999999, 69.33333333333334, 10.000999999999998, 20.000999999999998, 101.0, 114.33333333333333, 154.33333333333334, 25.000999999999998, 131.33333333333334, 15.143857142857147, 4.001]",0.1303058351743808
