,weights,regret
0,"[11.0, 0.001000000000000334, 11.0, 0.0010000000000021103, 10.001, 11.0, 3.5, 10.001000000000001, 42.66666666666666, 33.5, 11.0, 8.001]",5.1154059372919845
