,labelled data,weights,regret
0,50,"[7.233142857142859, 8.917666666666667, 16.357142857142858, 31.0, 0.001, 21.0, 31.625, 26.876, 3.751, 3.7450476190476216, 14.583333333333332, 0.001]",7.740171150577865
1,100,"[0.001, 35.83433333333333, 22.607142857142858, 31.0, 20.001, 41.0, 57.875, 56.876000000000005, 11.876000000000001, 37.501, 4.376, 0.001]",0.2943687475963826
