,labelled data,weights,regret
0,50,"[2.0, 2.0, 2.0, 2.0, 1.0, 2.0, 4.0, 2.501, 1.0, 1.876, 2.0, 0.3333333333333334]",531.6476249427479
1,100,"[1.0, 4.0, 2.0, 1.6666666666666665, 1.0, 2.0, 4.0, 2.501, 1.0, 3.626, 2.0, 1.8010000000000002]",12.156868239854118
