,weights,regret
0,"[5.5, 0.0010000000000000009, 0.0010000000000000009, 1.9176666666666664, 1.0, 1.0, 11.0, 0.5009999999999999, 10.916666666666668, 2.733142857142857, 2.5, 4.684333333333333]",2.1458181618048546
