,labelled data,weights,regret
0,50,"[0.8999999999999997, 0.7, 2.0, 1.8000000000000007, 0.40000000000000013, 1.3000000000000003, 0.7000000000000002, 1.6, 0.3999999999999999, 0.10100000000000003, 2.0000000000000004, 0.7999999999999999]",0.0025744962494005166
1,100,"[0.5999999999999995, 0.7000000000000001, 2.4000000000000004, 1.9000000000000008, 0.101, 1.9000000000000008, 0.6000000000000003, 2.3000000000000003, 0.10100000000000015, 0.501, 2.1000000000000005, 1.0999999999999999]",0.005280824802533496
