,weights,regret
0,"[11.0, 11.0, 11.0, 4.333333333333334, 11.0, 11.0, 9.0, 10.001000000000001, 8.334333333333333, 12.501000000000001, 12.666666666666666, 34.0]",2.8734167595785753
