,labelled data,weights,regret
0,50,"[1.0, 26.0, 11.0, 6.0, 11.0, 26.0, 10.001000000000001, 35.001000000000005, 11.0, 35.001000000000005, 21.0, 25.000999999999998]",14.280382401226472
1,100,"[26.0, 36.0, 31.0, 25.000999999999998, 11.0, 26.0, 20.001, 45.001000000000005, 1.0, 60.001000000000005, 21.0, 25.000999999999998]",27.77635383472953
