,weights,regret
0,"[0.999999999999999, 2.7500000000000004, 2.333333333333334, 2.0, 1.5, 0.001, 2.3125, 4.3125, 2.125, 1.0625, 0.9500000000000006, 0.251]",0.29325135001061925
