,labelled data,weights,regret
0,50,"[7.0, 8.751, 11.0, 6.0, 0.001, 6.0, 9.75, 6.0, 3.5, 8.751, 4.75, 0.001]",8.900406617192498
1,100,"[5.5, 7.0009999999999994, 14.333333333333332, 6.0, 0.001, 6.0, 11.0, 7.875, 4.75, 8.751, 2.9642857142857144, 0.6259999999999999]",7.463720062375233
