,labelled data,weights,regret
0,50,"[1.1, 1.1, 1.5000000000000004, 0.7, 1.0, 1.0, 1.7500000000000007, 0.8499999999999999, 1.0000000000000004, 0.36666666666666664, 1.1, 1.5000000000000004]",3.5000754697240244
1,100,"[1.1, 1.1, 1.6000000000000005, 0.5833333333333333, 1.0, 1.0, 2.0500000000000007, 0.5999999999999996, 0.5, 0.09166666666666655, 1.1, 1.5000000000000004]",0.8155125914296432
