,labelled data,weights,regret
0,50,"[21.0, 21.0, 21.0, 11.0, 1.0, 1.0, 31.0, 0.001, 0.001, 33.334333333333326, 21.0, 31.0]",4.770057995765549
1,100,"[41.0, 41.0, 41.0, 6.0, 11.0, 1.0, 51.0, 10.001, 5.0009999999999994, 25.834333333333333, 31.0, 31.0]",3.6001750454830543
