,labelled data,weights,regret
0,50,"[0.001, 60.83433333333333, 61.0, 10.000999999999998, 30.000999999999998, 61.0, 56.0, 76.83333333333334, 38.751, 61.666666666666664, 0.001, 1.6676666666666664]",0.13710244510025685
1,100,"[0.001, 102.3343333333333, 81.0, 0.001, 40.001, 101.0, 128.83333333333331, 146.83333333333334, 30.417666666666662, 96.0, 0.001, 1.6676666666666682]",0.13165990234736386
