,weights,regret
0,"[1.7000000000000006, 0.6750000000000002, 0.001, 1.641666666666668, 1.0, 1.0, 1.3500000000000003, 0.001, 5.199999999999998, 2.083333333333334, 1.1, 0.75]",0.1843348567279803
