,weights,regret
0,"[1.501, 1.001, 0.001, 6.0009999999999994, 1.5, 2.0, 1.751, 4.7509999999999994, 1.0, 5.9384999999999994, 2.001, 0.001]",0.09027910795151242
