,weights,regret
0,"[0.9629047619047618, 6.5, 6.833333333333333, 1.2476190476190476, 3.0, 2.5, 2.75, 8.501, 0.5843333333333334, 1.958333333333334, 4.5, 11.5]",0.044140413224336615
