,labelled data,weights,regret
0,50,"[11.0, 21.0, 21.0, 31.0, 33.5, 11.0, 12.501, 31.0, 10.001000000000001, 20.000999999999998, 21.0, 0.001]",561.6216784811321
1,100,"[20.000999999999998, 41.0, 31.0, 5.715285714285713, 31.0, 31.0, 32.501, 41.0, 0.001, 60.001, 21.0, 14.001000000000001]",1.3821154028640463
