,weights,regret
0,"[40.001000000000005, 40.001000000000005, 30.001, 4.001, 16.0, 15.001000000000001, 20.001, 42.501, 4.167666666666667, 36.0, 15.001000000000001, 0.7510000000000003]",5.992841605711118
