,labelled data,weights,regret
0,50,"[0.9671428571428571, 1.1783333333333335, 1.2166666666666668, 0.40000000000000013, 0.8, 1.3000000000000003, 1.5000000000000004, 1.4833333333333336, 0.6999999999999997, 1.5666666666666673, 0.6170238095238096, 0.9533333333333333]",9.17416318924552
1,100,"[1.092142857142857, 1.1783333333333335, 1.2166666666666668, 0.20000000000000015, 0.9, 1.3000000000000003, 1.6000000000000005, 1.5333333333333337, 0.5749999999999997, 1.8166666666666675, 0.5688095238095241, 0.8366666666666666]",3.6706237196784763
