,labelled data,weights,regret
0,50,"[60.001000000000005, 40.001000000000005, 221.0, 50.001, 0.001, 100.001, 41.0, 151.0, 70.001, 20.000999999999998, 111.0, 60.001]",0.02457159039163414
1,100,"[70.001, 70.001, 221.0, 80.001, 0.001, 200.001, 61.0, 241.0, 40.001, 0.001, 201.0, 80.001]",0.007919044549687823
