,weights,regret
0,"[0.7, 1.5000000000000004, 1.8000000000000005, 0.801, 1.0, 1.0, 2.1000000000000005, 2.6000000000000014, 0.29999999999999993, 1.7999999999999998, 1.6, 1.5999999999999996]",27.97822551885531
