,weights,regret
0,"[1.0, 0.9, 1.2000000000000002, 2.100000000000001, 0.5500000000000003, 1.3000000000000003, 0.26666666666666683, 0.20000000000000007, 0.0010000000000000009, 0.3666666666666668, 0.5500000000000003, 1.9000000000000008]",1.1882758665447948
