,labelled data,weights,regret
0,50,"[6.5, 3.7510000000000003, 12.346153846153843, 11.0, 11.0, 0.001, 9.75, 8.5, 13.5, 6.0, 7.25, 4.75]",37.48189879340395
1,100,"[11.0, 3.751, 18.11538461538461, 11.0, 11.0, 0.001, 7.25, 8.751000000000001, 16.0, 7.25, 16.0, 13.5]",40.71481648594904
