,labelled data,weights,regret
0,50,"[1.0000000000000002, 0.9999999999999998, 1.1230769230769226, 1.0, 0.9, 1.3000000000000003, 1.3249999999999993, 1.1125000000000003, 1.1125, 0.9000000000000002, 1.0999999999999994, 0.9250000000000004]",2.3504431067157237
1,100,"[0.9850000000000002, 0.9874999999999998, 1.2153846153846146, 0.9, 1.0, 1.3000000000000003, 1.399999999999999, 1.1125000000000003, 1.125, 0.8750000000000003, 1.0749999999999993, 0.9125000000000004]",2.8294318724118135
