,labelled data,weights,regret
0,50,"[0.001, 6.0, 6.0, 0.001, 1.0, 6.0, 2.5009999999999994, 10.001000000000001, 4.333333333333334, 18.5, 7.666666666666666, 2.501]",0.42925745056518594
1,100,"[3.0009999999999994, 6.0, 8.5, 5.6259999999999994, 6.0, 6.0, 11.251, 10.001000000000001, 1.8333333333333346, 28.499999999999986, 8.5, 7.5009999999999994]",9.376991514875948
