,labelled data,weights,regret
0,50,"[0.6999999999999996, 1.5, 1.7019230769230766, 1.5, 0.001, 1.5, 1.875, 1.4375, 1.125, 1.75, 0.5, 0.251]",8.597420604579554
1,100,"[0.27499999999999963, 1.75, 2.2692307692307683, 1.5, 0.001, 1.5, 2.3125, 2.0, 0.75, 2.0, 0.3135, 0.751]",8.166489126390633
