,weights,regret
0,"[1.0209999999999988, 1.0188679245283023, 1.0, 1.0733870967741885, 1.0, 1.0, 1.1, 1.1, 1.0833333333333333, 0.9625000000000001, 1.1, 1.12]",14.932785749452155
