,labelled data,weights,regret
0,50,"[1.006999999999999, 1.0132075471698119, 1.0083333333333333, 1.0177419354838695, 1.0, 1.0, 1.1800000000000002, 1.1, 1.0166666666666668, 1.0, 1.1, 1.09]",4.055308024012209
1,100,"[1.006999999999999, 1.0150943396226422, 1.0125, 1.035483870967739, 1.0, 1.0, 1.1800000000000002, 1.1, 1.0166666666666668, 0.9750000000000001, 1.1, 1.11]",4.678052298570908
