,labelled data,weights,regret
0,50,"[17.666666666666664, 14.358142857142857, 21.0, 11.0, 11.0, 20.000999999999998, 17.785714285714285, 10.166666666666666, 10.001, 2.095238095238095, 23.5, 5.001]",4.265872894769293
1,100,"[25.083333333333332, 6.691476190476191, 34.333333333333336, 31.0, 11.0, 30.000999999999998, 17.785714285714285, 27.666666666666664, 11.667666666666662, 16.334333333333333, 34.595238095238095, 7.143857142857144]",0.016380044286550564
