,labelled data,weights,regret
0,50,"[0.001, 20.001, 10.001000000000001, 0.001, 1.0, 6.0, 10.001000000000001, 26.0, 5.001000000000001, 30.001, 15.001, 10.001000000000001]",0.9312729035459354
1,100,"[0.0010000000000012221, 25.001, 25.001, 0.001, 21.0, 16.0, 15.001000000000001, 36.0, 10.001000000000001, 50.001000000000005, 25.000999999999998, 10.001]",0.94366718028454
