,labelled data,weights,regret
0,50,"[1.0949999999999984, 1.0849056603773592, 1.312499999999999, 1.0362903225806457, 1.0, 1.0, 2.1000000000000005, 1.75, 0.8333333333333337, 1.3125, 1.5, 0.3999999999999995]",5.610472681206886
1,100,"[1.1349999999999985, 1.1320754716981143, 1.4583333333333317, 1.0040322580645158, 1.0, 1.0, 2.1000000000000005, 1.75, 0.8333333333333337, 1.5, 1.5, 0.2499999999999996]",5.468096222174733
