,labelled data,weights,regret
0,50,"[0.001, 6.5, 4.5, 1.5, 1.5, 1.0, 3.0, 6.5, 1.5, 5.0, 4.0, 3.0]",9.327259600864162
1,100,"[14.001, 7.0, 6.5, 11.001, 4.5009999999999994, 3.0, 4.0, 9.0, 0.001, 6.5, 6.0, 3.5]",306.135454324508
