,labelled data,weights,regret
0,50,"[1.1500000000000001, 1.169811320754717, 1.1250000000000002, 1.3629032258064513, 1.0, 1.0, 1.6, 2.0, 2.1666666666666665, 0.0010000000000000009, 2.0, 0.9999999999999992]",11.90317594640343
1,100,"[1.2900000000000003, 1.2075471698113207, 1.3750000000000007, 1.419354838709677, 1.0, 1.0, 1.8, 2.0, 1.9999999999999998, 0.5009999999999999, 2.0, 0.6999999999999993]",14.243039289398705
