,labelled data,weights,regret
0,50,"[1.0009999999999994, 11.0, 7.0, 0.001, 2.0, 2.0, 2.001, 13.001, 0.001, 11.0, 8.0, 4.0]",3.2870622870979176
1,100,"[6.0009999999999994, 16.0, 8.0, 4.001, 2.0, 4.0, 6.0009999999999994, 13.001, 4.001, 16.0, 10.0, 4.0]",10.620149530398612
