,labelled data,weights,regret
0,50,"[1.1, 1.2000000000000002, 1.1, 0.9, 1.0, 1.0, 2.100000000000001, 0.5999999999999999, 0.20000000000000015, 0.6916666666666665, 1.1, 1.5000000000000004]",3.992801509943669
1,100,"[0.9, 1.3000000000000003, 1.4000000000000004, 0.6999999999999997, 1.0, 1.0, 2.100000000000001, 0.49999999999999983, 0.301, 1.0916666666666666, 1.1, 1.5000000000000004]",1.0733006143344364
