,labelled data,weights,regret
0,50,"[0.5, 2.25, 1.5, 0.001, 1.0, 1.0, 1.0999999999999999, 1.0, 1.166666666666667, 3.4999999999999987, 1.5, 0.8499999999999996]",1.5602174078260156
1,100,"[0.801, 2.5, 1.5, 0.0635, 1.0, 1.0, 1.9000000000000006, 1.0, 0.666666666666667, 4.166666666666665, 1.5, 0.7999999999999997]",1.5865935875089423
