,weights,regret
0,"[1.1009999999999998, 1.8999999999999997, 2.3, 1.1, 1.8000000000000007, 2.000000000000001, 1.6999999999999995, 2.5000000000000004, 1.6000000000000008, 3.200000000000001, 0.801, 1.7000000000000002]",1.4854874568508232
