,labelled data,weights,regret
0,50,"[6.0, 6.0, 6.0, 6.0, 1.0, 6.0, 16.0, 10.001, 1.0, 1.8760000000000003, 6.0, 6.0]",230.83141033964952
1,100,"[6.0, 11.0, 6.0, 5.166666666666666, 3.501, 6.0, 16.0, 15.001, 0.001, 9.376000000000001, 6.0, 6.0]",18.4836351148301
