,weights,regret
0,"[1.8249999999999993, 0.001, 1.8461538461538474, 2.0, 1.5, 0.001, 1.0635, 1.001, 2.875, 1.9375, 1.875, 1.75]",0.5929632204694908
