,weights,regret
0,"[1.131952380952381, 6.5, 6.333333333333333, 2.1047619047619053, 3.0, 1.0, 3.25, 7.5009999999999994, 0.4176666666666667, 1.833333333333333, 3.5, 10.0]",0.04421915974948091
