,labelled data,weights,regret
0,50,"[1.12, 1.169811320754717, 1.6666666666666679, 1.354838709677419, 1.4500000000000004, 1.0, 2.6, 2.0, 0.8333333333333335, 0.126, 1.666666666666667, 1.5000000000000004]",12.071861212884672
1,100,"[1.3900000000000003, 1.1132075471698113, 1.7083333333333346, 1.7177419354838703, 1.4500000000000004, 1.0, 2.6, 2.0, 1.166666666666667, 0.0010000000000000009, 1.666666666666667, 0.001]",3.0150445455223926
