,labelled data,weights,regret
0,50,"[2.5, 1.251, 18.692307692307693, 11.0, 11.0, 0.001, 12.501, 13.751, 16.0, 6.251, 11.0, 7.501000000000001]",32.82219341885885
1,100,"[8.001, 3.751, 28.49999999999999, 11.0, 1.0, 10.001, 21.250999999999998, 20.000999999999998, 19.75, 13.751000000000001, 13.5, 10.001000000000001]",0.010608211458367989
