,weights,regret
0,"[2.0000000000000004, 0.4999999999999999, 0.001, 1.8000000000000014, 1.0, 1.0, 1.101, 0.101, 5.899999999999995, 3.800000000000002, 1.6, 1.5999999999999994]",0.2965136587369701
