,labelled data,weights,regret
0,50,"[5.5, 3.5009999999999994, 8.5, 0.001, 2.5, 3.0, 7.0, 6.5, 1.5, 5.5, 2.001, 0.5]",7.384643947484562
1,100,"[5.0, 3.5009999999999994, 8.5, 0.501, 3.5, 4.0, 6.5, 7.0, 5.501, 6.5, 0.001, 1.0]",3.0876185007746773
