,labelled data,weights,regret
0,50,"[6.0, 16.0, 21.0, 6.0, 6.0, 6.0, 16.0, 40.001000000000005, 1.0, 21.0, 36.0, 51.0]",18.73614295283876
1,100,"[16.0, 31.0, 26.0, 26.0, 11.0, 16.0, 16.0, 45.001000000000005, 11.0, 16.0, 36.0, 41.0]",16.074453276511907
