,labelled data,weights,regret
0,50,"[1.0109999999999995, 1.0320754716981149, 1.0291666666666666, 0.9959677419354839, 1.0, 1.0, 1.2000000000000002, 1.1500000000000001, 0.9833333333333335, 1.025, 1.1, 1.04]",10.972703694155362
1,100,"[1.0279999999999991, 1.0377358490566062, 1.0333333333333332, 0.9991935483870972, 1.005, 1.0, 1.2000000000000002, 1.1500000000000001, 0.9833333333333335, 1.1749999999999994, 1.1, 0.9299999999999999]",8.777953822880686
