,weights,regret
0,"[11.0, 11.0, 11.0, 17.666666666666664, 11.0, 11.0, 11.0, 10.001000000000001, 0.001, 6.0, 9.333333333333334, 25.0]",16.010870189688564
