,labelled data,weights,regret
0,50,"[41.0, 20.000999999999998, 101.0, 25.001, 0.001, 55.001000000000005, 31.0, 81.0, 30.001000000000005, 10.001, 66.0, 30.001]",0.838675266161592
1,100,"[71.0, 40.001000000000005, 106.0, 60.001000000000005, 0.001, 65.001, 61.0, 96.0, 20.001000000000005, 30.001000000000005, 101.0, 40.001000000000005]",2.1197332609836335
