,labelled data,weights,regret
0,50,"[0.7026190476190475, 0.9450000000000004, 1.4750000000000005, 0.8, 1.1, 1.4000000000000004, 2.0000000000000004, 2.0916666666666672, 0.2666666666666666, 1.6144047619047623, 0.18, 0.001]",3.0667481075829337
1,100,"[0.3439285714285709, 1.861666666666668, 1.7750000000000008, 0.9, 0.9, 1.8000000000000007, 2.233333333333334, 2.4916666666666676, 0.8416666666666668, 1.981071428571429, 0.001, 0.017666666666666667]",0.12681317959347901
