,weights,regret
0,"[0.5, 1.6000000000000003, 2.4000000000000012, 1.4, 1.1, 1.2000000000000002, 0.19999999999999982, 2.100000000000001, 1.0999999999999996, 1.7999999999999998, 1.5, 1.6999999999999997]",0.6345288104919944
