,labelled data,weights,regret
0,50,"[2.0, 3.0, 3.0, 4.0, 1.001, 2.0, 3.601, 5.5009999999999994, 0.8343333333333334, 2.25, 2.0, 1.3010000000000002]",491.70993637454234
1,100,"[3.001, 4.0, 4.0, 1.0, 2.001, 1.001, 2.601, 5.5009999999999994, 1.501, 7.25, 2.0, 1.501]",7.520212104340102
