,labelled data,weights,regret
0,50,"[0.9000000000000009, 3.264150943396226, 5.166666666666666, 0.7580645161290319, 1.0, 1.0, 17.0, 11.0, 7.666666666666669, 12.501000000000001, 11.0, 4.0]",4.264750077900108
1,100,"[0.700000000000001, 4.962264150943397, 6.416666666666668, 0.565516129032258, 4.0, 1.0, 19.0, 11.0, 6.000000000000002, 18.751, 11.0, 7.0]",4.191421513716558
