,labelled data,weights,regret
0,50,"[0.5, 2.5, 2.5, 0.001, 1.0, 1.5, 0.376, 2.5, 0.16766666666666666, 4.25, 1.5, 0.601]",1.7151758375905153
1,100,"[0.0010000000000000009, 3.0, 2.5, 0.1885, 1.0, 1.5, 2.126, 2.5, 0.001, 5.25, 1.5, 0.7010000000000001]",0.4291185683599344
