,weights,regret
0,"[2.0, 3.501, 2.083333333333333, 8.458333333333332, 2.3191818181818182, 2.0, 0.001, 0.501, 5.25, 6.25, 5.0, 9.0]",0.6998143194199686
