,weights,regret
0,"[1.0009999999999994, 1.6000000000000003, 4.7010000000000005, 1.1, 1.9000000000000008, 1.3000000000000003, 1.3, 1.7999999999999992, 1.4, 3.1000000000000014, 0.101, 0.49999999999999983]",0.6390080529994334
