,labelled data,weights,regret
0,50,"[3.0, 20.000999999999998, 19.666666666666664, 11.0, 0.001, 11.0, 11.0, 12.25, 2.25, 23.5, 0.001, 11.0]",6.728372768499006
1,100,"[9.001, 15.000999999999998, 23.555555555555554, 11.0, 0.001, 11.0, 13.5, 16.0, 0.001, 21.0, 11.251, 11.0]",8.662750770818482
