,labelled data,weights,regret
0,50,"[0.20000000000000015, 1.4000000000000004, 1.0, 0.2033333333333332, 1.0, 1.0, 1.0, 1.7000000000000006, 0.20000000000000012, 2.4833333333333343, 1.1, 0.18333333333333354]",5.810222204527206
1,100,"[0.21155555555555558, 1.9000000000000008, 1.2000000000000002, 0.1333333333333332, 1.0, 1.0, 1.1, 1.7000000000000006, 0.17500000000000013, 2.4833333333333343, 1.1, 0.18333333333333351]",0.49466167793203375
