,weights,regret
0,"[2.000000000000001, 1.0, 0.10000000000000014, 1.3000000000000007, 1.2000000000000002, 1.2000000000000002, 1.8000000000000007, 1.2000000000000002, 1.2000000000000002, 1.2, 1.2000000000000002, 1.5010000000000003]",1.2972941383331753
