,weights,regret
0,"[0.10099999999999999, 3.116666666666668, 3.4666666666666663, 0.5009999999999999, 0.501, 2.0, 3.0625, 3.8125, 2.25, 1.875, 0.1885, 0.2867142857142857]",0.1817336309309105
