,weights,regret
0,"[11.0, 15.001000000000001, 0.001000000000000334, 30.999999999999993, 11.0, 15.001, 10.001, 20.000999999999998, 15.999999999999998, 59.3333333333333, 14.333333333333329, 3.0009999999999994]",0.12112570858833722
