,weights,regret
0,"[7.5, 2.25, 0.501, 4.25, 3.5, 1.5, 6.25, 1.251, 14.0, 4.833333333333333, 4.0, 6.5]",1.2480332712522202
