,weights,regret
0,"[6.0, 10.001000000000001, 15.001000000000001, 23.5, 11.0, 10.001000000000001, 7.501000000000001, 37.501, 4.167666666666668, 47.666666666666664, 5.001, 22.917666666666666]",0.6570418341269431
