,labelled data,weights,regret
0,50,"[11.0, 11.0, 11.0, 21.0, 11.0, 21.0, 21.0, 45.001000000000005, 1.6676666666666682, 15.834333333333333, 21.0, 0.001]",0.47943121778590947
1,100,"[11.0, 11.0, 21.0, 46.0, 11.0, 21.0, 11.0, 45.001000000000005, 8.334333333333333, 13.346238095238094, 21.0, 0.001]",0.27180405600272534
