,weights,regret
0,"[1.4000000000000004, 1.1, 0.30000000000000016, 1.9500000000000008, 1.1, 1.1, 2.200000000000001, 1.1500000000000001, 1.4000000000000006, 1.116666666666667, 1.1, 1.1]",1.295652383518165
