,weights,regret
0,"[2.799999999999998, 0.001, 0.9352941176470586, 0.0010000000000000009, 1.5, 2.0, 1.9375, 0.1885, 3.625, 2.625, 2.6250000000000004, 1.375]",0.5124665246176195
