,labelled data,weights,regret
0,50,"[2.0, 2.0, 2.0, 1.0000000000000002, 1.0, 1.0, 1.4009999999999998, 2.001, 1.8333333333333333, 3.4999999999999996, 2.0, 1.5]",65.74053778115778
1,100,"[2.0, 2.0, 2.0, 0.666666666666667, 1.0, 1.0, 2.001, 2.001, 1.8333333333333333, 3.4999999999999996, 2.0, 1.9]",58.50122557009957
