,labelled data,weights,regret
0,50,"[1.2000000000000004, 0.375, 1.7596153846153846, 2.0, 1.5, 0.001, 1.75, 1.125, 2.3125, 1.125, 1.75, 0.75]",42.082781615742824
1,100,"[1.1250000000000004, 0.1885, 2.423076923076923, 2.0, 1.5, 0.001, 1.8125, 1.125, 2.8125, 0.5625, 1.8125, 0.875]",34.25631398857247
