,weights,regret
0,"[2.303571428571429, 4.25, 1.583333333333333, 1.0958717948717949, 2.0, 3.0, 0.875, 7.5, 1.001, 3.3333333333333335, 1.5, 0.9510000000000001]",0.06275999277817017
