,weights,regret
0,"[0.001, 4.444047619047618, 4.166666666666666, 1.501, 3.0, 5.0009999999999994, 5.308333333333334, 7.291666666666667, 1.626, 6.458333333333333, 0.41528571428571426, 0.001]",0.1237831654268039
