,weights,regret
0,"[1.0300000000000005, 1.1499999999999997, 0.9903846153846154, 1.4000000000000004, 1.1, 0.7000000000000001, 0.8125000000000004, 1.349999999999999, 1.05, 1.4249999999999992, 0.6750000000000007, 0.8750000000000002]",1.0790151472909624
