,weights,regret
0,"[0.308333333333333, 2.900000000000001, 3.533333333333334, 0.5009999999999999, 1.501, 2.0, 2.125, 3.75, 1.1875, 1.4583333333333333, 0.1885, 0.501]",0.30654880613797336
