,labelled data,weights,regret
0,50,"[0.001, 2.5, 2.4696969696969693, 0.001, 2.001, 1.5, 2.666666666666667, 2.499999999999999, 2.0843333333333334, 3.25, 0.001, 0.626]",0.37720412734139824
1,100,"[0.001, 4.083333333333334, 3.4696969696969684, 1.501, 1.001, 2.0, 2.8333333333333344, 4.166666666666664, 2.8343333333333334, 1.9999999999999998, 0.0010000000000000009, 0.001]",0.16289259787633933
