,labelled data,weights,regret
0,50,"[0.5000000000000001, 1.5000000000000004, 1.2000000000000002, 0.5999999999999999, 1.0, 1.0, 0.8, 1.9000000000000008, 0.001, 2.100000000000001, 1.1, 0.6833333333333332]",13.593081547580626
1,100,"[0.001, 2.4000000000000012, 1.4000000000000004, 0.04385714285714286, 1.0, 1.0, 1.4500000000000004, 2.100000000000001, 0.101, 3.200000000000002, 1.1, 0.9833333333333333]",0.8553349717989893
