,labelled data,weights,regret
0,50,"[2.0, 2.0, 4.0, 1.0, 1.0, 1.0, 4.0, 0.5009999999999999, 0.8343333333333334, 0.501, 3.0, 4.0]",1.3288298172644106
1,100,"[4.0, 5.0, 5.0, 3.5, 2.0, 2.0, 5.0, 0.001, 0.6676666666666666, 0.301, 4.0, 3.0]",1.3620451728132186
