,weights,regret
0,"[1.1, 1.2000000000000002, 1.6000000000000005, 2.000000000000001, 1.1, 0.001, 0.22500000000000017, 1.0000000000000002, 1.7000000000000006, 0.625833333333333, 1.1, 0.7999999999999998]",1.1728273093644095
