,labelled data,weights,regret
0,50,"[0.40000000000000013, 1.5000000000000004, 1.4000000000000004, 0.5999999999999998, 1.0, 1.0, 0.7000000000000001, 1.8000000000000007, 0.13333333333333347, 1.7000000000000006, 1.1, 0.7500000000000001]",8.67559149597918
1,100,"[0.121, 2.000000000000001, 1.6000000000000005, 0.001, 1.0, 1.0, 1.4000000000000004, 1.8000000000000007, 0.20833333333333348, 1.7000000000000006, 1.1, 0.49999999999999994]",1.5185778443262008
