,weights,regret
0,"[5.001, 71.0, 31.0, 3.751, 16.0, 26.0, 10.001000000000001, 66.0, 5.834333333333333, 74.376, 31.0, 59.501000000000005]",0.6336034615633522
