,weights,regret
0,"[24.83433333333333, 24.166666666666668, 2.794803418803419, 20.000999999999998, 1.0, 31.0, 6.2509999999999994, 5.001, 2.620047619047619, 10.001, 20.000999999999998, 25.001]",0.6495921778699812
