,labelled data,weights,regret
0,50,"[0.001, 1.9000000000000008, 2.9000000000000004, 0.5000000000000001, 0.8, 2.000000000000001, 2.1, 3.200000000000001, 1.1000000000000008, 2.5000000000000004, 0.001, 0.5010000000000001]",0.11742667825270703
1,100,"[0.7010000000000001, 2.600000000000001, 3.1000000000000005, 0.40000000000000013, 0.8, 2.9000000000000017, 2.4000000000000004, 3.8000000000000016, 0.5000000000000007, 3.4000000000000012, 0.201, 0.9010000000000002]",0.15606155492912535
