,weights,regret
0,"[2.8000000000000003, 0.9010000000000001, 3.900000000000001, 2.9000000000000017, 2.4000000000000012, 0.0010000000000000009, 0.6010000000000001, 1.4000000000000006, 4.000000000000002, 4.200000000000001, 0.101, 2.0999999999999996]",0.7740914209133722
