,weights,regret
0,"[0.7005952380952378, 2.9488095238095235, 2.2887728213815173, 4.5, 2.501, 1.501, 0.6759999999999999, 4.058333333333334, 0.0635, 6.55, 0.14623809523809533, 1.0426666666666669]",0.941388142793823
