,weights,regret
0,"[1.8000000000000005, 0.9, 1.0999999999999999, 1.0, 1.0, 1.0, 0.8000000000000003, 0.501, 2.2000000000000006, 2.400000000000001, 1.6, 1.0999999999999992]",0.5300266821643824
