,labelled data,weights,regret
0,50,"[1.2214285714285709, 7.666666666666667, 5.0, 1.001, 0.001, 7.0, 8.834333333333333, 8.333333333333332, 2.6676666666666664, 8.334333333333332, 0.001, 0.001]",0.13445065352135796
1,100,"[0.45933333333333337, 10.433333333333337, 8.0, 2.001, 3.0009999999999994, 13.0, 9.834333333333333, 14.833333333333332, 1.501, 11.167666666666664, 0.989095238095238, 0.5676666666666665]",0.11727303653664982
