,labelled data,weights,regret
0,50,"[1.1, 1.1, 1.2000000000000002, 1.7000000000000004, 0.9, 1.4000000000000004, 0.001, 1.6000000000000005, 0.5000000000000001, 1.0, 1.1, 0.30100000000000005]",2.0647762524263524
1,100,"[1.1, 1.1, 1.3000000000000003, 2.0000000000000004, 0.9, 1.7000000000000006, 0.001, 1.7000000000000006, 0.20100000000000004, 0.201, 1.1, 0.001000000000000112]",0.13461367419688644
