,weights,regret
0,"[0.5630952380952381, 3.870047619047618, 3.272727272727273, 3.0, 7.5, 2.001, 5.232142857142857, 6.666666666666666, 1.001, 2.1129047619047614, 1.7458333333333331, 0.5509999999999999]",0.4609417715224125
