,labelled data,weights,regret
0,50,"[0.40000000000000013, 1.1, 0.9, 0.49999999999999994, 1.0, 1.0, 1.2000000000000002, 1.6000000000000005, 0.3000000000000001, 1.7142857142857149, 0.9, 0.5083333333333335]",8.561298462474722
1,100,"[0.30000000000000016, 1.2000000000000002, 1.3000000000000003, 0.001, 1.0, 1.0, 1.3000000000000003, 1.7000000000000006, 0.20000000000000012, 2.014285714285715, 0.9, 0.40833333333333355]",1.532114913828797
