,labelled data,weights,regret
0,50,"[0.501, 3.0, 2.0, 0.16766666666666666, 1.0, 2.0, 1.75, 3.25, 1.501, 3.75, 1.5, 0.08433333333333337]",5.841982373325066
1,100,"[0.7843333333333333, 4.5, 2.5, 0.251, 1.0, 2.0, 3.25, 4.75, 1.001, 3.75, 1.5, 0.001]",5.902301083382943
