,weights,regret
0,"[1.165000000000001, 1.2169811320754713, 1.2291666666666663, 1.2500000000000013, 1.0, 1.0, 1.6, 1.5, 1.3333333333333335, 0.9375, 1.5, 1.8000000000000003]",0.9086309135598347
