,labelled data,weights,regret
0,50,"[1.7500000000000002, 0.7083333333333333, 2.766666666666667, 1.5, 0.001, 2.0, 1.875, 2.1875, 1.5625, 1.3803571428571428, 1.875, 0.75]",1.2501655935010858
1,100,"[1.5500000000000005, 0.7083333333333331, 3.6333333333333333, 1.0, 0.0010000000000000009, 2.0, 2.375, 2.8125, 1.6875, 0.9428571428571428, 2.125, 1.125]",0.006377817109227374
