,labelled data,weights,regret
0,50,"[2.200000000000001, 1.7547169811320753, 3.499999999999999, 0.838709677419355, 1.0, 1.0, 15.0, 16.0, 4.333333333333336, 12.501, 11.0, 5.0]",4.221735600894664
1,100,"[0.10099999999999998, 3.264150943396226, 8.5, 0.3235806451612903, 3.0, 1.0, 17.0, 16.0, 2.666666666666669, 21.250999999999998, 11.0, 7.0]",4.097080190061043
