,labelled data,weights,regret
0,50,"[0.001, 36.0, 31.0, 0.001, 6.0, 6.0, 5.001000000000001, 27.500999999999998, 5.0009999999999994, 31.0, 6.0, 5.834333333333333]",0.20449080679588444
1,100,"[9.001, 36.0, 36.0, 0.8343333333333333, 6.0, 6.0, 37.501000000000005, 32.501, 5.0009999999999994, 36.0, 6.0, 2.5010000000000012]",0.807506555678065
