,labelled data,weights,regret
0,50,"[1.1500000000000001, 1.3773584905660377, 1.4166666666666665, 1.2016129032258065, 1.25, 2.0, 8.0, 6.0, 3.500000000000001, 1.0, 6.0, 5.5]",59.60859826586016
1,100,"[1.1500000000000001, 1.3773584905660377, 1.4166666666666665, 1.3225806451612903, 1.25, 2.0, 8.0, 6.0, 3.500000000000001, 1.0, 6.0, 5.5]",59.60859826586016
