,labelled data,weights,regret
0,50,"[0.001, 32.501000000000005, 22.501, 0.001, 16.0, 35.001000000000005, 14.75, 38.08333333333333, 10.001000000000001, 24.91766666666667, 0.001, 0.001]",0.1755277289784638
1,100,"[6.9057619047619045, 42.501000000000005, 30.001, 10.001000000000001, 41.0, 70.001, 33.91666666666667, 43.08333333333333, 10.834333333333333, 46.58433333333334, 4.721238095238095, 5.834333333333333]",0.2234851031215312
