,labelled data,weights,regret
0,50,"[5.001, 21.0, 16.0, 0.001, 6.0, 1.0, 26.0, 17.500999999999998, 2.501, 20.834333333333333, 11.0, 7.5009999999999994]",9.326506339141927
1,100,"[10.001000000000001, 31.0, 16.0, 0.001, 6.0, 5.001, 33.5, 32.501, 2.5009999999999994, 30.834333333333333, 11.0, 17.500999999999998]",15.787591108660637
