,weights,regret
0,"[0.16766666666666666, 5.75, 5.208333333333333, 2.4749999999999996, 2.0, 2.5, 0.001, 5.0009999999999994, 3.75, 9.0, 3.5, 9.0]",0.356144245613803
