,labelled data,weights,regret
0,50,"[1.054999999999999, 1.0754716981132082, 1.1041666666666663, 1.2016129032258076, 1.0, 1.0, 1.2999999999999998, 1.5, 1.5833333333333333, 0.0010000000000000009, 1.5, 0.9499999999999995]",11.259579995073858
1,100,"[1.0799999999999979, 1.0943396226415103, 1.166666666666666, 1.282258064516133, 1.0, 1.0, 1.2999999999999998, 1.5, 1.5833333333333333, 0.0010000000000000009, 1.5, 0.001]",3.142060422621882
