,labelled data,weights,regret
0,50,"[0.001, 71.66766666666666, 61.0, 10.001, 40.001, 71.0, 63.5, 104.33333333333333, 52.501000000000005, 56.83333333333333, 0.001, 15.000999999999998]",0.12685012823760064
1,100,"[12.298619047619049, 116.66766666666666, 101.0, 10.001, 80.001, 141.0, 136.0, 139.33333333333331, 39.16766666666666, 96.0, 21.500999999999998, 0.001]",0.1910449149893072
