,labelled data,weights,regret
0,50,"[2.0, 3.0, 4.0, 2.0, 1.0, 1.0, 3.0, 0.001, 0.001, 4.000999999999999, 2.0, 4.0]",1.8382922599500116
1,100,"[3.0, 4.5, 5.0, 2.0, 1.0, 1.0, 4.0, 0.501, 0.0010000000000000009, 4.001, 2.0, 4.0]",2.259981280683492
