,labelled data,weights,regret
0,50,"[1.4000000000000001, 1.3773584905660377, 1.4166666666666665, 1.3225806451612903, 1.5, 3.0, 11.0, 11.0, 9.333333333333334, 4.75, 11.0, 11.0]",44.79504182517741
1,100,"[1.2000000000000002, 1.3773584905660377, 1.833333333333333, 1.483870967741935, 1.5, 3.0, 11.0, 11.0, 9.333333333333334, 4.75, 11.0, 11.0]",45.52798016180238
