,weights,regret
0,"[0.4, 1.5000000000000004, 2.500000000000001, 1.0999999999999999, 1.0, 1.1, 1.3, 1.5000000000000004, 0.501, 0.9999999999999994, 1.6, 2.8000000000000007]",0.6747419978806958
