,labelled data,weights,regret
0,50,"[0.6, 1.5, 1.0, 0.001, 2.0, 1.0, 3.0, 0.001, 1.0, 0.5, 1.0, 0.6]",3.6679118948136833
1,100,"[0.6, 1.5, 1.0, 0.001, 2.0, 1.0, 3.0, 0.001, 1.0, 0.5, 1.0, 0.6]",2.774314630431231
