,weights,regret
0,"[0.0010000000000000009, 3.416666666666667, 3.000000000000001, 0.001, 1.0, 2.0, 2.3125, 3.5, 2.4375, 0.7333333333333334, 0.0010000000000000009, 1.2833333333333334]",0.65271515049349
