,labelled data,weights,regret
0,50,"[0.251, 3.5, 2.0, 0.16766666666666666, 1.0, 2.0, 2.5, 3.25, 0.501, 4.25, 1.5, 0.08433333333333337]",0.6952674642677287
1,100,"[0.3329444444444445, 5.5, 3.5, 0.001, 1.0, 2.0, 3.5, 3.25, 0.7093333333333334, 5.75, 1.5, 1.501]",0.48231526053322893
