,weights,regret
0,"[1.0579999999999985, 0.9773584905660376, 0.9916666666666667, 1.06048387096774, 1.0, 1.0, 0.9199999999999999, 1.1, 1.2166666666666661, 1.1374999999999995, 1.1, 0.97]",7.389995684454749
