,labelled data,weights,regret
0,50,"[1.5, 1.5, 1.5, 1.5, 1.0, 0.5, 2.0, 2.5, 0.4176666666666667, 1.25, 1.5, 0.5]",562.0890069801162
1,100,"[1.5, 2.5, 1.5, 1.3333333333333333, 1.0, 1.0, 1.0, 2.5, 0.4176666666666667, 2.625, 1.5, 0.25]",36.41338537071924
