,labelled data,weights,regret
0,50,"[3.0, 3.0, 5.0, 9.5, 2.0, 3.0, 0.75, 8.501, 0.8343333333333334, 0.001, 6.0, 1.8010000000000002]",0.39224802827889826
1,100,"[3.0, 3.0, 7.0, 12.5, 1.001, 2.0, 1.25, 13.501, 0.8343333333333334, 0.5009999999999999, 10.0, 0.001]",0.24431222663781707
