,weights,regret
0,"[0.6849999999999997, 1.1415094339622658, 1.1666666666666659, 0.9637096774193553, 1.2249999999999992, 1.0, 1.3000000000000003, 1.0, 0.583333333333333, 0.6885, 1.333333333333333, 2.7499999999999982]",0.5919346624415573
