,labelled data,weights,regret
0,50,"[1.1500000000000001, 0.4375, 1.8365384615384615, 1.5, 1.5, 0.5, 2.25, 1.3125, 1.8125, 0.625, 1.75, 0.875]",7.447478988302671
1,100,"[0.8499999999999999, 0.25, 2.4230769230769225, 1.5, 1.5, 0.5, 3.0, 1.0625, 1.6875, 0.1885, 2.25, 0.875]",5.341721604985866
