,weights,regret
0,"[0.001, 67.501, 52.97775427187193, 70.001, 30.000999999999998, 20.000999999999998, 18.334333333333333, 103.10714285714286, 0.001, 67.50099999999999, 0.001, 27.667666666666666]",0.1971445548193119
