,weights,regret
0,"[2.2000000000000006, 1.0999999999999999, 0.6000000000000001, 1.4000000000000001, 1.0, 1.0, 1.0999999999999999, 0.30000000000000016, 2.2000000000000006, 1.8000000000000003, 1.6, 1.1999999999999993]",0.7718379336239104
