,labelled data,weights,regret
0,50,"[1.0, 21.0, 41.0, 0.001, 11.0, 1.0, 20.001, 30.000999999999998, 11.0, 46.0, 21.0, 0.001]",0.4772937534513528
1,100,"[11.667666666666667, 81.0, 81.0, 17.667666666666666, 10.001, 11.0, 30.001, 30.000999999999998, 11.0, 66.0, 21.0, 13.33433333333333]",15.704927671094763
