,weights,regret
0,"[1.748420634920635, 1.9964285714285719, 2.0, 1.501, 2.0, 2.501, 0.6884999999999999, 2.9833333333333334, 1.625, 2.75, 1.4039761904761905, 1.3593333333333333]",2.0829664560186085
