,weights,regret
0,"[3.6436507936507936, 3.3176666666666668, 2.066666666666667, 1.001, 3.0, 2.0, 3.4166666666666665, 2.725595238095238, 1.5916666666666672, 3.2791666666666663, 2.5541666666666667, 2.6666666666666665]",0.3177197769891181
