,weights,regret
0,"[0.7000000000000001, 1.6000000000000005, 1.4000000000000004, 1.3666666666666671, 1.1, 1.0, 0.4500000000000002, 1.4000000000000004, 0.6833333333333333, 1.5833333333333337, 1.1, 1.3500000000000003]",0.43262806865084563
