,labelled data,weights,regret
0,50,"[1.0549999999999997, 1.160377358490568, 1.312499999999999, 1.0604838709677438, 1.1999999999999993, 1.0, 1.7000000000000006, 1.75, 0.49999999999999983, 1.5, 1.1666666666666665, 0.95]",8.228461295557581
1,100,"[1.0649999999999995, 1.188679245283021, 1.479166666666665, 0.9798387096774205, 1.1999999999999993, 1.0, 1.8000000000000007, 1.75, 0.4166666666666665, 2.0, 1.1666666666666665, 1.05]",8.101968651988525
