,weights,regret
0,"[0.25000000000000033, 1.6875, 2.2788461538461537, 0.001, 1.5, 2.0, 2.8125, 2.9375, 2.4375, 1.4375, 0.0010000000000000009, 0.6875]",0.14098136629915445
