,weights,regret
0,"[6.191476190476189, 76.00099999999999, 42.887904761904764, 60.001000000000005, 80.001, 30.000999999999998, 48.82142857142856, 82.751, 77.66666666666666, 31.024809523809523, 0.001, 19.167666666666666]",4.859512751979797
