,weights,regret
0,"[0.001, 31.0, 11.0, 2.223222222222221, 11.0, 11.0, 4.001, 10.001, 8.334333333333333, 48.5, 12.666666666666666, 25.0]",0.054086401074063754
