,labelled data,weights,regret
0,50,"[1.1, 1.2000000000000002, 1.3000000000000003, 1.1500000000000001, 1.0, 1.4000000000000004, 0.5500000000000002, 1.6000000000000005, 0.3833333333333334, 1.6750000000000005, 1.1, 0.41666666666666674]",19.122294508526068
1,100,"[0.6000000000000001, 1.3000000000000003, 1.5000000000000004, 0.5949999999999998, 1.0, 1.4000000000000004, 0.5500000000000002, 1.6000000000000005, 0.6333333333333334, 2.375000000000001, 1.1, 0.41666666666666685]",1.6142225398914853
