,weights,regret
0,"[1.139999999999999, 0.7875, 1.0269230769230768, 1.2000000000000002, 1.1, 0.8, 1.0625, 0.8000000000000005, 1.0750000000000002, 1.0500000000000003, 1.2999999999999998, 1.2124999999999995]",1.0099273773152821
