,labelled data,weights,regret
0,50,"[5.0, 6.0, 6.0, 0.7509999999999999, 2.0, 2.0, 7.0, 0.001, 0.08433333333333315, 0.001, 6.0, 6.0]",0.7197322205701906
1,100,"[7.0, 6.0, 7.0, 0.5009999999999999, 2.0, 2.0, 8.0, 1.001, 1.1676666666666666, 3.3343333333333334, 7.0, 7.0]",3.1860777189229346
