,labelled data,weights,regret
0,50,"[16.625, 6.667666666666665, 12.047619047619047, 15.001000000000001, 0.001, 30.001, 16.166666666666664, 20.500999999999998, 0.001, 10.024809523809523, 21.0, 5.001]",0.4127299861945449
1,100,"[34.66666666666667, 7.334333333333333, 32.04761904761905, 40.001000000000005, 5.001, 35.001000000000005, 15.393857142857144, 30.500999999999998, 3.751, 17.209333333333337, 34.5, 15.459333333333333]",0.4127299861945449
