,weights,regret
0,"[4.0, 5.75, 1.5833333333333333, 1.1916666666666669, 2.5, 3.0, 1.876, 7.0, 1.4176666666666666, 2.672619047619047, 1.5, 1.0010000000000001]",0.09523038198501581
