,weights,regret
0,"[4.0, 4.0, 1.501, 9.666666666666666, 1.4166666666666667, 4.0, 1.0843333333333331, 0.251, 1.3343333333333334, 0.8926666666666666, 0.8343333333333333, 10.0]",0.21042733897825594
