,weights,regret
0,"[0.6000000000000002, 2.291666666666667, 3.166666666666664, 0.001, 1.5, 2.0, 1.75, 1.9375, 2.25, 0.875, 0.13749999999999984, 0.8999999999999998]",1.0009374651186045
