,labelled data,weights,regret
0,50,"[1.1000000000000003, 2.1320754716981134, 3.083333333333334, 0.959677419354839, 1.0, 1.0, 9.0, 6.0, 2.666666666666668, 6.0, 6.0, 4.5]",4.264747814099413
1,100,"[1.3000000000000003, 2.792452830188681, 4.541666666666668, 0.5564516129032264, 2.25, 1.0, 9.0, 6.0, 1.8333333333333346, 9.125, 6.0, 5.0]",8.469301435082507
