,weights,regret
0,"[0.8950000000000001, 1.1749999999999994, 1.2096153846153839, 0.8, 1.1, 1.3000000000000003, 1.2749999999999995, 1.437499999999999, 1.0875000000000004, 1.0374999999999999, 0.6750000000000005, 0.7375000000000006]",3.7454675539360514
