,labelled data,weights,regret
0,50,"[71.0, 70.001, 151.0, 11.0, 21.0, 60.001, 81.0, 101.0, 51.0, 61.0, 0.001, 41.0]",3.1049045832800624
1,100,"[1.0, 100.001, 161.0, 11.0, 31.0, 60.001000000000005, 101.0, 121.0, 51.0, 111.0, 0.001, 71.0]",0.1251436865807019
