,labelled data,weights,regret
0,50,"[3.0000000000000018, 3.4528301886792447, 6.0, 1.8870967741935478, 1.0, 1.0, 15.0, 11.0, 6.000000000000002, 7.5009999999999994, 11.0, 0.001]",4.345766564478739
1,100,"[4.100000000000003, 5.905660377358494, 9.749999999999998, 1.7258064516129032, 1.0, 1.0, 15.0, 11.0, 6.000000000000002, 7.5009999999999994, 11.0, 6.0009999999999994]",3.1988821842051642
