,weights,regret
0,"[11.0, 11.0, 11.0, 7.666666666666667, 11.0, 11.0, 6.0009999999999994, 11.0, 7.666666666666668, 24.75, 11.0, 11.0]",0.6084546392059806
