,labelled data,weights,regret
0,50,"[2.0, 3.0, 3.0, 4.0, 2.0, 3.0, 1.001, 4.5009999999999994, 1.001, 2.501, 3.0, 0.16766666666666663]",0.21902968171017118
1,100,"[2.0, 3.0, 3.0, 6.0, 3.0, 5.0, 1.001, 4.5009999999999994, 1.501, 2.2867142857142855, 4.0, 0.001]",0.21063496967640633
