,labelled data,weights,regret
0,50,"[2.001, 2.001, 4.0, 7.0009999999999994, 2.0, 6.0, 0.001, 7.0009999999999994, 1.001, 3.0, 4.0, 1.001]",1.165998674287997
1,100,"[2.001, 3.001, 6.0, 11.001, 4.001, 7.0, 1.001, 7.0009999999999994, 3.001, 3.0009999999999994, 6.0, 1.001]",1.5765802085300273
