,labelled data,weights,regret
0,50,"[0.8250000000000005, 1.125, 1.5384615384615374, 1.5, 0.001, 2.0, 1.4375, 1.75, 1.5, 0.001, 1.5625, 0.875]",0.8854994101470199
1,100,"[0.8250000000000005, 0.75, 2.0480769230769207, 1.5, 0.001, 2.0, 1.375, 1.75, 1.625, 0.001, 1.625, 0.9375]",0.500182151717882
