,weights,regret
0,"[0.4, 2.1000000000000005, 2.5000000000000013, 1.5, 1.1, 1.1, 0.2999999999999998, 2.0000000000000004, 0.8999999999999997, 1.6999999999999997, 1.6, 2.1]",0.6903841083087745
