,weights,regret
0,"[1.8000000000000003, 0.0635, 3.533333333333333, 1.5, 2.0, 0.001, 0.625, 1.3125, 1.75, 3.875, 0.9385, 2.0]",0.14504345397355672
