,labelled data,weights,regret
0,50,"[1.5, 2.0, 2.0, 2.0, 0.5, 1.001, 0.75, 2.5, 0.251, 2.1666666666666665, 1.5, 0.751]",70.77845214111038
1,100,"[2.501, 4.0, 2.5, 0.8, 0.5, 1.501, 2.25, 3.0, 0.751, 3.1666666666666665, 1.5, 0.0010000000000000009]",29.764130690015744
