,labelled data,weights,regret
0,50,"[1.5, 1.5, 1.5, 1.5, 1.0, 0.5, 2.0, 2.5, 0.5843333333333334, 1.1666666666666665, 1.5, 0.5]",533.5656981628032
1,100,"[1.0, 2.0, 1.5, 0.6666666666666666, 1.0, 0.5, 2.5, 2.5, 0.5843333333333334, 1.5666666666666664, 1.5, 0.9]",17.667757636832196
