,labelled data,weights,regret
0,50,"[0.7704761904761908, 1.5866666666666671, 1.4000000000000004, 0.9, 0.9, 1.1, 1.2583333333333335, 1.5583333333333338, 1.2333333333333336, 1.416666666666667, 0.8002380952380955, 0.7866666666666665]",0.1449744724887956
1,100,"[0.9482539682539686, 1.59, 1.4000000000000004, 0.8, 1.0, 1.3000000000000003, 1.5750000000000004, 1.6750000000000005, 0.9333333333333335, 1.8000000000000005, 0.8419047619047622, 0.6449999999999998]",0.21463749973160742
