,labelled data,weights,regret
0,50,"[1.0565555555555552, 3.5, 2.0, 0.762904761904762, 1.0, 1.0, 1.4009999999999998, 3.501, 0.9999999999999997, 4.333333333333333, 2.0, 1.6999999999999997]",1.6425035634529233
1,100,"[1.0426666666666664, 4.0, 2.0, 0.9269259259259259, 1.0, 1.0, 3.401000000000001, 3.501, 0.8343333333333334, 5.666666666666665, 2.0, 1.8999999999999997]",1.1156292684245057
