,labelled data,weights,regret
0,50,"[0.09999999999999984, 1.6, 2.6, 0.9, 1.2000000000000002, 1.5000000000000004, 1.9000000000000001, 2.5000000000000004, 1.5000000000000004, 2.1, 0.001, 0.7]",0.13717018036835998
1,100,"[0.0010000000000000009, 2.1000000000000005, 2.6, 0.8, 1.0, 1.5000000000000004, 2.0, 3.000000000000001, 1.4000000000000008, 2.1, 0.101, 0.29999999999999993]",0.1260749358327155
