,weights,regret
0,"[0.3999999999999996, 2.3, 3.2, 2.300000000000001, 1.4000000000000004, 0.101, 0.30100000000000027, 4.300000000000002, 2.1999999999999997, 3.1000000000000014, 0.001, 0.40100000000000025]",0.9408746654398462
