,labelled data,weights,regret
0,50,"[0.9900000000000004, 1.1320754716981147, 1.4166666666666652, 1.125000000000002, 1.3249999999999988, 1.0, 2.100000000000001, 1.75, 0.5833333333333331, 0.625, 1.4166666666666663, 1.7500000000000007]",17.06277772869008
1,100,"[0.9800000000000004, 1.1226415094339637, 1.4374999999999984, 1.2822580645161354, 1.2499999999999991, 1.0, 2.100000000000001, 1.75, 0.49999999999999983, 0.001, 1.4166666666666663, 1.5500000000000005]",11.32864070632177
