,labelled data,weights,regret
0,50,"[0.09305555555555564, 3.208333333333333, 3.5, 0.5009999999999999, 0.5009999999999999, 2.501, 3.0, 3.7499999999999996, 1.501, 2.4166666666666665, 0.001, 0.251]",0.12607334187191419
1,100,"[0.001, 4.708333333333333, 4.166666666666666, 1.001, 2.501, 4.5009999999999994, 4.5, 6.083333333333333, 1.2718333333333334, 5.083333333333333, 0.001, 0.001]",0.13059290994926867
