,labelled data,weights,regret
0,50,"[0.001, 41.0, 16.0, 0.001, 10.001000000000001, 11.0, 11.0, 35.001000000000005, 10.001000000000001, 40.001000000000005, 10.001000000000001, 10.001]",0.514611183902443
1,100,"[5.000999999999998, 46.0, 21.0, 0.001, 10.001000000000001, 16.0, 21.0, 40.001000000000005, 15.001000000000001, 60.001000000000005, 15.001000000000001, 5.000999999999998]",1.4117610660030788
