,weights,regret
0,"[0.001, 3.375, 1.666666666666667, 2.0, 1.5, 0.001, 2.1875, 3.0, 3.6875, 0.9384999999999999, 1.267857142857143, 0.001]",1.191229307836308
