,labelled data,weights,regret
0,50,"[1.5, 2.0, 2.0, 3.0, 1.0, 2.0, 0.501, 3.5, 0.0010000000000000009, 1.5, 1.5, 0.001]",331.8900108190055
1,100,"[2.0, 4.0, 2.5, 1.0, 2.001, 2.5, 1.501, 4.5, 0.001, 4.5, 1.0, 2.501]",12.594997929158431
