,weights,regret
0,"[0.2000000000000003, 0.8125, 2.4999999999999987, 2.0, 1.5, 0.001, 1.0625, 2.9375, 1.8125, 1.8125, 0.001, 1.126]",1.6338664608483315
