,labelled data,weights,regret
0,50,"[2.050000000000001, 3.0754716981132098, 4.958333333333334, 2.572580645161291, 3.5, 1.0, 9.0, 8.5, 3.3343333333333325, 3.7509999999999994, 4.333333333333333, 5.0]",14.60272495731441
1,100,"[2.1500000000000012, 3.264150943396229, 5.583333333333333, 1.9274193548387095, 4.0, 1.0, 10.0, 8.5, 3.3343333333333325, 8.751, 4.333333333333333, 3.0]",5.112756216271298
