,labelled data,weights,regret
0,50,"[32.78671428571428, 9.500999999999998, 52.41066386554621, 21.0, 0.001, 40.001, 56.83433333333333, 24.64385714285714, 0.001, 16.667666666666666, 61.66766666666666, 7.666666666666665]",3.1510835125026353
1,100,"[37.786714285714275, 25.19147619047619, 97.28711971104231, 61.0, 0.001, 100.001, 31.750999999999998, 72.97719047619047, 0.001, 18.56052380952381, 66.66766666666666, 16.667666666666666]",0.2108570595758858
