,labelled data,weights,regret
0,50,"[1.001, 5.0, 6.0, 0.33433333333333337, 2.0, 1.0, 3.001, 5.0009999999999994, 0.501, 6.666666666666666, 2.0, 1.001]",2.1080801164972125
1,100,"[0.001, 12.0, 8.0, 0.001, 3.0, 2.0, 6.0009999999999994, 8.001, 0.7509999999999999, 17.666666666666664, 3.0, 5.5009999999999994]",2.474242140321198
