,weights,regret
0,"[5.6557619047619045, 111.16766666666666, 71.0, 10.001, 91.0, 131.0, 71.0, 111.66666666666664, 52.501000000000005, 106.83333333333334, 1.905761904761905, 37.001]",1.0006802484064472
