,labelled data,weights,regret
0,50,"[1.4999999999999998, 0.6426666666666666, 2.0, 1.501, 0.5, 2.5, 0.9750000000000001, 2.25, 0.20833333333333348, 0.5, 2.7083333333333335, 2.5]",0.005373869665904043
1,100,"[1.2916666666666665, 0.601, 1.6818181818181819, 1.501, 0.001, 2.5, 0.8916666666666666, 3.0, 0.626, 0.001, 3.2083333333333335, 2.8333333333333335]",0.006377817109227374
