,labelled data,weights,regret
0,50,"[8.69047619047619, 9.739095238095238, 22.666666666666668, 31.0, 10.001, 31.0, 4.584333333333333, 21.0, 20.166666666666664, 3.381952380952381, 21.666666666666668, 12.143857142857144]",0.43715408846543
1,100,"[11.19047619047619, 10.001000000000001, 22.666666666666668, 31.0, 10.001, 51.0, 17.501, 21.0, 0.001, 8.38195238095238, 13.095238095238095, 12.143857142857144]",2.1234981303160474
