,weights,regret
0,"[1.9249999999999987, 1.0, 0.12600000000000003, 2.0, 1.5, 0.001, 0.3135, 0.3125, 0.5, 1.8125, 2.0625, 2.6875]",14.067492266673682
