,weights,regret
0,"[0.30099999999999993, 4.5, 4.0, 0.2926666666666667, 2.5, 2.0, 2.501, 6.2509999999999994, 1.916666666666667, 9.5, 3.0, 5.7509999999999994]",0.5176682000532142
