,labelled data,weights,regret
0,50,"[4.0, 1.876, 5.90384615384615, 6.0, 6.0, 0.001, 7.25, 4.125, 6.625, 4.125, 4.125, 4.125]",39.50950457916691
1,100,"[2.0, 3.751, 10.326923076923073, 6.0, 6.0, 0.001, 9.125, 6.625, 5.375, 1.625, 3.5, 0.0010000000000000009]",46.52939278131983
