,labelled data,weights,regret
0,50,"[1.0, 1.0, 1.0, 1.0, 1.0, 1.0, 0.001, 6.0, 1.0, 11.0, 0.001, 1.0]",6.734686246051169
1,100,"[1.0, 5.0, 1.0, 1.0, 1.0, 1.0, 7.501, 6.0, 0.001, 11.0, 0.001, 1.0]",0.5531464778550705
