,weights,regret
0,"[11.0, 11.0, 11.0, 11.0, 11.0, 11.0, 8.001, 15.001000000000001, 7.666666666666668, 26.000000000000007, 11.0, 15.0]",0.5407601616719363
