,labelled data,weights,regret
0,50,"[1.09, 1.3396226415094339, 1.7083333333333346, 1.1048387096774193, 1.6000000000000005, 1.0, 3.0000000000000004, 2.5, 1.0000000000000002, 1.25, 2.0000000000000004, 1.7000000000000006]",17.36969484213491
1,100,"[1.1800000000000002, 1.3773584905660377, 1.8750000000000013, 1.064516129032258, 1.6000000000000005, 1.0, 3.2000000000000006, 2.5, 1.0000000000000002, 2.375, 2.0000000000000004, 1.2000000000000002]",5.19396784546809
