,weights,regret
0,"[1.2999999999999994, 2.000000000000001, 2.5, 2.6000000000000014, 2.000000000000001, 0.20000000000000015, 0.5010000000000001, 4.400000000000002, 2.5000000000000004, 3.700000000000002, 0.3010000000000002, 0.401]",0.4876678659739158
