,labelled data,weights,regret
0,50,"[10.001000000000005, 61.0, 71.0, 0.001, 10.001000000000001, 1.0, 61.0, 110.001, 0.001, 70.001, 51.0, 111.0]",69.84079432424019
1,100,"[20.000999999999998, 101.0, 81.0, 0.001, 20.001, 11.0, 91.0, 160.001, 30.000999999999998, 150.001, 61.0, 51.0]",7.242999469168188
