,labelled data,weights,regret
0,50,"[2.333333333333333, 5.0, 3.0, 1.5, 2.0, 4.0, 1.501, 6.0009999999999994, 0.001, 5.0, 3.0, 1.4009999999999998]",5.921816601829152
1,100,"[4.016666666666666, 5.0, 6.0, 0.16766666666666666, 3.0, 4.0, 4.0009999999999994, 6.5009999999999994, 1.5009999999999997, 6.0, 4.0, 2.800999999999999]",1.4171494144064996
