,labelled data,weights,regret
0,50,"[1.5, 2.0, 2.0, 2.5, 1.0, 1.5, 0.875, 2.5, 0.001, 1.5, 1.5, 0.001]",571.2387084124151
1,100,"[1.5, 2.0, 2.0, 0.75, 1.0, 0.5, 1.375, 2.5, 0.16766666666666666, 4.166666666666667, 1.5, 0.9010000000000001]",60.93258361856458
