,labelled data,weights,regret
0,50,"[1.1549999999999996, 1.2358490566037759, 1.2708333333333324, 1.1532258064516157, 1.1249999999999996, 1.0, 1.8000000000000007, 1.75, 0.583333333333333, 1.1875, 1.4166666666666663, 0.44999999999999973]",4.921134997655512
1,100,"[1.0399999999999998, 1.254716981132078, 1.4583333333333317, 1.0564516129032282, 1.1499999999999995, 1.0, 1.9000000000000008, 1.75, 0.4999999999999997, 1.5, 1.4166666666666663, 0.5999999999999996]",4.958476117489625
