,weights,regret
0,"[0.8750000000000003, 1.2249999999999994, 1.1057692307692304, 0.8, 1.2000000000000002, 1.1, 1.1499999999999995, 1.4374999999999991, 1.2374999999999998, 1.025, 0.6625000000000003, 0.7250000000000006]",0.5810759874348392
