,labelled data,weights,regret
0,50,"[0.001, 82.33433333333333, 54.333333333333336, 10.001, 31.0, 71.0, 55.16666666666666, 90.16666666666666, 60.001, 59.166666666666664, 0.001, 6.6676666666666655]",0.13713939374437842
1,100,"[5.3343333333333325, 119.83433333333332, 109.33333333333334, 20.000999999999998, 61.0, 131.0, 128.83333333333331, 135.16666666666666, 37.91766666666666, 91.66666666666666, 15.667666666666666, 0.001]",0.1910449149893072
