,labelled data,weights,regret
0,50,"[0.001, 2.5, 2.5, 0.001, 1.0, 1.5, 0.601, 3.0, 0.3343333333333333, 4.75, 1.5, 0.9666666666666668]",0.5089491243818388
1,100,"[0.5010000000000001, 3.0, 2.5, 0.33433333333333337, 1.0, 1.5, 2.401000000000001, 3.75, 0.001, 5.0, 1.5, 0.8666666666666669]",0.4518345887486049
