,labelled data,weights,regret
0,50,"[1.1, 1.1, 1.1, 0.9666666666666666, 1.0, 1.0, 1.4000000000000004, 1.0, 1.0833333333333335, 1.0833333333333333, 1.1, 1.1500000000000001]",0.5063031561490959
1,100,"[1.1, 1.1, 1.3500000000000003, 0.8999999999999999, 1.0, 1.0, 1.2000000000000002, 1.0, 1.0500000000000003, 1.1833333333333333, 1.1, 1.2000000000000002]",0.7585237484909699
