,weights,regret
0,"[1.3699999999999959, 1.066037735849057, 1.4374999999999987, 1.0846774193548385, 1.025, 1.0, 0.9999999999999997, 1.5, 1.833333333333333, 0.9375, 1.5, 0.1999999999999994]",6.9972404889394095
