,labelled data,weights,regret
0,50,"[1.0, 2.001, 8.0, 1.0, 2.0, 2.0, 4.0009999999999994, 9.001, 4.0, 11.0, 8.0, 9.0]",23.66060066888257
1,100,"[6.0, 7.0009999999999994, 9.0, 0.001, 2.0, 2.0, 6.0009999999999994, 11.001, 3.0, 14.0, 8.0, 6.0]",21.20006747272968
