,labelled data,weights,regret
0,50,"[0.001, 1.0, 0.5, 0.16766666666666666, 1.0, 1.0, 0.126, 1.5, 0.25000000000000006, 1.916666666666666, 0.5, 0.45]",2.0029434954097995
1,100,"[0.04266666666666668, 1.0, 0.75, 0.001, 1.0, 1.0, 1.501, 1.5, 0.25000000000000006, 2.2499999999999996, 0.5, 0.40099999999999997]",0.9245971476789165
