,labelled data,weights,regret
0,50,"[10.000999999999998, 10.001, 20.000999999999998, 0.001, 11.0, 11.0, 23.000999999999998, 31.0, 0.001, 17.501, 10.001, 10.000999999999998]",15.437676755824635
1,100,"[20.000999999999998, 10.001, 20.000999999999998, 6.001, 11.0, 11.0, 23.000999999999998, 31.0, 8.334333333333333, 17.501, 10.001, 9.001]",47.55217552872891
