,labelled data,weights,regret
0,50,"[1.2500000000000002, 1.2452830188679245, 1.4583333333333341, 1.1693548387096773, 1.0, 1.0, 2.8000000000000007, 2.0, 1.1666666666666665, 1.001, 2.0, 0.8999999999999992]",2.83034948343434
1,100,"[1.4200000000000004, 1.4528301886792452, 1.7083333333333346, 1.193548387096774, 1.0, 1.0, 2.8000000000000007, 2.0, 1.1666666666666665, 0.2509999999999999, 2.0, 0.20100000000000026]",0.6768211418815929
