,weights,regret
0,"[0.2750000000000002, 1.6875, 2.0288461538461537, 0.001, 1.5, 2.0, 2.25, 3.0, 1.9375, 1.0625, 0.001, 1.1875]",1.2371963251834015
