,labelled data,weights,regret
0,50,"[81.0, 40.001, 151.0, 11.0, 21.0, 60.001, 61.0, 111.0, 41.0, 101.0, 0.001, 11.0]",3.463579608416079
1,100,"[81.0, 60.001, 151.0, 31.0, 21.0, 100.001, 61.0, 131.0, 0.001, 91.0, 0.001, 10.001000000000001]",3.428806375353026
