,labelled data,weights,regret
0,50,"[21.0, 11.0, 31.0, 16.0, 11.0, 1.0, 51.0, 0.001, 5.001, 20.000999999999998, 31.0, 41.0]",4.500258102173829
1,100,"[41.0, 41.0, 51.0, 0.001, 21.0, 1.0, 51.0, 10.000999999999998, 10.001000000000001, 20.000999999999998, 41.0, 41.0]",3.04396113646178
