,weights,regret
0,"[1.0450000000000002, 0.9374999999999999, 1.025, 1.3000000000000003, 1.3000000000000003, 0.6000000000000001, 0.9500000000000004, 1.0999999999999994, 1.2999999999999994, 1.1375, 0.9625000000000002, 0.9875]",1.3793844777130102
