,weights,regret
0,"[0.8260000000000001, 5.0, 5.833333333333333, 1.031952380952381, 2.5, 1.5, 2.25, 7.0009999999999994, 0.7510000000000001, 1.2718333333333334, 3.5, 10.0]",0.059878670883622025
