,labelled data,weights,regret
0,50,"[0.6676666666666669, 3.5, 4.001, 0.001, 2.0009999999999994, 3.0, 2.0, 5.5, 1.501, 4.101, 0.001, 0.45099999999999996]",0.0777102875523554
1,100,"[0.401, 5.950000000000001, 5.334333333333334, 2.001, 2.0009999999999994, 5.0, 4.7, 7.0, 1.751, 6.476, 0.376, 0.7509999999999999]",0.09989747104256143
