,weights,regret
0,"[11.0, 11.0, 11.0, 24.33333333333333, 5.001000000000001, 11.0, 6.0, 5.001000000000001, 3.3343333333333343, 10.001, 6.0, 44.0]",2.6655848008571206
