,labelled data,weights,regret
0,50,"[10.0, 5.0009999999999994, 16.0, 3.001, 0.001, 6.0, 9.0, 12.0, 6.001, 7.0, 1.001, 5.0]",6.186775547460704
1,100,"[2.0, 12.001, 16.0, 2.0009999999999994, 4.0009999999999994, 10.0, 11.0, 14.0, 9.001000000000001, 10.0, 2.001, 0.001]",0.1254691392213961
