,labelled data,weights,regret
0,50,"[5.001, 16.0, 11.0, 5.001, 0.001000000000000334, 6.0, 8.001, 22.500999999999998, 0.001, 26.0, 1.0, 5.0009999999999994]",19.188279938880235
1,100,"[15.001000000000001, 21.0, 16.0, 1.6676666666666664, 2.0009999999999994, 6.0, 7.0009999999999994, 32.501, 2.501, 33.5, 6.0, 0.001]",20.622656990672557
