,weights,regret
0,"[0.001, 114.00099999999999, 69.33333333333333, 20.000999999999998, 61.0, 141.0, 10.000999999999998, 71.33333333333333, 47.501, 92.66666666666666, 0.001, 0.001]",0.06862166380116479
