,labelled data,weights,regret
0,50,"[1.0, 1.0, 1.0, 0.9, 1.1, 1.0, 1.1, 0.9, 1.0, 1.0, 1.0, 1.0]",2.809325163726942
1,100,"[1.0, 1.0, 1.0, 0.9, 1.1, 1.0, 1.1, 0.9, 1.0, 1.0, 1.0, 1.0]",1.984444031920465
