,weights,regret
0,"[0.2343333333333333, 1.5000000000000004, 1.7000000000000006, 1.266666666666667, 0.8, 1.0, 0.5500000000000002, 2.200000000000001, 0.0010000000000000564, 2.4833333333333343, 0.9, 2.180000000000001]",0.7500381066770885
