,weights,regret
0,"[0.8999999999999999, 1.7000000000000006, 2.2000000000000006, 1.4, 1.0, 1.0, 1.2, 1.0000000000000002, 0.20100000000000004, 0.9999999999999997, 1.4, 3.000000000000001]",0.6407669139314934
