,weights,regret
0,"[0.9499999999999998, 1.0499999999999998, 1.1942307692307685, 0.7000000000000001, 1.1, 1.3000000000000003, 1.1249999999999998, 1.4499999999999988, 1.0875000000000004, 1.0874999999999992, 0.7250000000000004, 0.9375000000000002]",1.5487415650288163
