,labelled data,weights,regret
0,50,"[1.0, 1.0, 1.0, 0.9, 1.0, 1.1, 1.1, 1.0, 0.9, 1.0, 1.0, 1.0]",1.870350379094418
1,100,"[1.0, 1.0, 1.025, 0.9, 1.0, 1.1, 1.1, 0.9666666666666667, 0.9, 1.0, 1.0, 1.0]",1.7528940929404477
