,labelled data,weights,regret
0,50,"[2.501, 50.001, 40.001, 0.001, 10.001, 11.0, 20.000999999999998, 41.0, 5.001, 50.001, 20.000999999999998, 15.000999999999998]",1.1715714814897182
1,100,"[6.001000000000001, 110.001, 70.001, 1.445444444444444, 10.001, 21.0, 60.001, 61.0, 13.334333333333333, 90.001, 30.000999999999998, 10.001000000000005]",0.6136910700553709
