,weights,regret
0,"[0.49999999999999967, 2.2000000000000006, 2.8, 0.9, 2.000000000000001, 1.8000000000000007, 2.800000000000001, 1.5000000000000016, 1.8000000000000003, 2.3000000000000003, 0.10099999999999998, 1.4999999999999991]",0.9472012617706698
