,labelled data,weights,regret
0,50,"[1.5, 2.0, 4.0, 7.0, 2.0, 1.0, 0.001, 6.0, 1.501, 2.501, 4.5, 5.0]",16.072201882953824
1,100,"[1.5, 3.0, 4.0, 9.0, 3.001, 4.5, 0.001, 6.5, 1.001, 1.501, 5.5, 0.001]",0.3337898453337923
