,labelled data,weights,regret
0,50,"[10.001000000000001, 31.0, 31.0, 46.0, 1.0, 6.0, 5.001, 45.001000000000005, 5.001, 30.001, 46.0, 26.0]",7.000625035779745
1,100,"[15.001000000000001, 36.0, 31.0, 56.0, 16.0, 41.0, 0.001, 50.001000000000005, 5.001, 10.001000000000005, 46.0, 0.001]",0.18843962164667213
