,labelled data,weights,regret
0,50,"[5.556555555555556, 51.0, 51.0, 5.001, 11.0, 1.0, 41.0, 60.001, 15.001000000000001, 60.001, 21.0, 5.0009999999999994]",0.9993372631131873
1,100,"[25.000999999999998, 71.0, 61.0, 15.001000000000001, 11.0, 21.0, 61.0, 60.001, 0.001, 100.001, 41.0, 21.66766666666667]",5.232197467926189
