,weights,regret
0,"[1.4009999999999998, 1.9999999999999996, 1.2009999999999998, 2.100000000000001, 1.5000000000000004, 0.5000000000000001, 0.20100000000000004, 3.2000000000000006, 1.2000000000000002, 3.000000000000001, 0.5010000000000001, 0.6010000000000002]",0.5720317621951875
