,weights,regret
0,"[10.5, 1.0, 0.001, 4.708333333333333, 1.5, 2.0, 7.75, 0.5009999999999999, 17.0, 9.0, 2.333333333333333, 11.0]",1.7574604144762451
