,labelled data,weights,regret
0,50,"[0.8999999999999999, 0.40000000000000013, 2.3000000000000003, 1.6000000000000005, 0.40000000000000013, 1.7000000000000006, 0.5000000000000004, 1.7000000000000002, 0.201, 0.3, 2.1000000000000005, 0.29999999999999993]",0.0025744962494005127
1,100,"[1.8, 0.7000000000000002, 2.6, 1.6000000000000005, 0.101, 2.5000000000000013, 1.3000000000000005, 2.1000000000000005, 0.0010000000000000009, 0.7, 2.2, 0.8999999999999999]",1.4731662620910533
