,labelled data,weights,regret
0,50,"[5.0009999999999994, 24.001, 29.666666666666668, 10.001, 1.0, 11.0, 26.0, 24.75, 16.0, 3.7509999999999994, 26.0, 6.001]",0.15081372608460022
1,100,"[13.000999999999998, 30.667666666666673, 44.99999999999999, 30.000999999999998, 0.001, 21.0, 39.75, 31.0, 17.25, 3.7510000000000003, 43.5, 2.8581428571428567]",0.14921252144049715
