,labelled data,weights,regret
0,50,"[1.5, 0.7010000000000001, 3.3000000000000003, 1.7000000000000006, 0.10000000000000014, 2.4000000000000012, 1.5, 2.800000000000001, 0.8000000000000003, 0.001, 2.3000000000000003, 1.5000000000000002]",0.007919044549687823
1,100,"[1.2000000000000004, 1.1010000000000004, 3.2000000000000006, 2.000000000000001, 0.101, 2.7000000000000015, 1.6999999999999995, 3.600000000000002, 0.601, 0.10099999999999995, 3.3000000000000007, 1.8000000000000005]",0.007919044549687823
