,weights,regret
0,"[0.3750000000000002, 1.9375, 1.3076923076923082, 1.5, 2.0, 0.001, 2.0625, 2.625, 3.0, 0.75, 0.9375, 0.001]",0.20522457723944848
