,weights,regret
0,"[3.5, 3.5, 2.416666666666667, 6.458333333333333, 2.0, 2.0, 0.8333333333333334, 4.5009999999999994, 9.0, 0.101, 1.0843333333333334, 1.2426666666666668]",0.328344047689509
