,labelled data,weights,regret
0,50,"[7.0, 3.7509999999999994, 10.807692307692305, 11.0, 11.0, 0.001, 8.5, 8.5, 11.0, 8.5, 3.5, 11.0]",11.955670030036742
1,100,"[5.5, 5.0009999999999994, 19.461538461538456, 11.0, 11.0, 0.001, 13.5, 6.0, 13.5, 1.251, 9.75, 6.0]",5.67565630761956
