,labelled data,weights,regret
0,50,"[1.1400000000000001, 1.2264150943396226, 1.2083333333333337, 1.0080645161290323, 1.0, 1.0, 2.8000000000000007, 2.0, 1.1666666666666663, 1.75, 2.0, 0.9999999999999992]",5.1726641727180604
1,100,"[1.11, 1.320754716981132, 1.2916666666666672, 0.8870967741935485, 1.1, 1.0, 2.8000000000000007, 2.0, 1.1666666666666663, 2.25, 2.0, 0.3999999999999992]",5.097746064714619
