,weights,regret
0,"[2.199999999999999, 0.001, 2.7333333333333343, 0.001, 1.5, 2.0, 2.1875, 0.001, 3.3125, 2.375, 1.45, 0.75]",0.6681431959311352
