,labelled data,weights,regret
0,50,"[0.7583333333333333, 2.041666666666666, 3.4166666666666665, 2.001, 0.001, 2.0, 2.0, 2.701, 1.0010000000000003, 0.126, 3.65, 1.25]",0.14809340032753762
1,100,"[0.4385, 2.3750000000000004, 3.5416666666666665, 2.501, 0.5009999999999999, 2.5, 1.75, 1.8009999999999993, 1.5009999999999997, 0.251, 5.025, 2.25]",0.1384987794695958
