,labelled data,weights,regret
0,50,"[16.0, 16.0, 11.0, 1.0, 10.001000000000001, 11.0, 10.001, 27.500999999999998, 5.001000000000001, 26.0, 12.501000000000001, 1.001]",50.797089419988794
1,100,"[11.0, 26.0, 26.0, 1.6676666666666666, 10.001000000000001, 16.0, 18.750999999999998, 30.000999999999998, 5.001000000000001, 46.0, 15.001000000000001, 11.001]",1.0857180940651405
