,weights,regret
0,"[2.0, 2.5, 2.0, 3.5, 1.5, 3.5, 0.0010000000000000009, 3.5, 1.9176666666666666, 3.058333333333333, 2.0, 0.251]",1.1110803614850249
