,labelled data,weights,regret
0,50,"[0.001, 3.583333333333333, 3.0, 0.001, 2.501, 3.5, 2.75, 3.4166666666666665, 2.651, 3.541666666666666, 0.001, 0.251]",0.15980523788928105
1,100,"[0.001, 5.516666666666667, 4.05, 2.001, 3.001, 6.0, 4.75, 5.283333333333333, 1.4176666666666666, 6.125, 0.5301666666666667, 0.001]",0.11712941591285123
