,weights,regret
0,"[2.9000000000000012, 1.2000000000000002, 0.0010000000000000009, 2.9000000000000012, 1.1, 1.0, 2.700000000000001, 0.10100000000000003, 4.4, 2.8000000000000003, 1.6, 2.1]",2.3127346794374333
