,weights,regret
0,"[2.001000000000001, 1.1999999999999995, 1.5009999999999997, 1.1, 1.7000000000000006, 1.1, 2.2, 1.1000000000000005, 1.5999999999999996, 1.3000000000000003, 1.1999999999999995, 1.5000000000000007]",0.3198485030197641
