,labelled data,weights,regret
0,50,"[1.0449999999999973, 1.0735849056603801, 1.0791666666666664, 1.0177419354838713, 1.0699999999999985, 1.02, 1.4400000000000004, 1.2000000000000002, 0.6333333333333322, 0.9250000000000003, 1.0666666666666664, 1.03]",15.468681778229493
1,100,"[1.0529999999999964, 1.084905660377362, 1.0874999999999997, 1.008870967741936, 1.0699999999999985, 1.02, 1.4800000000000004, 1.2000000000000002, 0.5999999999999988, 1.0125, 1.0666666666666664, 0.98]",14.005254841605812
