,labelled data,weights,regret
0,50,"[1.1049999999999993, 1.2735849056603805, 1.3541666666666654, 1.0967741935483888, 1.274999999999999, 1.0, 2.000000000000001, 1.75, 0.49999999999999983, 1.0, 1.4166666666666663, 0.8499999999999999]",11.743483515855512
1,100,"[1.044999999999999, 1.3018867924528337, 1.4374999999999984, 1.0080645161290331, 1.299999999999999, 1.0, 2.000000000000001, 1.75, 0.49999999999999983, 1.6875, 1.4166666666666663, 0.8499999999999998]",4.983688242535428
