,weights,regret
0,"[0.9999999999999994, 1.9, 3.2, 1.1, 1.8000000000000007, 1.8000000000000007, 2.3, 2.5000000000000004, 1.5000000000000009, 2.5000000000000004, 0.30100000000000005, 1.3]",0.9239742271826642
