,labelled data,weights,regret
0,50,"[0.7999999999999999, 1.7000000000000004, 1.7000000000000006, 0.6000000000000001, 1.0, 1.0, 1.4000000000000001, 2.200000000000001, 0.3999999999999998, 1.7000000000000002, 1.6, 1.4999999999999996]",14.021542149111877
1,100,"[1.0999999999999999, 1.8000000000000005, 1.7000000000000006, 0.30000000000000016, 1.0, 1.0, 1.6000000000000003, 2.5000000000000013, 0.5999999999999998, 2.0000000000000004, 1.6, 0.7999999999999993]",11.371347337545012
