,labelled data,weights,regret
0,50,"[0.5009999999999999, 4.5, 3.5, 0.001, 1.5, 2.0, 3.0, 4.0, 2.0, 2.501, 2.0, 1.0]",4.546398333015253
1,100,"[2.001, 6.5, 4.0, 1.001, 1.5, 2.5, 4.0, 6.0, 1.0, 5.0009999999999994, 2.5, 0.501]",11.319050166733827
