,labelled data,weights,regret
0,50,"[6.424999999999999, 1.5295714285714281, 5.0, 6.0, 1.001, 7.0, 5.975, 4.5, 0.3759999999999999, 2.95, 8.325, 0.3999999999999999]",1.189403229285044
1,100,"[8.441666666666666, 1.2295714285714283, 7.808333333333334, 9.0, 0.001, 11.0, 8.374999999999998, 9.0, 0.376, 4.084333333333333, 10.325, 2.5843333333333334]",0.4127299861945449
