,weights,regret
0,"[10.001, 6.667666666666666, 5.001, 7.5009999999999994, 11.0, 11.0, 10.001, 11.0, 6.667666666666667, 10.000999999999998, 10.001, 21.000999999999998]",2.8901669278568436
