,labelled data,weights,regret
0,50,"[2.0, 10.001, 16.0, 1.001, 3.0, 4.0009999999999994, 11.0, 13.0, 6.0, 6.0, 0.001, 0.001]",0.12591668038114548
1,100,"[9.001, 10.001, 16.0, 0.001, 4.0, 5.0009999999999994, 13.0, 14.0, 3.0, 7.0, 5.0009999999999994, 2.0009999999999994]",3.628923329197407
