,weights,regret
0,"[1.0499999999999996, 0.126, 1.8759999999999983, 0.001, 1.5, 1.001, 1.0, 0.001, 1.4385, 0.375, 1.1000000000000003, 2.125]",0.6462358174572077
