,labelled data,weights,regret
0,50,"[1.0139999999999987, 1.039622641509436, 1.0333333333333332, 0.9935483870967742, 1.0, 1.0, 1.2800000000000002, 1.1, 0.9333333333333333, 1.0, 1.1, 0.97]",11.015715907360109
1,100,"[1.0069999999999986, 1.0490566037735876, 1.0458333333333332, 0.982258064516129, 1.005, 1.0, 1.3000000000000003, 1.1, 0.9166666666666666, 1.1124999999999996, 1.1, 0.9299999999999999]",8.716448934186856
