,labelled data,weights,regret
0,50,"[2.3343333333333347, 6.0, 8.5, 0.001, 5.001, 6.0, 4.001, 5.001, 6.833333333333333, 23.499999999999993, 6.833333333333333, 4.001]",0.46364177966638986
1,100,"[5.001, 6.0, 8.5, 4.921634920634921, 5.626, 6.0, 15.001000000000001, 5.001, 6.833333333333333, 29.333333333333318, 4.333333333333334, 8.501000000000001]",0.48291169841310383
