,labelled data,weights,regret
0,50,"[0.001, 66.0, 55.001, 0.0010000000000012221, 15.001000000000001, 46.0, 26.0, 56.0, 20.001, 55.001000000000005, 0.001, 5.0009999999999994]",0.1176786900969646
1,100,"[15.000999999999998, 116.0, 70.001, 0.001, 40.001000000000005, 81.0, 51.0, 76.0, 5.001, 105.001, 0.001, 35.001000000000005]",0.13935678492201897
