,weights,regret
0,"[2.4000000000000004, 1.2999999999999996, 2.5, 1.7000000000000006, 1.7000000000000006, 1.0, 2.0000000000000004, 1.100000000000001, 2.6000000000000005, 1.7000000000000004, 1.4999999999999996, 1.3999999999999997]",1.1403138523490894
