,weights,regret
0,"[10.001000000000001, 40.501, 43.5, 0.001, 46.0, 45.001000000000005, 24.75, 27.66666666666667, 10.001000000000001, 27.125000000000007, 10.001000000000001, 36.834333333333326]",1.6471908821189658
