,labelled data,weights,regret
0,50,"[1.0269999999999986, 1.0358490566037755, 1.0416666666666665, 0.9951612903225807, 1.0, 1.0, 1.2600000000000002, 1.1, 0.9500000000000001, 1.0624999999999998, 1.1, 0.9299999999999999]",8.716375786648271
1,100,"[1.0079999999999985, 1.0528301886792482, 1.083333333333333, 0.9637096774193548, 1.0, 1.0, 1.3200000000000003, 1.1, 0.8999999999999999, 1.1874999999999993, 1.1, 0.8899999999999999]",5.402440540644714
