,weights,regret
0,"[2.1, 0.1885, 1.2646574440052691, 0.001, 1.5, 2.0, 0.75, 0.126, 2.125, 1.5, 2.875, 1.75]",0.5540261268651127
