,labelled data,weights,regret
0,50,"[15.708333333333332, 9.334333333333332, 12.576330532212884, 15.001000000000001, 0.001, 21.0, 26.666666666666664, 12.666666666666668, 0.001, 3.876, 22.458333333333332, 14.333333333333334]",0.004293215465884796
1,100,"[38.41666666666667, 5.7509999999999994, 21.504901960784313, 35.001000000000005, 0.0010000000000012221, 36.0, 23.58333333333333, 30.16666666666667, 8.751, 14.250999999999998, 38.25, 8.001]",1.2459262069677401
