,labelled data,weights,regret
0,50,"[3.0, 3.0, 4.0, 6.0, 3.0, 3.0, 1.501, 5.5009999999999994, 0.001, 3.7321428571428577, 4.0, 0.401]",566.642683647823
1,100,"[3.0, 7.0, 7.0, 3.0, 3.0, 1.501, 3.501, 6.5009999999999994, 0.8343333333333334, 7.732142857142859, 5.0, 1.901]",9.957275721161498
