,labelled data,weights,regret
0,50,"[0.1885, 3.033333333333333, 2.1666666666666665, 0.0010000000000000009, 2.0, 4.0, 1.375, 5.125, 1.0416666666666667, 3.095833333333333, 0.024214285714285744, 1.4010000000000002]",0.14922681421602338
1,100,"[0.7301666666666671, 3.9916666666666654, 2.7916666666666665, 2.501, 2.0, 6.0, 5.558333333333334, 7.875, 1.0635, 3.1875, 0.1920714285714286, 0.251]",0.12562123082032378
