,weights,regret
0,"[1.9499999999999982, 1.6875, 0.020230769230769247, 1.5, 2.0, 0.001, 0.001, 0.0010000000000000009, 0.75, 2.0625, 2.0, 2.5625]",14.091187201510833
