,weights,regret
0,"[2.6666666666666665, 1.8773809523809528, 1.5, 1.5, 1.0, 2.501, 1.751, 2.375, 0.9801666666666666, 1.75, 2.0, 2.25]",6.930807980256877
