,labelled data,weights,regret
0,50,"[6.0, 11.0, 11.0, 6.0, 16.0, 11.0, 10.001000000000001, 16.0, 2.5009999999999994, 20.001, 11.0, 5.0009999999999994]",13.510671811894738
1,100,"[0.001, 41.0, 20.001, 0.35814285714285665, 16.0, 16.0, 15.001000000000001, 31.0, 10.834333333333333, 40.001000000000005, 16.0, 10.001]",0.8817671206264885
