,weights,regret
0,"[0.001, 81.83433333333332, 51.0, 10.001, 90.001, 90.001, 58.33433333333334, 68.33433333333333, 15.001, 34.666666666666664, 4.5009999999999994, 45.001000000000005]",0.5285711222520983
