,weights,regret
0,"[2.449999999999999, 1.7083333333333335, 0.022739130434782595, 0.5, 1.5, 1.5, 0.3135, 0.4375, 0.5625, 2.125, 2.6750000000000007, 2.5]",1.392378459031635
