,weights,regret
0,"[2.8581428571428567, 61.0, 26.0, 1.1438571428571436, 31.0, 15.001000000000001, 22.25, 62.501, 5.834333333333333, 16.876, 21.0, 61.0]",0.08013492619621171
