,weights,regret
0,"[0.8593333333333336, 2.625, 1.8000000000000003, 2.0, 1.5, 0.001, 1.9375, 3.1875, 3.4375, 1.7660714285714287, 1.4051666666666662, 0.126]",0.32340382318108457
