,labelled data,weights,regret
0,50,"[2.501, 5.0009999999999994, 9.5, 3.5, 0.5009999999999999, 3.0, 7.0, 5.0, 4.5, 1.501, 7.5, 2.5]",0.5119272250571966
1,100,"[0.501, 6.0009999999999994, 10.5, 6.0, 1.001, 5.5, 5.5, 5.5, 6.5, 0.001, 10.0, 4.0]",0.510597438351387
