,labelled data,weights,regret
0,50,"[1.0649999999999988, 1.1603773584905677, 1.2083333333333326, 1.0766129032258078, 1.0, 1.0, 2.0000000000000004, 1.75, 0.9166666666666671, 0.1875, 1.5, 1.0499999999999996]",3.765130848595747
1,100,"[1.1599999999999977, 1.1981132075471719, 1.2291666666666659, 1.1774193548387124, 1.0, 1.0, 2.0000000000000004, 1.75, 0.9166666666666671, 0.0010000000000000009, 1.5, 0.2999999999999992]",0.4403718489912258
