,labelled data,weights,regret
0,50,"[1.0249999999999997, 1.2264150943396253, 1.312499999999999, 1.0604838709677424, 1.3249999999999988, 1.1, 2.000000000000001, 1.75, 0.583333333333333, 0.75, 1.4166666666666663, 1.5000000000000004]",4.635575739735929
1,100,"[1.075, 1.3301886792452864, 1.312499999999999, 1.0967741935483883, 1.3249999999999988, 1.1, 2.000000000000001, 1.75, 0.3343333333333333, 0.6875, 1.4166666666666663, 1.5500000000000005]",3.886335664604888
