,weights,regret
0,"[7.0, 1.75, 2.001, 4.875, 2.5, 1.5, 2.5, 0.251, 15.0, 4.833333333333333, 4.0, 5.0]",0.2908693456094034
