,labelled data,weights,regret
0,50,"[0.001, 21.0, 16.0, 11.0, 0.001, 11.0, 20.001, 25.001, 0.001, 24.333333333333332, 5.001, 7.5009999999999994]",5.8517562611203155
1,100,"[5.001000000000001, 31.0, 23.5, 0.001, 5.001, 11.0, 25.001, 30.001, 3.334333333333333, 39.33333333333333, 10.001000000000001, 18.334333333333333]",3.0104841210199824
