,labelled data,weights,regret
0,50,"[11.0, 21.0, 11.0, 1.0, 23.5, 11.0, 2.5009999999999994, 20.000999999999998, 0.001, 36.0, 11.0, 6.0009999999999994]",15.711131812698095
1,100,"[5.001000000000001, 41.0, 41.0, 0.001, 26.0, 11.0, 25.000999999999998, 30.000999999999998, 17.501, 76.0, 21.0, 20.000999999999998]",0.47265365839807943
