,weights,regret
0,"[1.0, 1.2000000000000002, 1.3000000000000003, 2.000000000000001, 0.55, 1.1, 1.1, 0.30000000000000004, 1.05, 0.18333333333333343, 0.7999999999999999, 1.8000000000000007]",11.87891633053854
