,weights,regret
0,"[1.8000000000000005, 0.6250000000000003, 2.4, 1.5, 0.001, 2.0, 0.6875, 1.875, 1.8125, 1.4553571428571428, 2.0, 1.25]",2.2224718742061653
