,weights,regret
0,"[25.001, 0.001000000000000334, 0.001, 48.5, 5.001, 10.001000000000001, 5.001000000000001, 0.001, 56.66766666666667, 56.416666666666664, 4.167666666666667, 36.0]",0.23917290048086234
