,labelled data,weights,regret
0,50,"[0.001, 7.233333333333333, 3.1176666666666666, 0.001, 1.001, 5.0, 2.0, 8.5, 2.1676666666666664, 6.334333333333333, 0.001, 1.251]",0.10895812019212991
1,100,"[0.001, 11.566666666666668, 7.617666666666667, 2.0009999999999994, 9.001, 10.0, 4.584333333333333, 8.5, 3.1343333333333327, 9.300999999999998, 0.851, 1.1843333333333337]",0.23460564128347222
