,labelled data,weights,regret
0,50,"[0.001, 41.0, 41.0, 0.001, 10.001, 21.0, 50.001000000000005, 51.0, 10.001000000000001, 50.001, 26.0, 0.001]",0.5827692509564114
1,100,"[0.001, 71.0, 51.0, 6.001, 10.001, 21.0, 40.001000000000005, 61.0, 5.001000000000001, 130.001, 26.0, 15.000999999999998]",0.5805448020306784
