,labelled data,weights,regret
0,50,"[2.0, 3.5, 3.166666666666666, 0.001, 1.001, 2.0, 2.75, 12.001, 2.3343333333333334, 9.833333333333332, 3.0, 1.001]",5.947808795584275
1,100,"[0.41766666666666685, 7.5, 9.166666666666666, 0.001, 2.001, 2.0, 6.25, 10.001, 2.8343333333333334, 10.833333333333332, 4.0, 1.1343333333333334]",0.8961970848192845
