,labelled data,weights,regret
0,50,"[1.0, 1.1, 1.0, 0.55, 1.0, 1.0, 1.6000000000000005, 1.2500000000000002, 0.5500000000000002, 0.6000000000000001, 0.9, 0.6500000000000001]",3.1344609326914274
1,100,"[1.2000000000000002, 1.3000000000000003, 1.2000000000000002, 0.7000000000000004, 1.0, 1.0, 1.7000000000000006, 1.2500000000000002, 0.5000000000000001, 0.22500000000000017, 0.9, 0.001]",0.5839440854827047
