,labelled data,weights,regret
0,50,"[1.646428571428571, 7.817666666666667, 6.0, 0.001, 1.001, 8.0, 5.0, 8.016666666666666, 4.2509999999999994, 7.666666666666666, 0.001, 0.876]",0.1666580180675765
1,100,"[0.751, 11.317666666666666, 6.8, 4.0009999999999994, 2.0009999999999994, 12.0, 7.2, 12.516666666666666, 2.509333333333333, 12.583333333333332, 0.8009999999999999, 0.7926666666666664]",0.24047217627533968
