,weights,regret
0,"[0.251, 3.0, 1.466666666666666, 1.5, 2.0, 0.001, 1.25, 2.875, 0.75, 3.25, 0.1885, 0.6]",0.1518954041572009
