,weights,regret
0,"[0.899999999999999, 2.3000000000000007, 1.7999999999999996, 1.9000000000000008, 1.5000000000000004, 0.20000000000000015, 0.10100000000000003, 4.3000000000000025, 2.4, 3.800000000000002, 0.001, 0.8010000000000002]",0.3965692568817395
