,weights,regret
0,"[0.9, 1.0, 0.40000000000000013, 1.6166666666666674, 1.0, 1.1, 1.0333333333333334, 1.4000000000000004, 1.0333333333333334, 1.5833333333333337, 1.1, 1.583333333333334]",0.9698558620242348
