,weights,regret
0,"[6.5, 0.501, 1.251, 4.625, 1.5, 1.001, 6.5, 0.751, 8.583333333333334, 1.1885, 2.0, 3.901]",0.5435010353442802
