,weights,regret
0,"[0.40099999999999997, 3.000000000000001, 1.733333333333334, 0.0010000000000000009, 2.001, 2.0, 0.875, 3.0, 1.4375, 1.001, 0.4375000000000002, 0.3135]",0.7147605348228915
