,labelled data,weights,regret
0,50,"[0.001, 2.0, 2.0, 0.001, 1.0, 1.0, 1.751, 2.001, 1.4999999999999998, 5.333333333333334, 2.0, 0.6999999999999997]",1.7500278657594939
1,100,"[0.2737272727272727, 2.0, 2.0, 0.001, 1.0, 1.0, 3.251, 2.001, 1.333333333333333, 6.833333333333337, 2.0, 1.9]",1.7737821249421957
