,labelled data,weights,regret
0,50,"[2.0, 2.0, 3.0, 4.0, 1.5, 2.0, 2.5, 3.5, 3.0, 3.501, 4.0, 6.0]",23.65973166915101
1,100,"[3.5, 3.5, 3.5, 6.0, 2.5, 2.5, 1.001, 6.0, 2.501, 3.0009999999999994, 4.5, 2.0]",9.479246316878582
