,labelled data,weights,regret
0,50,"[0.001, 21.0, 16.0, 0.001, 6.0, 6.0, 21.0, 25.000999999999998, 7.5009999999999994, 30.000999999999998, 16.0, 1.6676666666666664]",1.6517039478358246
1,100,"[0.6260000000000003, 21.0, 21.0, 0.001, 6.0, 6.0, 26.0, 30.000999999999998, 7.5009999999999994, 42.501, 16.0, 6.6676666666666655]",1.589859681988915
