,labelled data,weights,regret
0,50,"[0.6259999999999999, 16.0, 11.0, 1.1815555555555557, 1.0, 5.001, 16.0, 21.0, 1.6676666666666664, 22.500999999999998, 6.0, 1.6676666666666664]",0.38515488814937177
1,100,"[3.1260000000000003, 26.0, 21.0, 1.3402857142857143, 8.5, 5.001, 16.0, 26.0, 6.6676666666666655, 42.501, 11.0, 12.501]",0.8902616012114156
