,labelled data,weights,regret
0,50,"[0.9999999999999998, 1.2, 3.5000000000000004, 1.4000000000000004, 0.10000000000000014, 2.000000000000001, 1.2, 2.900000000000001, 1.2000000000000006, 0.5999999999999999, 1.1000000000000005, 2.1]",1.754372322530817
1,100,"[0.8999999999999997, 2.0000000000000013, 3.3000000000000003, 1.9000000000000008, 0.401, 2.000000000000001, 1.900000000000001, 2.900000000000001, 1.400000000000001, 0.601, 2.6000000000000005, 1.1999999999999995]",0.490689992842155
