,weights,regret
0,"[1.9999999999999991, 0.251, 1.846153846153847, 1.5, 2.0, 0.001, 1.4375, 1.0, 3.5, 1.9375, 2.0625, 2.0]",0.5926145887926454
