,labelled data,weights,regret
0,50,"[1.4458333333333335, 0.7616666666666667, 1.2803952569169963, 1.6000000000000005, 0.5000000000000001, 1.3000000000000003, 1.3066666666666664, 1.6666666666666672, 0.044999999999999624, 0.64, 1.7575000000000005, 1.0350000000000004]",0.4127299861945449
1,100,"[1.6208333333333338, 0.6616666666666665, 1.7803952569169967, 2.100000000000001, 0.201, 1.8000000000000007, 1.3333333333333333, 2.0666666666666673, 0.02600000000000001, 0.6433333333333333, 2.060833333333334, 0.9050000000000006]",0.0038326422254435937
