,labelled data,weights,regret
0,50,"[42.38592063492064, 25.834333333333333, 41.0, 30.000999999999998, 11.0, 60.001, 50.001000000000005, 30.667666666666666, 0.001, 13.751, 92.33333333333333, 20.001]",1.6275199740162167
1,100,"[29.909730158730163, 38.88195238095237, 59.0, 40.001, 11.0, 70.001, 89.16766666666668, 22.000999999999998, 5.001, 4.727190476190476, 119.83333333333333, 13.572428571428574]",0.1560906463287576
