,weights,regret
0,"[0.30000000000000016, 1.5000000000000004, 1.6000000000000005, 1.4166666666666674, 1.0, 1.1, 0.5000000000000001, 1.4500000000000004, 0.6500000000000002, 1.3833333333333335, 1.1, 1.3000000000000005]",0.5968669073263424
