,labelled data,weights,regret
0,50,"[1.5, 3.0, 2.0, 0.666666666666667, 1.0, 1.0, 1.6009999999999998, 2.001, 0.8333333333333331, 3.6666666666666665, 2.0, 1.1999999999999997]",11.617849048611921
1,100,"[1.5, 3.0, 2.0, 0.8343333333333334, 1.0, 1.0, 1.8009999999999997, 2.001, 0.8333333333333331, 3.6666666666666665, 2.0, 1.1999999999999997]",11.617849048611921
