,weights,regret
0,"[0.5010000000000001, 2.4000000000000004, 3.5000000000000004, 0.40000000000000013, 2.4000000000000012, 3.200000000000002, 1.7999999999999996, 2.6000000000000005, 1.700000000000001, 3.5000000000000013, 0.0010000000000000009, 0.8010000000000003]",0.07124581156227323
