,weights,regret
0,"[1.05, 0.8125000000000004, 1.0826923076923074, 1.1, 1.1, 0.8, 0.925, 0.7000000000000001, 1.125, 1.0624999999999998, 1.0625000000000002, 1.0874999999999997]",0.7068040550935069
