,labelled data,weights,regret
0,50,"[1.1300000000000001, 1.2641509433962264, 1.2083333333333337, 1.0241935483870968, 1.0, 1.0, 3.000000000000001, 2.0, 1.3333333333333333, 1.5, 2.0, 0.8999999999999992]",5.346108489285908
1,100,"[0.98, 1.320754716981132, 1.5416666666666676, 0.838709677419355, 1.0, 1.0, 3.000000000000001, 2.0, 1.3333333333333333, 2.375, 2.0, 1.399999999999999]",5.315996226713061
