,labelled data,weights,regret
0,50,"[2.0, 2.5, 2.0, 0.0010000000000000009, 1.0, 1.0, 0.601, 2.5, 1.6666666666666667, 4.7509999999999994, 2.0, 0.2010000000000001]",42.26716197091364
1,100,"[1.0545714285714287, 3.0, 2.0, 1.0010000000000001, 1.0, 1.0, 1.2009999999999998, 2.5, 1.6666666666666667, 7.0009999999999994, 2.0, 0.7010000000000002]",1.9390738875311309
