,labelled data,weights,regret
0,50,"[3.5, 1.876, 8.307692307692308, 6.0, 6.0, 0.001, 11.251, 1.8759999999999994, 7.25, 0.001, 7.875, 5.0009999999999994]",5.345924190773766
1,100,"[2.001, 1.876, 14.173076923076918, 11.0, 6.0, 0.001, 16.250999999999998, 3.7509999999999994, 10.375, 5.0009999999999994, 11.0, 3.7509999999999994]",5.952014707840513
