,weights,regret
0,"[4.4, 1.9999999999999991, 1.3009999999999997, 0.30000000000000016, 3.0000000000000018, 1.6000000000000005, 4.2, 1.100000000000001, 1.2999999999999994, 2.3000000000000003, 2.799999999999999, 2.0]",0.21977505467339162
