,weights,regret
0,"[2.5, 2.0, 0.501, 5.5, 2.0, 2.5, 0.876, 5.5009999999999994, 0.41666666666666696, 6.786904761904762, 2.0, 1.001]",0.017785990076655475
