,labelled data,weights,regret
0,50,"[11.0, 11.0, 11.0, 7.666666666666667, 1.0, 11.0, 16.0, 0.001, 9.333333333333334, 7.666666666666668, 11.0, 13.0]",1.3284623027239162
1,100,"[11.0, 11.0, 11.0, 7.666666666666667, 11.0, 11.0, 16.0, 0.001, 9.333333333333334, 7.666666666666668, 11.0, 13.0]",0.4830346017052488
