,weights,regret
0,"[1.1050000000000002, 0.8749999999999999, 1.067307692307692, 1.3000000000000003, 1.3000000000000003, 0.6000000000000001, 0.9875000000000002, 0.8625000000000003, 1.2124999999999997, 1.05, 1.1124999999999998, 1.225]",0.7069387412890666
