,labelled data,weights,regret
0,50,"[0.001, 21.41766666666667, 25.07434640522876, 20.001, 6.0, 31.0, 30.625999999999998, 20.166666666666664, 11.042666666666667, 0.001, 39.75, 6.584333333333332]",0.4515846509923204
1,100,"[19.393857142857144, 28.667666666666676, 32.23570791953145, 5.001000000000001, 11.0, 61.0, 26.67361904761904, 24.250999999999998, 0.001, 13.334333333333333, 61.416666666666664, 42.08433333333333]",1.5540825895025676
