,weights,regret
0,"[1.0329999999999981, 1.0056603773584907, 1.0083333333333333, 1.0645161290322538, 1.0, 1.0, 1.2400000000000002, 1.1, 0.9666666666666668, 1.0374999999999999, 1.1, 1.04]",236.8027301422923
