,labelled data,weights,regret
0,50,"[1.5, 1.5, 1.5, 0.8333333333333331, 1.0, 1.0, 3.0, 1.0, 1.4166666666666667, 1.0, 1.5, 1.1999999999999997]",0.9112202448966791
1,100,"[1.5, 1.75, 1.5, 0.8333333333333331, 1.0, 1.0, 3.375, 1.0, 1.4166666666666667, 0.625, 1.5, 1.0999999999999999]",0.688521094290397
