,weights,regret
0,"[11.0, 11.0, 16.0, 11.0, 11.0, 10.001000000000001, 5.0009999999999994, 10.001, 10.001, 39.57142857142856, 14.333333333333334, 30.0]",0.5585896635346473
