,weights,regret
0,"[4.400000000000001, 2.0000000000000004, 0.001, 2.100000000000001, 0.001, 3.100000000000002, 0.30000000000000004, 1.7999999999999998, 0.6000000000000005, 2.7, 2.3000000000000003, 2.800000000000001]",2.184863037913856
