,labelled data,weights,regret
0,50,"[9.001, 15.000999999999998, 32.333333333333336, 11.0, 0.001, 11.0, 23.5, 14.75, 4.75, 16.0, 4.286714285714286, 0.001]",7.391662581355772
1,100,"[4.0009999999999994, 33.33433333333334, 37.66666666666667, 0.001, 20.000999999999998, 21.0, 31.0, 28.5, 10.001000000000001, 24.75, 2.501, 6.2509999999999994]",0.6161609294085134
