,labelled data,weights,regret
0,50,"[5.2333333333333325, 2.8009999999999997, 6.8, 3.001, 0.001, 5.0009999999999994, 5.2509999999999994, 6.384333333333334, 0.7509999999999999, 1.9343333333333335, 4.5, 4.083333333333334]",0.0038326422254435937
1,100,"[9.366666666666665, 2.2510000000000003, 9.8, 9.001, 1.001, 11.001, 5.6676666666666655, 9.384333333333334, 0.751, 3.8676666666666666, 8.549999999999999, 2.2166666666666672]",2.93213656167357e-05
