,labelled data,weights,regret
0,50,"[2.0, 2.0, 2.5, 0.001, 1.0, 1.0, 2.501, 3.0, 0.501, 3.0, 1.5, 0.251]",8.231856508827763
1,100,"[0.001, 4.5, 3.5, 0.001, 1.0, 1.5, 3.501, 3.0, 0.6676666666666666, 5.0, 2.0, 2.501]",3.65475781953222
