,weights,regret
0,"[0.001, 54.66766666666666, 28.706769230769225, 70.001, 40.001, 10.000999999999998, 10.001000000000001, 74.35714285714286, 5.001, 88.33433333333333, 0.001, 21.334333333333337]",0.09112753218895842
