,labelled data,weights,regret
0,50,"[9.0, 8.001, 16.0, 4.0, 0.001, 5.0009999999999994, 10.0, 10.0, 6.0, 3.0, 8.0, 0.001]",7.4523054988694195
1,100,"[0.001, 13.001, 15.0, 5.0, 3.001, 4.0009999999999994, 9.0, 10.0, 13.0, 9.0, 0.001, 3.001]",0.24816387634831413
