,labelled data,weights,regret
0,50,"[3.0, 3.0, 3.0, 0.3343333333333333, 1.0, 1.001, 4.0009999999999994, 5.5009999999999994, 1.5, 5.167666666666666, 2.0, 0.16666666666666696]",16.516330423399108
1,100,"[0.001, 9.0, 5.0, 0.501, 3.0, 1.001, 9.001, 6.5009999999999994, 1.5, 8.167666666666666, 4.0, 2.1676666666666664]",0.5933403224774172
