,labelled data,weights,regret
0,50,"[6.0, 6.0, 11.0, 11.0, 6.0, 1.0, 11.0, 10.001, 26.0, 31.0, 36.0, 51.0]",19.95069515412597
1,100,"[15.001000000000001, 16.0, 21.0, 36.0, 11.0, 11.0, 11.0, 5.001, 21.0, 26.0, 36.0, 51.0]",12.965438397297543
