,labelled data,weights,regret
0,50,"[11.0, 26.0, 26.0, 11.0, 1.0, 1.0, 61.0, 0.001, 15.000999999999998, 5.001000000000001, 41.0, 51.0]",7.877464332501917
1,100,"[41.0, 36.0, 31.0, 11.0, 6.0, 1.0, 71.0, 15.001, 0.001000000000000334, 25.001, 46.0, 51.0]",4.018006460305609
