,weights,regret
0,"[0.19999999999999993, 1.625, 1.9615384615384612, 0.001, 1.5, 2.0, 2.5, 2.75, 2.3125, 1.1875, 0.3135, 1.1875]",1.2488354487960724
