,labelled data,weights,regret
0,50,"[0.2343333333333334, 5.083333333333333, 2.001, 0.001, 4.0009999999999994, 2.0009999999999994, 2.501, 4.5009999999999994, 2.75, 7.793857142857143, 0.5117142857142857, 0.001]",0.2662767199796407
1,100,"[0.376, 7.266666666666666, 4.334333333333333, 0.001, 6.0009999999999994, 11.001, 7.0009999999999994, 8.501, 2.25, 11.71052380952381, 0.001, 0.7152857142857143]",0.20032249623463821
