,labelled data,weights,regret
0,50,"[0.6000000000000001, 1.8000000000000007, 1.4000000000000004, 0.7499999999999999, 1.2000000000000002, 1.1, 0.7000000000000001, 1.8000000000000007, 0.06666666666666664, 1.883333333333334, 1.3000000000000003, 0.8499999999999999]",13.798156036145654
1,100,"[0.2400000000000001, 2.000000000000001, 1.5000000000000004, 0.28999999999999976, 1.2000000000000002, 1.1, 1.1, 2.000000000000001, 0.001, 2.5833333333333344, 1.3000000000000003, 1.0499999999999998]",0.8796419859168255
