,labelled data,weights,regret
0,50,"[21.0, 21.0, 11.0, 0.0010000000000012221, 5.001, 5.001, 15.001000000000001, 16.0, 0.001000000000000334, 20.001, 6.0, 5.001000000000001]",31.301607842542975
1,100,"[11.0, 41.0, 26.0, 5.001, 10.001000000000001, 10.001000000000001, 25.001, 31.0, 5.001000000000001, 30.001000000000005, 16.0, 20.001]",21.14001505290249
