,weights,regret
0,"[1.014999999999999, 1.0169811320754725, 1.0166666666666666, 1.0508064516128994, 1.0, 1.0, 1.2400000000000002, 1.1, 0.9666666666666668, 1.0125, 1.1, 1.06]",0.7665374531249888
