,weights,regret
0,"[1.1, 1.2000000000000002, 1.5000000000000004, 2.100000000000001, 1.1, 0.13433333333333333, 0.001, 1.0500000000000005, 1.8000000000000007, 0.5766666666666663, 1.1, 0.9010000000000001]",0.7185815904783202
