,labelled data,weights,regret
0,50,"[1.2, 1.2, 1.1, 2.2000000000000006, 1.0, 1.2000000000000002, 0.09999999999999976, 2.500000000000001, 0.10100000000000003, 1.1010000000000002, 1.8000000000000003, 0.5999999999999993]",3.1516820450235166
1,100,"[1.2, 1.0999999999999999, 1.1, 2.9000000000000012, 0.7000000000000001, 1.8000000000000007, 0.10100000000000003, 2.500000000000001, 0.601, 0.6010000000000001, 1.8000000000000003, 0.10100000000000009]",0.6132263979642338
