,weights,regret
0,"[0.7, 1.4000000000000004, 2.0000000000000004, 1.2, 1.0, 1.1, 0.8999999999999999, 2.100000000000001, 0.19999999999999976, 1.5999999999999999, 1.6, 1.6999999999999997]",33.23784367067752
