,weights,regret
0,"[5.001, 25.001, 10.001000000000001, 25.001, 16.0, 21.0, 5.001, 31.0, 11.667666666666669, 15.001, 15.001000000000001, 0.001]",1.3244078344041383
