,labelled data,weights,regret
0,50,"[15.000999999999998, 15.000999999999998, 20.001, 5.001000000000001, 11.0, 11.0, 30.001, 40.001000000000005, 15.001000000000001, 30.000999999999998, 30.001, 50.001]",95.55001911663965
1,100,"[30.000999999999998, 25.000999999999998, 35.001000000000005, 15.001000000000001, 16.0, 16.0, 20.001, 55.001000000000005, 5.001000000000001, 35.001, 30.001, 30.000999999999998]",24.58718001540147
