,labelled data,weights,regret
0,50,"[0.55, 2.6821428571428574, 2.5, 1.5, 2.0, 1.0, 1.9315476190476188, 2.875, 2.0, 1.5843333333333334, 0.4547619047619047, 0.5999999999999999]",0.19663939852707685
1,100,"[1.288888888888889, 2.923809523809524, 2.5, 1.0, 1.0, 2.5, 3.4315476190476186, 3.875, 0.5625, 1.4176666666666669, 1.5547619047619046, 0.1059523809523808]",3.3140454436156994
