,weights,regret
0,"[0.07322222222222213, 1.6000000000000005, 1.4000000000000004, 0.07877777777777777, 1.0, 1.0, 1.7000000000000006, 1.7000000000000006, 0.001, 2.325000000000001, 0.9, 0.7343333333333333]",4.575253051311181
