,labelled data,weights,regret
0,50,"[31.0, 50.001, 61.0, 31.0, 21.0, 11.0, 91.0, 1.0, 30.001, 20.000999999999998, 71.0, 101.0]",7.240798868415618
1,100,"[61.0, 70.001, 81.0, 0.001, 21.0, 11.0, 91.0, 0.001, 20.001, 30.000999999999998, 91.0, 101.0]",3.2512822235944063
