,weights,regret
0,"[0.7999999999999999, 1.9000000000000004, 1.8000000000000007, 0.7000000000000001, 1.0, 1.1, 1.3, 2.200000000000001, 0.6999999999999997, 1.6000000000000005, 1.6, 0.9999999999999993]",27.20416361577086
