,labelled data,weights,regret
0,50,"[16.0, 16.0, 41.0, 21.0, 6.0, 11.0, 36.0, 0.001, 16.0, 10.001000000000001, 21.0, 35.001000000000005]",5.218823404297108
1,100,"[16.0, 46.0, 51.0, 11.0, 6.0, 11.0, 31.0, 5.001000000000001, 6.0, 15.001000000000001, 26.0, 35.001000000000005]",1.2547071367449079
