,labelled data,weights,regret
0,50,"[1.0, 3.0, 4.0, 1.0, 1.0, 2.0, 2.001, 6.5009999999999994, 0.001, 4.5, 3.0, 3.1676666666666664]",11.380083498456289
1,100,"[0.2232222222222222, 8.0, 6.0, 0.11211111111111105, 1.0, 3.0, 5.0009999999999994, 6.5009999999999994, 1.001, 7.5, 4.0, 3.1676666666666664]",2.892889262193712
