,weights,regret
0,"[1.0089999999999992, 0.9999999999999999, 1.0041666666666667, 1.0475806451612864, 1.0, 1.0, 1.04, 1.1, 1.133333333333333, 1.0374999999999999, 1.1, 1.1]",0.8620174256568587
