,labelled data,weights,regret
0,50,"[12.501, 16.0, 16.0, 11.667666666666666, 6.0, 1.0, 16.0, 15.001000000000001, 2.501, 10.285714285714285, 11.0, 0.001]",511.941766281732
1,100,"[22.500999999999998, 26.0, 21.0, 0.001, 6.0, 1.0, 16.0, 25.001, 2.501, 27.785714285714285, 11.0, 5.001000000000001]",11.034436864884977
