,labelled data,weights,regret
0,50,"[1.0, 21.0, 16.0, 8.5, 11.0, 11.0, 2.501, 5.001000000000001, 0.001, 12.501000000000001, 6.0, 5.001]",45.470089096239114
1,100,"[6.751000000000001, 31.0, 21.0, 8.167666666666666, 16.0, 11.0, 27.500999999999998, 15.001000000000001, 0.001, 32.501000000000005, 11.0, 15.001000000000001]",39.030858377310246
