,labelled data,weights,regret
0,50,"[1.001, 6.0009999999999994, 10.0, 0.501, 2.501, 5.5, 9.5, 8.0, 6.0009999999999994, 6.0, 0.501, 3.001]",0.13617278980904451
1,100,"[3.0009999999999994, 9.001, 8.5, 0.001, 4.0009999999999994, 10.0, 12.0, 11.0, 2.5009999999999994, 12.5, 1.501, 2.5009999999999994]",3.076053320311137
