,weights,regret
0,"[1.1449999999999982, 1.0, 0.6653846153846152, 1.3000000000000003, 1.1, 0.6000000000000001, 0.6250000000000004, 0.4500000000000004, 0.8875000000000002, 1.0624999999999998, 1.2499999999999998, 1.3749999999999996]",18.14073787626226
