,labelled data,weights,regret
0,50,"[0.4, 1.3000000000000003, 1.4000000000000001, 0.30000000000000016, 1.0, 1.1, 0.8999999999999999, 2.3000000000000007, 0.6999999999999997, 2.1000000000000005, 1.6, 1.9]",21.502447517971717
1,100,"[0.5, 1.4000000000000004, 1.4000000000000001, 0.3000000000000001, 1.0, 1.1, 1.3, 2.500000000000001, 0.4999999999999998, 1.9000000000000004, 1.6, 1.6999999999999997]",18.23621481936484
