,labelled data,weights,regret
0,50,"[3.001, 30.500999999999998, 27.0, 0.001, 20.000999999999998, 11.0, 24.75, 19.75, 8.5, 16.0, 0.001, 7.501]",0.6331176079400301
1,100,"[5.001, 35.501, 43.000000000000014, 0.001, 20.000999999999998, 21.0, 34.75, 33.5, 16.0, 21.0, 6.251, 2.5010000000000012]",0.41807456075304333
