,weights,regret
0,"[0.0010000000000000009, 5.5, 4.5, 0.401, 1.5, 1.5, 3.0, 5.5009999999999994, 1.041666666666667, 3.3759999999999994, 3.0, 6.0]",0.08583075166095228
