,weights,regret
0,"[1.3000000000000003, 0.3676666666666666, 0.001, 2.7166666666666655, 1.1, 1.0, 0.85, 0.0010000000000000286, 3.200000000000002, 2.325000000000001, 1.2000000000000002, 1.9366666666666676]",1.1289600850111954
