,labelled data,weights,regret
0,50,"[41.58333333333333, 16.524809523809527, 41.0, 20.000999999999998, 20.000999999999998, 51.0, 25.404761904761905, 35.83333333333333, 0.001, 9.751000000000001, 56.5, 4.334333333333333]",0.41427121363500535
1,100,"[73.0, 3.191476190476193, 63.0, 90.001, 0.001, 81.0, 42.57142857142857, 65.83333333333333, 3.7509999999999994, 24.41766666666667, 81.16666666666667, 21.905761904761903]",0.014216846733023541
