,weights,regret
0,"[0.7999999999999999, 0.8999999999999999, 0.001, 3.4000000000000017, 1.0, 1.0, 0.7010000000000001, 0.10100000000000003, 3.4000000000000017, 3.1000000000000014, 1.6, 2.4000000000000004]",0.9899407260748161
