,weights,regret
0,"[1.0109999999999986, 1.0075471698113212, 1.0083333333333333, 1.0572580645161243, 1.0, 1.0, 1.08, 1.0, 0.833333333333333, 0.9375000000000001, 1.0, 1.01]",0.8130000417894114
