,weights,regret
0,"[0.8, 1.7000000000000006, 1.5000000000000004, 1.1666666666666667, 1.0, 1.0, 0.5250000000000001, 1.2500000000000002, 0.6333333333333334, 1.5666666666666669, 1.1, 1.2500000000000007]",0.43262806865084563
