,weights,regret
0,"[15.001000000000001, 35.001000000000005, 15.001000000000001, 10.501, 16.0, 1.0, 15.001000000000001, 26.0, 9.167666666666667, 26.667666666666662, 10.001000000000001, 5.001]",0.06099448920984802
