,labelled data,weights,regret
0,50,"[0.7264285714285714, 1.7916666666666676, 1.3333333333333335, 0.7000000000000001, 0.8, 1.7000000000000006, 1.583333333333334, 1.9166666666666676, 0.9999999999999999, 1.6200000000000006, 0.39630952380952394, 0.6883333333333332]",0.13710244510025685
1,100,"[0.5398809523809522, 1.9066666666666678, 1.3333333333333335, 0.5000000000000001, 1.1, 2.200000000000001, 1.9533333333333343, 2.4166666666666674, 0.6, 2.086666666666668, 0.1565476190476191, 0.131]",0.13909053467432989
