,labelled data,weights,regret
0,50,"[6.6676666666666655, 25.834333333333333, 38.666666666666664, 41.0, 0.001, 41.0, 40.834333333333326, 36.0, 15.000999999999996, 2.5009999999999994, 24.75, 6.5]",0.14252525427620744
1,100,"[2.223222222222222, 39.16766666666666, 58.666666666666664, 61.0, 0.001, 41.0, 60.334333333333326, 36.00000000000001, 25.001, 2.501, 47.25, 4.5]",0.15133519445892882
