,labelled data,weights,regret
0,50,"[1.5, 5.6259999999999994, 8.500000000000002, 6.0, 0.001, 6.0, 11.876, 6.0, 2.501, 6.0, 2.501, 0.001]",9.106345592642722
1,100,"[0.7509999999999999, 6.8759999999999994, 14.269230769230766, 1.0, 5.001, 6.0, 15.001, 14.75, 7.5009999999999994, 12.875, 0.001, 1.8759999999999994]",0.476884678354338
