,labelled data,weights,regret
0,50,"[2.0, 2.0, 2.0, 3.0, 1.0, 3.0, 4.0, 3.001, 1.001, 1.9166666666666665, 3.0, 0.3333333333333334]",0.8849777455499647
1,100,"[2.0, 2.0, 2.0, 2.0, 1.0, 3.0, 5.0, 3.001, 1.001, 2.2916666666666665, 3.0, 0.501]",0.39581955504722277
