,labelled data,weights,regret
0,50,"[1.501, 6.0, 10.001, 0.001, 2.5, 3.0, 4.001, 6.5009999999999994, 3.5009999999999994, 5.5009999999999994, 0.501, 1.001]",0.12696979261482425
1,100,"[0.001, 9.5, 10.001, 1.001, 2.5, 3.0, 3.5010000000000003, 8.001, 6.5009999999999994, 5.0009999999999994, 2.001, 0.501]",1.1529013410890776
