,labelled data,weights,regret
0,50,"[1.3, 3.1698113207547194, 4.75, 1.8467741935483863, 5.25, 1.0, 9.0, 8.5, 1.6676666666666664, 5.6259999999999994, 6.833333333333332, 8.0]",21.008259033640194
1,100,"[0.8000000000000004, 4.396226415094343, 5.791666666666665, 0.9193548387096765, 5.5, 1.0, 11.0, 8.5, 1.6676666666666662, 11.876, 6.833333333333332, 6.0]",11.329432111338807
