,labelled data,weights,regret
0,50,"[1.1300000000000001, 1.6792452830188678, 1.7500000000000013, 1.0725806451612903, 1.5000000000000004, 1.0, 2.8000000000000003, 1.5, 0.501, 1.5, 1.5000000000000002, 1.1]",8.335302519540326
1,100,"[1.2600000000000002, 1.7358490566037734, 1.9166666666666683, 1.1129032258064515, 1.5000000000000004, 1.0, 2.8000000000000003, 1.5, 0.8343333333333333, 2.125, 1.5000000000000002, 0.9999999999999997]",5.193353366099701
