,weights,regret
0,"[0.07892207792207784, 6.834333333333335, 3.75, 0.001, 3.5009999999999994, 7.5, 5.058333333333334, 8.291666666666668, 1.645833333333333, 5.3500000000000005, 0.001, 0.001]",0.2642087926613537
