,labelled data,weights,regret
0,50,"[0.40100000000000013, 2.0, 2.6, 0.6000000000000001, 0.9, 1.7000000000000006, 2.0000000000000004, 2.900000000000001, 1.4000000000000001, 2.0, 0.10099999999999998, 0.6000000000000001]",0.12588352430226674
1,100,"[0.6009999999999999, 2.3, 2.6, 0.5000000000000001, 0.9, 1.7000000000000006, 2.2000000000000006, 3.100000000000001, 1.3000000000000003, 2.1999999999999997, 0.201, 0.8000000000000002]",0.14005898976531178
