,weights,regret
0,"[3.816666666666667, 0.351, 3.4230769230769234, 0.501, 2.5, 2.501, 3.3976190476190484, 0.1885, 3.0, 2.5833333333333335, 2.8833333333333333, 3.8]",0.4254246483513212
