,labelled data,weights,regret
0,50,"[1.4000000000000004, 1.5660377358490565, 1.0, 3.822580645161288, 1.0, 1.0, 10.001, 10.001, 8.334333333333333, 2.501, 10.001, 10.001]",20.126790247706374
1,100,"[1.0, 3.075471698113207, 1.833333333333333, 6.403225806451621, 8.001, 1.0, 12.001, 10.001, 6.667666666666667, 8.751, 10.001, 10.001]",20.282070878580832
