,weights,regret
0,"[0.24999999999999933, 2.650000000000001, 1.9000000000000008, 0.001, 1.501, 2.0, 2.375, 3.5625, 0.6875, 3.875, 0.251, 0.001]",0.994628473047762
