,labelled data,weights,regret
0,50,"[1.5500000000000005, 2.226415094339623, 2.666666666666667, 1.443548387096774, 1.0, 1.0, 9.0, 6.0, 4.333333333333334, 4.3759999999999994, 6.0, 3.0]",3.6152470046231597
1,100,"[1.1500000000000004, 3.0754716981132098, 4.541666666666667, 0.19354838709677374, 2.75, 1.0, 9.0, 6.0, 4.333333333333334, 5.6259999999999994, 6.0, 5.501]",4.764370998454635
