,labelled data,weights,regret
0,50,"[20.001, 4.0, 8.0, 20.001, 9.001, 6.0009999999999994, 0.001, 12.001, 5.001, 16.0, 7.0, 6.001]",410.72025475936493
1,100,"[19.001, 14.0, 11.0, 6.001000000000001, 9.001, 11.001, 12.001, 21.000999999999998, 2.0010000000000003, 18.0, 7.0, 9.001]",16.98643048124111
