,labelled data,weights,regret
0,50,"[2.0, 2.0, 2.0, 1.6666666666666667, 1.0, 1.0, 0.4009999999999998, 2.001, 1.8333333333333333, 3.9999999999999996, 2.0, 0.5999999999999998]",74.04913760909811
1,100,"[2.0, 2.0, 2.0, 1.6666666666666667, 1.0, 1.0, 1.0009999999999997, 2.001, 1.6666666666666665, 3.9999999999999996, 2.0, 0.6999999999999997]",74.04287458728423
