,labelled data,weights,regret
0,50,"[1.6000000000000005, 1.660377358490566, 3.916666666666668, 1.4838709677419353, 1.0, 1.0, 9.0, 6.0, 3.500000000000001, 6.876, 6.0, 5.0]",19.20858622608779
1,100,"[3.2499999999999996, 1.5660377358490565, 5.374999999999999, 2.4919354838709697, 4.251, 1.0, 10.0, 6.0, 3.500000000000001, 1.2510000000000012, 6.0, 6.5]",12.151219879428211
