,weights,regret
0,"[1.6000000000000003, 1.6750000000000005, 3.3999999999999986, 1.5, 2.0, 0.001, 1.75, 2.1875, 1.8125, 1.5, 0.65, 1.3]",1.7747796456945129
