,labelled data,weights,regret
0,50,"[2.4000000000000012, 2.8867924528301883, 6.833333333333334, 1.3225806451612898, 1.0, 1.0, 19.0, 11.0, 6.000000000000002, 13.751000000000001, 11.0, 1.0]",5.555855375451119
1,100,"[3.300000000000002, 4.962264150943398, 10.999999999999996, 0.43548387096774116, 3.5, 1.0, 19.0, 11.0, 6.000000000000002, 16.251, 11.0, 4.0009999999999994]",4.5148315437304545
