,labelled data,weights,regret
0,50,"[1.1, 1.1, 1.3000000000000003, 1.5000000000000004, 1.0, 1.0, 1.7000000000000006, 0.9500000000000001, 0.6500000000000002, 0.39166666666666683, 1.1, 1.0499999999999998]",0.6674773782316317
1,100,"[1.1, 1.2000000000000002, 1.3000000000000003, 1.2500000000000002, 1.0, 1.2000000000000002, 1.9000000000000008, 1.1500000000000001, 0.4500000000000003, 0.8892857142857145, 1.1, 0.24166666666666595]",1.300791452041626
