,labelled data,weights,regret
0,50,"[1.0229999999999988, 1.0735849056603806, 1.1041666666666663, 1.0112903225806456, 1.0649999999999986, 1.06, 1.4200000000000004, 1.2000000000000002, 0.6499999999999989, 0.9500000000000002, 1.0999999999999996, 1.1]",3.7221416324176535
1,100,"[1.0519999999999974, 1.088679245283023, 1.120833333333333, 1.0161290322580652, 1.0649999999999986, 1.06, 1.5000000000000004, 1.2000000000000002, 0.583333333333332, 1.0, 1.0999999999999996, 1.05]",3.11522538149777
