,labelled data,weights,regret
0,50,"[4.0, 5.0009999999999994, 12.538461538461528, 11.0, 11.0, 0.001, 7.25, 11.0, 11.0, 9.75, 1.251, 8.5]",7.325242908730449
1,100,"[0.001, 13.751, 18.884615384615365, 11.0, 11.0, 0.001, 6.0, 16.0, 3.5, 11.0, 0.001, 8.5]",3.382664454339292
