,weights,regret
0,"[1.25, 1.251, 0.5009999999999999, 7.2010000000000005, 2.5, 0.251, 2.601, 3.75, 4.917666666666666, 5.166666666666668, 2.001, 5.0009999999999994]",1.0583036178545784
