,labelled data,weights,regret
0,50,"[5.001, 8.001, 11.0, 2.001, 5.0, 10.0, 7.0, 11.001, 3.0009999999999994, 11.0, 3.0010000000000003, 3.0009999999999994]",3.3392274130842234
1,100,"[4.0009999999999994, 16.000999999999998, 12.0, 4.0009999999999994, 7.0, 16.0, 12.0, 18.000999999999998, 5.0009999999999994, 13.0, 5.0009999999999994, 0.001]",3.0566055991006387
