,labelled data,weights,regret
0,50,"[6.0, 3.501, 8.5, 3.0, 0.5, 4.0, 4.5, 5.5, 2.5, 1.0, 5.5, 3.0]",2.124096561231197
1,100,"[6.0, 2.501, 8.5, 4.5, 0.001, 5.0, 1.5, 6.0, 3.0, 0.5, 6.0, 3.5]",0.02080672105922026
