,labelled data,weights,regret
0,50,"[4.3759999999999994, 34.501, 16.0, 0.001000000000000334, 20.001, 36.0, 27.375999999999998, 43.5, 5.001, 33.08333333333333, 1.7569523809523806, 6.834333333333333]",0.1099398024915236
1,100,"[0.001, 54.417666666666655, 31.0, 15.001000000000001, 20.001, 46.0, 48.626, 76.0, 10.001000000000001, 44.74999999999999, 1.6379047619047613, 0.001]",0.12394825096525464
