,labelled data,weights,regret
0,50,"[1.004, 1.0132075471698119, 1.0125, 1.0032258064516129, 1.0, 1.0, 1.1800000000000002, 1.1, 1.0166666666666668, 1.025, 1.1, 1.07]",9.839612635324036
1,100,"[1.0159999999999996, 1.0150943396226422, 1.0166666666666666, 1.0088709677419354, 1.0, 1.0, 1.2200000000000002, 1.1, 0.9833333333333335, 1.0624999999999998, 1.1, 1.0]",9.771657866061922
