,weights,regret
0,"[1.583333333333333, 5.5, 0.001, 1.1676666666666666, 1.5, 2.5, 2.0, 3.5, 0.9176666666666666, 3.9384999999999994, 2.5, 0.501]",0.07981378206806902
