,labelled data,weights,regret
0,50,"[0.5714285714285713, 1.2583333333333333, 2.5, 1.001, 1.501, 2.5, 1.375, 3.0, 0.876, 1.501, 0.08433333333333333, 0.401]",0.11794068755534744
1,100,"[1.0873015873015872, 2.15, 2.5, 1.501, 2.001, 3.0, 2.5416666666666665, 2.75, 1.9593333333333331, 3.209333333333333, 0.8890952380952379, 0.276]",3.0872868469188366
