,labelled data,weights,regret
0,50,"[7.5, 4.167666666666669, 14.666666666666668, 0.001, 11.0, 10.001000000000001, 7.875, 6.0, 1.625, 3.751, 18.5, 4.75]",7.503673388780162
1,100,"[6.5, 4.167666666666668, 21.666666666666668, 0.001, 11.0, 10.001000000000001, 7.25, 8.5, 5.0009999999999994, 6.2509999999999994, 21.0, 0.25099999999999945]",6.198159012736395
