,weights,regret
0,"[0.6010000000000001, 2.0000000000000004, 2.200000000000001, 1.3999999999999997, 1.0, 1.2000000000000002, 0.10100000000000003, 2.0000000000000004, 0.1999999999999996, 2.700000000000001, 1.6, 2.2]",0.47741948318697075
