,weights,regret
0,"[57.262904761904764, 38.99999999999999, 0.001, 61.0, 0.001, 50.001, 8.667666666666669, 1.6676666666666744, 7.501, 45.001000000000005, 31.0, 42.001]",0.22523373664821844
