,weights,regret
0,"[0.351, 1.5, 1.7115384615384617, 0.0010000000000000009, 1.5, 1.5, 1.75, 2.5, 0.8125, 1.5, 0.751, 0.375]",1.165583392882349
