,labelled data,weights,regret
0,50,"[2.0, 2.0, 8.0, 1.0, 1.0, 1.0, 6.0, 2.001, 1.001, 3.001, 5.0, 6.0]",1.343178632159498
1,100,"[6.0009999999999994, 7.0, 10.0, 0.001, 2.0, 1.0, 8.0, 1.001, 1.001, 4.0009999999999994, 5.0, 6.0]",3.0814684723401466
