,labelled data,weights,regret
0,50,"[30.027777777777775, 13.334333333333332, 21.0, 26.0, 0.0010000000000012221, 16.0, 21.667666666666666, 13.5, 0.001, 11.751, 24.666666666666668, 0.001]",1.1932546768981125
1,100,"[44.90277777777778, 10.334333333333333, 24.662602748129064, 46.0, 0.001, 36.0, 12.667666666666666, 21.75, 9.167666666666666, 24.58433333333333, 39.00000000000001, 10.834333333333333]",0.41527516107832874
