,labelled data,weights,regret
0,50,"[1.1500000000000006, 1.25, 2.326923076923077, 2.0, 0.001, 2.001, 4.125, 2.5, 0.875, 2.875, 1.125, 0.001]",9.381500382607959
1,100,"[0.7000000000000003, 2.5, 3.4038461538461546, 0.001, 2.001, 2.001, 5.625, 4.375, 1.625, 3.5, 1.001, 0.376]",0.7702908647117235
