,labelled data,weights,regret
0,50,"[2.5, 1.0, 4.0, 5.5, 1.0, 1.5, 0.001, 6.5, 3.0, 3.0, 4.0, 2.0]",7.119333144939092
1,100,"[3.0, 1.0, 4.5, 7.0, 5.001, 3.5, 1.501, 7.0, 1.5, 3.0, 4.0, 3.001]",3.826247463620886
