,labelled data,weights,regret
0,50,"[11.0, 31.0, 21.0, 51.0, 11.0, 41.0, 6.667666666666666, 35.001000000000005, 8.334333333333333, 10.417666666666666, 21.0, 9.333333333333332]",0.31896414149912644
1,100,"[11.0, 41.0, 41.0, 71.0, 0.001, 41.0, 20.000999999999998, 45.001000000000005, 8.334333333333333, 11.084333333333326, 21.0, 11.667666666666666]",0.22020174795201633
