,weights,regret
0,"[1.0999999999999999, 1.9000000000000008, 1.8000000000000005, 0.20000000000000037, 1.0, 1.0, 1.4000000000000001, 2.5000000000000013, 0.3999999999999997, 2.1000000000000005, 1.6, 0.9999999999999992]",26.198853232923025
