,weights,regret
0,"[7.0, 1.001, 0.876, 4.125, 2.0, 1.0, 8.5, 2.001, 9.834333333333333, 3.8313571428571427, 3.5, 3.75]",1.206079255952229
