,labelled data,weights,regret
0,50,"[0.101, 1.625, 2.884615384615385, 0.001, 2.0, 2.0, 3.25, 3.875, 3.0, 1.625, 0.251, 0.875]",0.8574940939978963
1,100,"[0.7509999999999999, 2.125, 3.5961538461538454, 0.001, 2.001, 2.0, 4.125, 5.75, 3.375, 2.625, 0.251, 1.0]",0.4953353540774343
