,labelled data,weights,regret
0,50,"[1.5, 1.5, 1.5, 3.0, 1.5, 0.5, 2.5, 3.5, 0.16766666666666669, 1.7301666666666666, 2.0, 0.001]",8.113201289089625
1,100,"[1.5, 0.501, 3.0, 4.25, 0.625, 2.5, 0.376, 4.5, 1.9176666666666666, 1.3551666666666664, 3.0, 0.751]",1.250151548981336
