,labelled data,weights,regret
0,50,"[0.5763095238095237, 1.4983333333333342, 1.4000000000000004, 0.40000000000000013, 1.5000000000000004, 1.6000000000000005, 1.8750000000000009, 1.7516666666666674, 0.3666666666666669, 1.5241666666666671, 0.2804761904761906, 0.4999999999999999]",0.17982223007695258
1,100,"[0.10440476190476182, 2.0400000000000014, 1.6600000000000006, 0.6000000000000001, 1.4000000000000004, 2.200000000000001, 1.975000000000001, 2.626666666666668, 0.32916666666666705, 1.8658333333333341, 0.13219047619047622, 0.24916666666666637]",0.14055856790905458
