,labelled data,weights,regret
0,50,"[1.9000000000000006, 2.6981132075471694, 3.9166666666666656, 0.001, 1.5, 1.0, 21.0, 11.0, 1.0000000000000027, 15.001000000000001, 11.0, 10.0]",13.060234009103416
1,100,"[2.500000000000001, 3.075471698113207, 6.833333333333334, 0.2429354838709678, 1.5, 1.0, 21.0, 11.0, 4.333333333333336, 17.501, 11.0, 10.0]",5.474646464099171
