,labelled data,weights,regret
0,50,"[0.8500000000000005, 2.0377358490566038, 2.8750000000000004, 0.8790322580645163, 1.0, 1.0, 8.0, 6.0, 3.500000000000001, 5.6259999999999994, 6.0, 5.501]",6.745914927293225
1,100,"[1.8500000000000003, 3.1698113207547185, 4.125000000000001, 1.1612903225806455, 2.75, 1.0, 9.0, 6.0, 2.666666666666668, 10.001, 6.0, 4.501]",5.081470605722161
