,labelled data,weights,regret
0,50,"[14.75, 19.500999999999998, 11.0, 1.0, 0.001, 11.0, 18.5, 31.0, 7.501, 16.0, 2.501, 0.001]",0.11592761882008021
1,100,"[23.08333333333333, 25.33433333333333, 21.0, 31.0, 10.000999999999998, 31.0, 14.833333333333332, 31.0, 17.501, 29.333333333333336, 8.57242857142857, 0.001]",7.051883427422246
