,labelled data,weights,regret
0,50,"[1.8, 0.6666666666666666, 2.7333333333333343, 1.5, 0.5, 1.5, 2.125, 1.9375, 1.4375, 1.5910714285714287, 1.625, 1.201]",1.2459262069677401
1,100,"[1.8499999999999999, 0.5, 3.2333333333333334, 2.0, 0.001, 2.0, 2.375, 2.1875, 1.25, 1.2160714285714287, 2.5, 1.7009999999999996]",0.007711775851078093
