,labelled data,weights,regret
0,50,"[1.0009999999999994, 9.834333333333332, 8.685210526315789, 5.001, 0.001, 21.0, 9.584333333333332, 12.501, 3.751, 3.0010000000000012, 3.929571428571428, 0.001]",9.55608982737682
1,100,"[8.709333333333333, 6.834333333333332, 8.685210526315789, 10.001000000000001, 5.001000000000001, 26.0, 4.584333333333332, 12.501, 0.001, 6.334333333333333, 8.929571428571428, 0.001]",8.88010815812107
