,labelled data,weights,regret
0,50,"[0.001, 15.0, 10.001, 1.001, 4.0009999999999994, 10.0, 9.0, 12.0, 5.0009999999999994, 14.001, 0.001, 3.0009999999999994]",0.13740913023444118
1,100,"[0.001000000000000334, 23.0, 17.000999999999998, 0.001, 7.0009999999999994, 20.0, 16.0, 16.0, 3.001, 19.000999999999998, 0.001, 5.0009999999999994]",0.12864750910059922
