,labelled data,weights,regret
0,50,"[6.0009999999999994, 4.0009999999999994, 12.0, 7.0, 0.001, 9.001, 2.0009999999999994, 8.001, 4.0009999999999994, 2.0009999999999994, 11.0, 5.0]",0.0025744962494005127
1,100,"[12.001, 2.0009999999999994, 12.0, 10.0, 2.001, 15.001, 2.0009999999999994, 16.000999999999998, 3.001, 4.0009999999999994, 14.0, 6.0]",0.0025744962494005127
