,labelled data,weights,regret
0,50,"[0.5999999999999998, 1.75, 2.5384615384615388, 1.001, 0.001, 3.0, 3.875, 1.625, 1.125, 1.75, 0.7509999999999999, 0.001]",6.655884772542477
1,100,"[0.901, 1.75, 3.903846153846153, 2.001, 0.001, 3.0, 5.125, 2.125, 1.875, 2.75, 1.251, 0.126]",7.344514963683588
