,weights,regret
0,"[3.1166666666666667, 2.825, 0.15818157181571818, 1.5, 1.5, 0.0010000000000000009, 0.5416666666666669, 0.376, 0.5, 2.75, 1.8666666666666667, 2.5]",13.38687424632792
