,labelled data,weights,regret
0,50,"[1.4333333333333331, 1.4009999999999998, 3.0, 1.001, 1.0, 4.0009999999999994, 1.75, 3.75, 1.0843333333333334, 0.5, 2.0771904761904763, 0.5009999999999999]",0.43462390215039326
1,100,"[2.9, 0.3176666666666663, 3.1666666666666665, 3.001, 0.001, 4.0009999999999994, 1.0, 3.75, 0.001, 0.751, 4.577190476190476, 0.001]",0.4127299861945449
