,weights,regret
0,"[1.2, 1.0, 1.8000000000000005, 2.600000000000001, 1.2000000000000002, 1.0, 0.401, 1.1, 2.800000000000001, 0.5010000000000001, 1.4, 0.9999999999999992]",0.6319584883661871
