,labelled data,weights,regret
0,50,"[0.201, 1.25, 2.038461538461538, 3.0, 0.001, 1.001, 2.001, 1.25, 1.0, 1.501, 0.375, 0.376]",8.387491100399194
1,100,"[0.101, 1.75, 2.6923076923076916, 3.0, 0.001, 1.001, 2.001, 1.375, 0.625, 1.501, 0.626, 0.5009999999999999]",8.403078247233946
