,labelled data,weights,regret
0,50,"[2.6676666666666655, 31.0, 28.422052631578946, 0.001, 11.0, 10.001, 22.501, 27.501, 21.251, 20.001, 0.001, 3.7509999999999994]",0.22734666988152635
1,100,"[10.001000000000001, 26.0, 40.52731578947369, 0.001, 20.000999999999998, 20.000999999999998, 38.751000000000005, 40.001000000000005, 17.501, 40.001000000000005, 6.251, 7.501000000000001]",0.36719894279012893
