,weights,regret
0,"[0.001, 4.5, 3.083333333333333, 0.001, 2.0, 1.5, 1.75, 6.2509999999999994, 1.001, 6.5, 2.5, 1.5009999999999994]",1.1103232898778872
