,labelled data,weights,regret
0,50,"[2.001, 6.0009999999999994, 8.001, 3.0009999999999994, 1.0, 3.0, 8.001, 3.0009999999999994, 2.001, 2.0009999999999994, 6.0009999999999994, 8.001]",1.351633352600956
1,100,"[5.0009999999999994, 8.001, 11.001, 2.001, 3.0, 3.0, 8.001, 0.001, 1.001, 0.001, 7.0009999999999994, 8.001]",0.40952615138714704
