,weights,regret
0,"[1.7000000000000004, 0.7000000000000002, 0.201, 1.7000000000000006, 1.0, 1.1, 1.7999999999999998, 0.30100000000000005, 5.599999999999996, 2.2000000000000006, 1.6, 0.9999999999999992]",0.2114022048329883
