,weights,regret
0,"[5.556555555555557, 26.0, 21.0, 9.501, 11.0, 11.0, 16.000999999999998, 15.001000000000001, 10.000999999999998, 48.5, 14.333333333333332, 37.0]",0.14582809157445922
