,labelled data,weights,regret
0,50,"[5.893857142857144, 53.49999999999999, 44.44544444444444, 0.001, 40.001, 51.0, 2.5010000000000012, 82.66666666666666, 3.334333333333333, 43.58433333333333, 16.643857142857144, 0.001]",0.2683093534268936
1,100,"[0.001, 88.33333333333331, 64.44544444444443, 20.000999999999998, 50.001, 91.0, 64.33433333333333, 117.66666666666666, 15.001, 94.41766666666666, 1.6676666666666655, 0.001]",0.12478918592610523
