,weights,regret
0,"[0.001, 54.99999999999999, 88.01785714285714, 30.000999999999998, 50.001, 81.0, 102.16766666666668, 137.58433333333335, 29.643857142857144, 14.024809523809537, 102.08333333333334, 0.001]",1.0154590560784194
