,weights,regret
0,"[1.2, 1.6000000000000003, 1.7000000000000006, 2.800000000000001, 1.1, 0.30000000000000016, 0.40100000000000013, 2.0000000000000004, 2.700000000000001, 0.001, 1.5, 0.7010000000000001]",2.428273806224038
