,weights,regret
0,"[1.9000000000000008, 0.42500000000000016, 0.07600000000000001, 1.083333333333334, 1.0, 1.0, 1.6000000000000005, 0.201, 3.500000000000002, 1.2666666666666666, 1.1, 0.55]",0.08421957245960345
