,weights,regret
0,"[0.5009999999999999, 55.66766666666666, 31.416666666666668, 10.001000000000001, 31.0, 65.001, 39.41666666666667, 59.75, 11.667666666666669, 43.916666666666664, 1.6676666666666664, 3.751]",0.2553871832384696
