,weights,regret
0,"[0.8, 0.9, 1.1, 1.633333333333334, 1.0, 1.1, 0.7509999999999999, 1.5000000000000004, 0.9333333333333333, 1.4250000000000003, 1.1, 1.466666666666667]",0.9449139810654221
