,labelled data,weights,regret
0,50,"[1.3249999999999997, 0.8125, 1.6442307692307683, 1.5, 1.5, 0.5, 1.75, 1.0625, 1.625, 0.9375, 1.8125, 1.125]",40.11788569969506
1,100,"[1.3749999999999998, 0.0625, 2.4230769230769216, 1.5, 1.5, 0.5, 2.0625, 1.3125, 2.3125, 1.0625, 1.625, 1.25]",37.89288306594369
