,weights,regret
0,"[0.30100000000000005, 3.300000000000001, 2.8000000000000003, 0.10100000000000003, 0.8, 3.300000000000002, 2.700000000000001, 3.4000000000000012, 0.9000000000000007, 3.300000000000001, 0.001, 0.7010000000000002]",0.1176749966784868
