,labelled data,weights,regret
0,50,"[6.0, 16.0, 10.001000000000001, 13.5, 11.0, 11.0, 0.001, 16.0, 2.501, 5.001000000000001, 11.0, 2.501]",0.2932568861360627
1,100,"[6.0, 16.0, 10.001000000000001, 18.5, 11.0, 16.0, 0.001, 16.0, 5.0009999999999994, 6.167666666666666, 11.0, 0.001]",0.14261114356250768
