,weights,regret
0,"[4.75, 0.251, 0.0010000000000000009, 3.6166666666666667, 2.501, 1.5, 1.666666666666667, 0.5009999999999999, 13.083333333333332, 4.082142857142857, 2.501, 3.45]",0.31949466044160896
