,weights,regret
0,"[0.001, 51.0, 36.0, 5.833333333333334, 11.0, 11.0, 7.5009999999999994, 57.501, 17.501, 24.58433333333333, 31.0, 61.0]",0.09165333747131066
