,labelled data,weights,regret
0,50,"[11.0, 1.6676666666666717, 30.333333333333332, 11.0, 0.001, 11.0, 18.5, 24.75, 9.75, 7.5009999999999994, 21.0, 8.001]",0.006838390349668577
1,100,"[16.0, 8.751000000000001, 43.666666666666664, 21.0, 0.001, 11.0, 23.5, 21.0, 10.001000000000001, 16.250999999999998, 11.0, 12.001000000000001]",2.0548244960917583
