,labelled data,weights,regret
0,50,"[1.2, 1.1, 2.400000000000001, 1.7000000000000002, 1.1, 1.1, 1.8000000000000005, 0.30000000000000004, 0.4999999999999997, 0.3999999999999997, 1.6, 2.4000000000000004]",1.6232850720068308
1,100,"[1.4000000000000001, 1.2000000000000002, 2.500000000000001, 1.5, 1.1, 1.1, 1.9000000000000004, 0.30000000000000004, 0.4999999999999998, 0.49999999999999967, 1.6, 2.3000000000000003]",1.3387884853145995
