,labelled data,weights,regret
0,50,"[21.0, 31.0, 41.0, 21.0, 11.0, 21.0, 71.0, 10.000999999999998, 10.000999999999998, 30.001, 41.0, 50.001]",4.79403241234161
1,100,"[51.0, 61.0, 81.0, 0.001, 31.0, 21.0, 91.0, 20.000999999999998, 0.001, 10.001000000000001, 51.0, 50.001]",0.48758558065676566
