,labelled data,weights,regret
0,50,"[11.0, 11.0, 11.0, 34.33333333333333, 12.501, 11.0, 5.0009999999999994, 10.001, 11.0, 13.5, 17.666666666666664, 6.0]",0.4846395547668529
1,100,"[11.0, 11.0, 11.0, 41.0, 12.501, 11.0, 0.001, 10.001, 4.333333333333336, 6.0, 19.333333333333332, 3.0]",0.13461367419688644
