,weights,regret
0,"[1.0000000000000009, 2.1750000000000003, 3.299999999999999, 0.001, 1.5, 2.0, 1.75, 2.3125, 2.0625, 1.1250000000000002, 0.376, 0.901]",0.10060496742658517
