,labelled data,weights,regret
0,50,"[2.0, 2.0, 2.0, 2.3333333333333335, 1.0, 1.0, 0.601, 2.001, 1.333333333333333, 3.333333333333333, 2.0, 1.4999999999999998]",1.5232506758488398
1,100,"[2.0, 2.0, 2.0, 4.000000000000001, 2.0, 2.0, 0.40099999999999997, 2.001, 1.4999999999999998, 1.5, 2.1666666666666665, 0.2999999999999999]",0.18856240405248098
