,labelled data,weights,regret
0,50,"[7.0, 4.0009999999999994, 12.999999999999998, 6.0, 0.001, 6.0, 10.375, 7.25, 4.125, 4.125, 9.75, 0.001]",11.588783972852342
1,100,"[6.0, 6.0009999999999994, 14.33333333333333, 6.0, 0.001, 6.0, 12.875, 7.25, 2.25, 6.625, 6.0, 1.4295714285714283]",9.077689643953697
