,weights,regret
0,"[0.9, 2.200000000000001, 0.9, 0.5000000000000004, 1.1, 1.3000000000000003, 0.501, 2.100000000000001, 0.4, 1.7000000000000006, 1.1, 0.0010000000000001397]",0.0062851165223822844
