,weights,regret
0,"[2.6000000000000005, 0.7999999999999998, 2.1, 1.3000000000000003, 0.5000000000000001, 1.9000000000000008, 1.1, 2.4000000000000004, 0.6010000000000001, 1.2000000000000002, 1.800000000000001, 2.3]",6.930807980256877
