,weights,regret
0,"[0.8000000000000013, 0.6875, 2.374999999999999, 1.5, 2.0, 0.001, 1.1875, 3.0, 1.625, 2.0, 0.001, 1.0]",1.8632961521272082
