,labelled data,weights,regret
0,50,"[1.4004047619047617, 1.251, 3.416666666666667, 3.5, 0.5009999999999999, 5.0, 3.591666666666667, 3.375, 1.626, 0.8694523809523809, 5.151785714285714, 0.5083333333333335]",0.38323045113888277
1,100,"[1.0176666666666663, 4.2010000000000005, 5.416666666666667, 4.0, 1.001, 8.0, 5.383333333333334, 3.708333333333333, 4.301, 0.6837380952380951, 7.498214285714286, 1.3343333333333334]",0.34860786848136566
