,weights,regret
0,"[0.001, 2.950000000000002, 3.400000000000001, 0.001, 2.0, 2.0, 2.0625, 3.3125, 2.0625, 1.625, 0.4385, 0.001]",0.07305854456327589
