,weights,regret
0,"[0.001, 21.0, 11.0, 10.166666666666668, 11.0, 11.0, 8.001, 15.001000000000001, 12.666666666666666, 27.66666666666666, 12.666666666666666, 19.0]",0.17783053761320267
