,labelled data,weights,regret
0,50,"[1.6000000000000005, 1.9433962264150941, 2.666666666666667, 0.7580645161290324, 1.0, 1.0, 3.001, 5.001, 4.167666666666667, 6.251, 5.001, 3.0010000000000003]",4.709898662290272
1,100,"[2.2500000000000004, 3.075471698113208, 3.500000000000001, 0.838709677419355, 1.0, 1.0, 5.0009999999999994, 5.001, 2.5010000000000012, 6.251, 5.001, 4.001]",5.086899467658394
