,weights,regret
0,"[4.291666666666666, 3.016666666666667, 0.13565420248028945, 4.0, 0.001, 2.5, 0.6607142857142858, 0.7833333333333332, 0.10933333333333337, 2.6093333333333333, 1.75, 3.25]",0.006995372780074282
