,labelled data,weights,regret
0,50,"[11.0, 11.0, 21.0, 21.0, 11.0, 11.0, 10.001000000000001, 5.001, 21.0, 9.048619047619047, 11.0, 13.667666666666666]",8.506869279897359
1,100,"[11.0, 11.0, 31.0, 41.0, 6.0, 21.0, 10.001000000000001, 5.001, 16.667666666666666, 17.91766666666667, 11.0, 13.667666666666666]",9.60740513088437
