,labelled data,weights,regret
0,50,"[1.1, 1.0, 1.1500000000000001, 0.7666666666666666, 1.0, 1.0, 0.9, 0.9, 1.1, 1.3749999999999991, 1.1, 1.1500000000000001]",0.6571788547938765
1,100,"[1.1, 1.0, 1.1500000000000001, 0.7333333333333333, 1.0, 1.0, 0.9, 0.9, 1.1, 1.437499999999999, 1.1, 1.1800000000000002]",0.6523596892244228
