,weights,regret
0,"[0.626, 30.334333333333333, 12.642857142857142, 55.001000000000005, 31.0, 15.001000000000001, 1.6666666666666643, 19.416666666666668, 44.75, 0.8938571428571431, 5.001, 5.834333333333333]",2.705134270019402
