,weights,regret
0,"[7.0, 1.0, 0.5009999999999999, 3.0, 2.501, 1.0, 6.75, 0.2509999999999999, 14.5, 5.583333333333333, 3.5, 6.5]",1.2565327706914584
