,weights,regret
0,"[1.1500000000000015, 1.0094339622641508, 1.1041666666666665, 1.278225806451614, 1.0, 1.0, 1.0, 1.0, 0.7499999999999998, 0.9375, 1.0, 2.25]",2.1775841282898405
