,weights,regret
0,"[0.0010000000000000009, 2.400000000000001, 2.300000000000001, 0.6, 1.1, 1.0, 2.0000000000000004, 2.4000000000000012, 0.501, 1.4000000000000004, 1.4, 2.7000000000000006]",0.18297252126302635
