,weights,regret
0,"[1.014999999999999, 1.0150943396226415, 1.0041666666666667, 1.0661290322580597, 1.0, 1.0, 1.04, 1.1, 1.133333333333333, 0.9375000000000002, 1.1, 1.12]",14.932785749452155
