,labelled data,weights,regret
0,50,"[1.1, 1.1500000000000001, 1.1, 0.3333333333333336, 1.0, 1.0, 1.0250000000000004, 1.0, 1.0666666666666669, 1.7499999999999976, 1.1, 0.99]",49.656635028898634
1,100,"[0.8499999999999999, 1.2000000000000002, 1.1, 0.001, 1.0, 1.0, 1.424999999999999, 1.0, 1.0666666666666669, 1.924999999999997, 1.1, 1.09]",18.714772575957905
