,weights,regret
0,"[2.7000000000000006, 0.101, 1.9000000000000001, 0.6000000000000001, 1.6000000000000005, 1.7000000000000006, 2.0, 0.20099999999999998, 3.200000000000001, 1.8000000000000003, 1.6999999999999995, 1.9]",0.23473161496076228
