,labelled data,weights,regret
0,50,"[4.0, 6.0, 8.0, 11.0, 2.0, 3.0, 7.001, 10.001, 4.0, 3.0010000000000003, 9.0, 2.0]",6.084190255852343
1,100,"[2.001, 13.0, 10.0, 7.0, 5.0, 6.0, 2.001, 12.001, 5.001, 10.001000000000001, 10.0, 4.0009999999999994]",9.34440999995859
