,weights,regret
0,"[11.0, 11.0, 11.0, 34.33333333333333, 11.0, 10.001, 6.0, 5.001000000000001, 27.66666666666667, 6.251, 8.334333333333333, 19.0]",2.513221504018493
