,labelled data,weights,regret
0,50,"[1.5, 2.0, 2.0, 3.0, 1.0, 3.0, 0.001, 3.0, 0.001, 1.001, 1.5, 0.001]",0.7925996728434243
1,100,"[1.5, 2.0, 2.0, 4.0, 0.501, 3.5, 0.001, 3.0, 0.001, 1.001, 1.5, 0.0010000000000000009]",0.6871671123421829
