,labelled data,weights,regret
0,50,"[0.001, 3.001, 4.0, 1.001, 1.0, 1.0, 5.0, 6.0009999999999994, 1.001, 5.0009999999999994, 2.0, 6.0]",19.83024554738154
1,100,"[2.001, 8.001, 5.0, 1.001, 3.0, 3.0, 6.0, 9.001, 1.001, 10.001, 4.0, 3.001]",12.583905223494382
