,labelled data,weights,regret
0,50,"[6.0, 6.0, 6.0, 16.0, 0.001, 11.0, 0.001000000000000334, 15.001000000000001, 5.0009999999999994, 2.5010000000000003, 6.0, 2.501]",0.265917957694811
1,100,"[6.0, 0.001, 21.0, 21.0, 5.001, 11.0, 0.001, 20.001, 2.5009999999999994, 7.501000000000001, 11.0, 2.501]",0.13349772219810938
