,labelled data,weights,regret
0,50,"[0.001, 4.0, 5.5, 0.001, 1.0, 1.0, 2.0, 6.5, 1.5, 4.5, 4.5, 5.5]",14.403265935621738
1,100,"[2.001, 6.5, 6.0, 0.5009999999999999, 1.5, 1.0, 4.5, 8.0, 1.501, 5.0, 5.0, 2.0]",8.867206997752051
