,labelled data,weights,regret
0,50,"[6.0, 11.0, 6.0, 16.0, 11.0, 6.0, 1.251, 20.001, 2.5009999999999994, 13.5, 11.0, 3.001]",409.2953180351225
1,100,"[8.751, 16.0, 11.0, 10.75, 8.5, 11.0, 8.751, 20.001, 0.001, 31.0, 6.0, 17.000999999999998]",10.38482865009956
