,weights,regret
0,"[5.88335294117647, 31.0, 21.0, 4.5009999999999994, 11.0, 11.0, 26.000999999999998, 25.001, 6.667666666666667, 51.00000000000001, 14.333333333333332, 14.0]",0.8570589697459389
