,weights,regret
0,"[1.7999999999999985, 0.75, 1.1634615384615383, 2.0, 1.5, 0.001, 2.5, 0.6885, 2.3125, 1.8125, 1.8125, 1.5625]",1.0158232363847228
