,weights,regret
0,"[0.8, 1.7000000000000006, 1.1, 0.6999999999999998, 1.0, 1.3000000000000003, 0.65, 1.7000000000000006, 0.2500000000000001, 1.2333333333333336, 0.9, 0.001]",0.25414208195421045
