,weights,regret
0,"[0.126, 1.6875, 2.4038461538461524, 0.001, 1.5, 2.0, 2.4375, 3.4375, 1.875, 1.1875, 0.1885, 0.625]",0.4851234465582202
