,weights,regret
0,"[1.2000000000000002, 1.8000000000000007, 1.3000000000000003, 0.7166666666666667, 1.0, 1.1, 0.9, 1.7000000000000006, 0.5500000000000004, 1.2333333333333334, 1.2000000000000002, 0.2200000000000002]",0.2540521463144027
