,labelled data,weights,regret
0,50,"[1.5, 1.5, 1.5, 2.333333333333333, 1.0, 1.0, 1.5, 2.0, 1.0833333333333337, 1.9166666666666663, 1.5, 0.8999999999999996]",1.607521187139269
1,100,"[1.5, 1.5, 1.5, 3.333333333333332, 1.0, 1.5, 0.126, 2.0, 0.9166666666666671, 1.3333333333333328, 1.7499999999999998, 0.34999999999999953]",0.3467678438362891
