,labelled data,weights,regret
0,50,"[2.0, 2.0, 2.0, 1.0000000000000002, 1.0, 1.0, 3.75, 1.501, 1.8333333333333333, 1.25, 2.1666666666666665, 1.7999999999999998]",0.8974398131098165
1,100,"[2.0, 2.5, 2.0, 1.001, 1.0, 1.0, 4.0, 0.001, 1.6666666666666665, 1.75, 2.1666666666666665, 2.3000000000000003]",0.8671322714239605
