,weights,regret
0,"[0.17499999999999982, 1.6875, 2.3076923076923066, 1.5, 2.0, 0.001, 2.9375, 2.5625, 2.25, 0.75, 0.251, 0.0635]",8.024518362094197
