,weights,regret
0,"[0.001, 3.5, 6.5, 3.498619047619048, 2.001, 2.5, 1.001, 6.5, 1.001, 7.291666666666666, 4.2509999999999994, 6.226]",0.6478619143685692
