,labelled data,weights,regret
0,50,"[4.018857142857144, 23.000999999999998, 30.71969696969697, 25.001, 1.0, 20.001, 25.166666666666664, 15.666666666666668, 6.250999999999998, 4.631952380952381, 26.0, 0.9176666666666673]",0.7403693783088606
1,100,"[3.751, 38.834333333333326, 39.10237240829346, 35.001000000000005, 1.0, 60.001000000000005, 36.83333333333333, 26.166666666666668, 7.084333333333333, 1.6379047619047615, 47.66666666666667, 7.5009999999999994]",0.6181916170244955
