,labelled data,weights,regret
0,50,"[11.0, 11.0, 11.0, 3.334333333333333, 10.001, 11.0, 7.5009999999999994, 10.001, 11.0, 27.66666666666667, 9.333333333333334, 0.001]",55.52955804622149
1,100,"[3.0, 11.0, 16.0, 0.001, 13.334333333333333, 11.0, 17.500999999999998, 10.001, 7.666666666666668, 44.33333333333332, 11.0, 9.001]",1.0711178312318463
