,labelled data,weights,regret
0,50,"[0.7000000000000001, 1.4000000000000004, 0.9, 0.001, 1.0, 1.0, 1.5010000000000003, 1.7000000000000006, 0.20000000000000015, 1.9000000000000008, 1.1, 0.701]",13.738275173370674
1,100,"[0.30100000000000005, 1.6000000000000005, 1.2000000000000002, 0.001, 1.0, 1.0, 1.4010000000000002, 2.100000000000001, 0.201, 3.100000000000002, 1.1, 0.501]",5.995202889270687
