,weights,regret
0,"[7.25, 1.751, 1.501, 4.191666666666666, 2.0, 2.5, 3.0, 1.751, 15.916666666666668, 5.854166666666667, 1.25, 4.416666666666666]",0.2697331088530291
