,weights,regret
0,"[1.0799999999999994, 0.9749999999999999, 1.067307692307692, 1.3000000000000003, 1.2000000000000002, 0.6000000000000001, 0.8375000000000006, 1.15, 1.1125, 1.3249999999999993, 0.8375000000000004, 1.1]",0.9546602494445423
