,labelled data,weights,regret
0,50,"[1.0199999999999991, 1.2924528301886826, 1.4374999999999984, 1.044354838709678, 1.4499999999999984, 1.0, 2.200000000000001, 1.75, 0.08433333333333333, 0.5625, 1.4999999999999996, 1.8000000000000007]",3.3858811021229953
1,100,"[1.169999999999998, 1.4150943396226454, 1.4999999999999982, 1.0564516129032258, 1.4499999999999984, 1.0, 2.200000000000001, 1.75, 0.251, 1.1875, 1.4999999999999996, 1.5000000000000004]",2.8400232965688534
