,labelled data,weights,regret
0,50,"[0.5, 2.0, 1.5, 4.0, 1.5, 2.5, 0.501, 3.5, 0.001, 0.001, 1.5, 2.001]",7.177060334233571
1,100,"[0.5, 2.0, 2.5, 5.0, 1.501, 4.0, 1.001, 4.5, 2.001, 2.001, 2.5, 0.001]",1.4995442406252923
