,weights,regret
0,"[2.3000000000000007, 1.5000000000000004, 0.001, 3.0000000000000013, 0.9, 1.0, 2.400000000000001, 0.30100000000000005, 4.200000000000001, 2.1000000000000005, 1.8000000000000003, 2.4000000000000004]",1.8120337930222608
