,labelled data,weights,regret
0,50,"[1.1, 1.1, 1.1, 1.0, 1.0, 1.0, 0.6000000000000001, 1.7000000000000006, 0.35000000000000014, 1.516666666666667, 1.1, 0.6000000000000001]",18.317846998276824
1,100,"[1.0, 1.3000000000000003, 1.1, 1.2000000000000002, 0.9, 0.9, 0.6000000000000001, 1.7000000000000006, 0.2500000000000001, 1.516666666666667, 1.0, 0.7000000000000001]",18.31718867042955
