,weights,regret
0,"[1.5154761904761906, 3.0749999999999997, 2.646428571428572, 1.0, 3.001, 2.0, 3.708333333333333, 4.5, 0.9875, 3.2333333333333334, 0.3640952380952381, 0.1718333333333333]",3.566277602009351
