,labelled data,weights,regret
0,50,"[1.2000000000000002, 1.4000000000000004, 1.1, 1.6000000000000005, 1.1, 1.6000000000000005, 0.45000000000000007, 1.5500000000000005, 0.6000000000000003, 0.8499999999999999, 1.2000000000000002, 0.43333333333333335]",0.8309850306886356
1,100,"[1.2000000000000002, 1.4000000000000004, 1.1, 1.7000000000000006, 1.1, 1.7000000000000006, 0.101, 1.5500000000000005, 0.6000000000000003, 1.1833333333333338, 1.2000000000000002, 0.026000000000000002]",0.18342381951635756
