,labelled data,weights,regret
0,50,"[170.001, 40.001000000000005, 110.001, 160.001, 60.001000000000005, 41.0, 40.001000000000005, 120.001, 70.001, 110.001, 50.001000000000005, 120.001]",412.36406761073795
1,100,"[170.001, 70.001, 140.001, 30.001000000000005, 190.001, 51.0, 50.001000000000005, 200.001, 40.001000000000005, 180.001, 40.001000000000005, 120.001]",29.305775004305058
