,labelled data,weights,regret
0,50,"[3.0, 1.5, 5.5, 2.5, 1.5, 1.5, 1.001, 5.0, 3.0, 4.5, 4.5, 2.5]",28.85367765848897
1,100,"[3.5, 2.5, 5.5, 1.0, 1.5, 2.0, 2.501, 5.5, 2.5, 4.5, 4.5, 2.5]",20.736011698843658
