,weights,regret
0,"[2.074999999999999, 0.0635, 1.76923076923077, 1.5, 2.0, 0.001, 1.0625, 1.125, 2.8125, 2.25, 1.8125, 2.25]",0.5967988176897224
