,weights,regret
0,"[0.14385714285714263, 6.8867142857142865, 5.55, 0.501, 5.5, 7.0009999999999994, 2.5654761904761907, 5.45, 2.625, 6.166666666666667, 0.578380952380952, 0.516666666666667]",0.06454008773029177
