,labelled data,weights,regret
0,50,"[4.75, 1.251, 5.326923076923072, 6.0, 6.0, 0.001, 6.0, 3.5, 6.625, 4.75, 4.75, 6.0]",11.557528302619565
1,100,"[3.75, 3.126, 10.230769230769232, 6.0, 6.0, 0.001, 7.25, 6.0, 4.75, 3.5, 2.25, 7.25]",7.685757558829123
