,labelled data,weights,regret
0,50,"[6.0, 1.0, 1.0, 3.5, 6.0, 6.0, 6.0, 15.001000000000001, 2.666666666666667, 15.375, 6.0, 4.501]",118.57331688689534
1,100,"[11.0, 6.0, 5.001, 7.25, 1.0, 11.0, 6.0, 15.001000000000001, 5.001, 15.375, 16.0, 9.501000000000001]",29.146927972874572
