,labelled data,weights,regret
0,50,"[1.0999999999999999, 1.4000000000000004, 1.7000000000000004, 0.5000000000000003, 1.0, 1.0, 1.4000000000000006, 2.5000000000000013, 0.3999999999999998, 1.8000000000000003, 1.6, 0.9999999999999992]",11.37135931531503
1,100,"[0.9999999999999999, 1.7000000000000006, 1.9000000000000006, 0.001, 1.0, 1.0, 1.4000000000000006, 2.6000000000000014, 0.4999999999999998, 2.400000000000001, 1.6, 0.8999999999999992]",7.539947581968013
