,labelled data,weights,regret
0,50,"[0.001, 5.0009999999999994, 4.0, 0.001, 1.0, 1.0, 1.001, 4.0009999999999994, 1.001, 4.0009999999999994, 2.0, 2.001]",0.5413632337626412
1,100,"[2.1343333333333336, 4.0009999999999994, 5.0, 0.001, 1.0, 2.0, 4.0009999999999994, 8.001, 0.001, 7.0009999999999994, 3.0, 1.0009999999999994]",0.8700192241373282
