,labelled data,weights,regret
0,50,"[0.001, 13.751, 11.769230769230766, 11.0, 11.0, 0.001, 18.750999999999998, 11.251000000000001, 9.75, 2.501, 14.75, 0.001]",10.061007480613268
1,100,"[0.001, 11.251, 26.76923076923077, 11.0, 11.0, 0.001, 30.000999999999998, 5.001000000000001, 0.001, 0.001, 21.0, 10.000999999999998]",3.969763271546848
