,labelled data,weights,regret
0,50,"[2.5, 3.0, 4.0, 3.5, 1.5, 2.0, 2.0, 3.0, 4.5, 4.5, 4.0, 4.0]",324.34019350475955
1,100,"[3.0, 4.0, 5.0, 2.0, 2.5, 2.5, 2.5, 5.0, 2.5, 5.0, 4.5, 2.0]",13.99681184851342
