,labelled data,weights,regret
0,50,"[3.5, 8.751, 15.333333333333334, 6.0, 0.001, 6.0, 9.125, 8.5, 9.125, 1.251, 4.75, 3.0]",0.15471424234668804
1,100,"[5.5, 8.751, 17.666666666666668, 11.0, 0.001, 6.0, 7.25, 6.625, 11.0, 2.501, 11.75, 3.0]",0.15246392387250104
