,labelled data,weights,regret
0,50,"[3.0, 3.0, 3.0, 4.0, 2.0, 4.0, 3.601, 5.0, 0.8333333333333336, 2.2093333333333334, 3.0, 0.801]",591.5962970823756
1,100,"[0.001, 7.0, 6.0, 0.16396296296296287, 2.0, 4.0, 6.601, 7.0, 1.3333333333333335, 6.709333333333333, 3.0, 0.9009999999999998]",1.3286828308915806
