,labelled data,weights,regret
0,50,"[1.0100000000000007, 1.2169811320754726, 1.4583333333333317, 1.1088709677419384, 1.0999999999999996, 1.2000000000000002, 1.8000000000000007, 1.5, 0.5833333333333331, 0.875, 1.333333333333333, 2.1000000000000005]",18.79024648128227
1,100,"[1.0350000000000021, 1.1792452830188684, 1.541666666666665, 1.2903225806451681, 1.0499999999999998, 1.2000000000000002, 1.9000000000000008, 1.5, 0.7499999999999999, 0.8125, 1.4999999999999996, 2.7499999999999982]",18.99331006096923
