,labelled data,weights,regret
0,50,"[11.0, 6.0, 11.0, 8.5, 1.0, 6.0, 3.751, 7.5009999999999994, 6.0, 14.333333333333332, 6.0, 0.6676666666666673]",66.65967925777416
1,100,"[11.0, 10.001000000000001, 11.0, 2.6666666666666665, 5.001, 6.0, 3.7509999999999994, 12.501, 11.0, 24.333333333333332, 1.0, 3.1676666666666673]",12.33663719312818
