,labelled data,weights,regret
0,50,"[0.99, 1.3773584905660377, 1.8750000000000016, 1.1774193548387095, 1.5500000000000005, 1.0, 1.9999999999999998, 2.5, 0.6676666666666666, 0.75, 1.666666666666667, 2.4000000000000012]",4.712129258448173
1,100,"[1.1, 1.490566037735849, 1.9583333333333348, 1.096774193548387, 1.5500000000000005, 1.0, 1.9999999999999998, 2.5, 0.8343333333333334, 1.5, 1.666666666666667, 1.7000000000000006]",3.2247795392920287
