,labelled data,weights,regret
0,50,"[0.001, 41.66766666666666, 30.094658995974783, 50.001, 0.001, 50.001, 55.75, 30.000999999999998, 18.750999999999998, 0.001, 66.83333333333333, 6.001000000000001]",0.8881633061847868
1,100,"[49.42957142857142, 53.16766666666666, 61.52112958421009, 20.000999999999998, 40.001, 90.001, 85.08333333333333, 40.501, 24.250999999999998, 12.334333333333333, 123.49999999999999, 41.33433333333334]",0.3049777039587093
