,weights,regret
0,"[0.08433333333333334, 3.25, 3.4666666666666686, 0.001, 0.001, 2.0, 2.5, 3.375, 1.75, 1.5416666666666665, 0.0635, 0.8134999999999999]",0.2546007653814402
