,weights,regret
0,"[0.001, 5.0, 6.0, 1.6059523809523808, 4.0, 1.501, 2.5, 9.501, 0.6259999999999999, 4.5009999999999994, 5.25, 9.75]",0.22466814020608067
