,labelled data,weights,regret
0,50,"[6.0, 6.0, 11.0, 31.0, 5.001, 16.0, 0.001, 25.001, 0.001, 7.5009999999999994, 11.0, 7.5009999999999994]",0.3141989752148131
1,100,"[6.0, 11.0, 11.0, 36.0, 5.001, 21.0, 5.001, 25.001, 0.001, 12.08433333333333, 11.0, 1.6676666666666664]",0.2350818742833097
