,labelled data,weights,regret
0,50,"[6.0, 6.0, 6.0, 10.999999999999998, 1.0, 6.0, 1.001, 7.5009999999999994, 2.666666666666668, 7.25, 6.0, 5.0]",0.8433916261326695
1,100,"[6.0, 6.0, 6.0, 10.999999999999998, 0.001, 6.0, 7.0009999999999994, 7.5009999999999994, 3.500000000000001, 6.0, 8.5, 6.0]",3.662376565961042
