,labelled data,weights,regret
0,50,"[5.0, 5.0009999999999994, 11.0, 6.0, 0.001, 6.0, 4.75, 9.125, 6.625, 3.036714285714285, 9.75, 4.75]",0.0068603626510474235
1,100,"[5.0, 6.2509999999999994, 14.000000000000002, 6.0, 0.001, 6.0, 7.875, 9.75, 4.125, 3.7509999999999986, 7.25, 7.25]",0.006809657340173164
