,labelled data,weights,regret
0,50,"[1.1, 1.1, 1.1, 1.3000000000000003, 0.9, 0.9, 0.375, 1.7000000000000006, 0.051000000000000004, 1.7000000000000006, 1.1, 0.4533333333333336]",2.3555612403453647
1,100,"[1.1, 1.1, 1.1, 1.8500000000000008, 0.9, 1.4000000000000004, 0.27499999999999997, 1.7000000000000006, 0.02600000000000001, 0.7933333333333334, 1.1, 0.27333333333333354]",0.12062452957089465
