,weights,regret
0,"[5.5, 0.501, 0.001, 3.4333333333333336, 2.5, 1.001, 5.9, 1.001, 13.333333333333332, 6.133928571428571, 4.25, 8.059333333333333]",1.792834564136109
