,weights,regret
0,"[2.349999999999999, 2.0, 0.2850909090909091, 2.0, 0.001, 1.501, 0.376, 0.4385, 0.5, 2.125, 2.5, 2.625]",0.2197382203872808
