,labelled data,weights,regret
0,50,"[2.0, 2.0, 2.0, 3.0, 1.0, 2.0, 3.0, 4.5009999999999994, 1.001, 2.251, 2.0, 0.001]",0.3938306195021054
1,100,"[2.0, 2.0, 2.0, 5.0, 2.0, 4.0, 0.251, 5.0009999999999994, 0.251, 2.5009999999999994, 3.0, 0.5010000000000001]",0.1646371798372076
