,labelled data,weights,regret
0,50,"[1.1, 1.1, 1.1, 0.7333333333333334, 1.0, 1.0, 0.026000000000000002, 1.0, 1.016666666666667, 1.7333333333333316, 1.1, 1.01]",65.71203045184662
1,100,"[1.1, 1.1, 1.1, 0.034333333333333334, 1.0, 1.0, 0.026000000000000002, 1.0, 1.016666666666667, 2.2833333333333297, 1.1, 1.02]",28.736970595169826
