,labelled data,weights,regret
0,50,"[0.001, 4.333333333333333, 1.0, 1.0, 1.0, 1.0, 1.0, 6.0, 1.0, 1.0, 0.001, 0.001]",0.35549113990312275
1,100,"[0.001, 4.333333333333333, 1.0, 0.001, 1.0, 11.0, 11.0, 6.0, 0.001, 1.0, 0.001, 0.001]",0.3550055687240929
