,labelled data,weights,regret
0,50,"[2.75, 0.001, 6.288461538461538, 6.0, 6.0, 0.001, 8.751, 1.2509999999999994, 7.25, 3.751, 7.25, 0.6259999999999999]",39.07013533556884
1,100,"[1.251, 1.876, 13.115384615384615, 6.0, 6.0, 0.001, 10.001, 11.251, 10.375, 2.5009999999999994, 1.625, 3.126]",44.037800531494874
