,weights,regret
0,"[1.0039999999999996, 1.0188679245283028, 1.0083333333333333, 1.013709677419354, 1.0, 1.0, 1.2000000000000002, 1.1, 1.0000000000000002, 0.9625000000000001, 1.1, 1.1300000000000001]",0.7036469369635495
