,labelled data,weights,regret
0,50,"[5.001, 10.001000000000001, 15.001000000000001, 30.001, 6.0, 6.0, 10.001000000000001, 0.001, 15.001000000000001, 10.001, 10.001, 10.001000000000001]",11.71280578356778
1,100,"[30.001, 10.001, 45.001000000000005, 15.001000000000005, 35.001, 21.0, 5.001, 0.001, 0.001, 30.000999999999998, 10.001, 20.001]",6.097941858500255
