,weights,regret
0,"[0.501, 3.5, 2.5, 3.25, 1.5, 1.251, 1.351, 3.5, 0.5843333333333334, 4.220238095238096, 1.001, 1.608333333333333]",0.819044852353503
