,weights,regret
0,"[11.0, 11.0, 1.0, 7.666666666666667, 1.0, 11.0, 8.5, 0.001000000000000334, 21.0, 17.666666666666668, 11.0, 13.0]",0.6856418165322037
