,labelled data,weights,regret
0,50,"[2.0, 3.0, 3.0, 4.0, 1.001, 3.0, 2.001, 5.0009999999999994, 1.001, 2.0, 2.0, 3.4]",7.170781919197994
1,100,"[3.0, 4.0, 3.0, 7.0, 0.001, 3.0, 1.001, 5.0009999999999994, 1.001, 2.533333333333334, 4.0, 0.8343333333333334]",0.07360959614169181
