,weights,regret
0,"[0.251, 1.8750000000000004, 3.6666666666666674, 1.5, 2.0, 0.001, 1.375, 1.5, 1.125, 0.8135, 0.001, 2.1750000000000007]",0.40131527257344324
