,labelled data,weights,regret
0,50,"[8.0, 5.0009999999999994, 18.0, 4.0, 6.0009999999999994, 8.0, 14.0, 6.0, 5.0, 6.0009999999999994, 7.0, 5.0]",1.67224782862604
1,100,"[1.001, 9.001, 18.0, 9.0, 4.0009999999999994, 11.0, 12.0, 7.0, 8.0, 0.001, 16.0, 7.0]",0.3470425078531605
