,labelled data,weights,regret
0,50,"[1.1500000000000001, 0.75, 1.7115384615384606, 1.5, 0.001, 1.5, 1.5625, 2.0625, 1.3125, 1.0625, 1.4375, 0.6875]",1.4984289189898548
1,100,"[0.7250000000000012, 1.3125, 2.182692307692306, 1.5, 0.001, 1.5, 2.6875, 2.4375, 1.6875, 0.251, 1.5, 0.75]",0.8846882371202867
