,labelled data,weights,regret
0,50,"[0.7999999999999997, 5.528301886792455, 8.083333333333334, 2.9354838709677407, 4.0, 1.0, 9.0, 16.0, 3.334333333333333, 13.751, 7.666666666666666, 12.0]",11.388040409053744
1,100,"[0.001, 7.226415094339629, 10.999999999999998, 1.0806451612903212, 4.0, 1.0, 13.0, 16.0, 3.334333333333333, 17.500999999999998, 7.666666666666666, 5.0]",3.233599861277654
