,weights,regret
0,"[1.001, 5.25, 5.0, 1.0998095238095233, 2.5, 2.5, 0.501, 4.0, 2.083333333333334, 5.482738095238095, 4.5, 5.417666666666666]",0.3167946917387732
