,labelled data,weights,regret
0,50,"[0.3999999999999998, 1.5, 2.5, 0.001, 2.0, 3.0, 2.5, 2.75, 2.375, 2.0, 0.001, 0.5]",1.0579084449804101
1,100,"[0.251, 2.625, 3.403846153846154, 0.001, 2.0, 3.0, 3.625, 4.75, 2.625, 1.5, 0.1259999999999999, 0.376]",0.5999592637219905
