,labelled data,weights,regret
0,50,"[6.001, 15.001000000000005, 34.33333333333333, 60.001, 20.000999999999998, 60.001, 38.5, 53.501, 17.501000000000005, 3.334333333333333, 91.95238095238095, 6.667666666666666]",0.3909302938240386
1,100,"[25.0962380952381, 68.33433333333335, 81.83333333333333, 90.001, 10.001, 100.001, 89.66666666666667, 93.501, 29.16766666666667, 8.334333333333333, 121.71428571428571, 18.33433333333333]",0.3710414630684022
