,labelled data,weights,regret
0,50,"[0.001, 6.0, 6.0, 1.6676666666666664, 3.7510000000000003, 1.0, 7.5009999999999994, 5.001, 5.166666666666667, 16.833333333333336, 4.333333333333334, 3.001]",1.7439774879456307
1,100,"[0.001, 6.0, 8.5, 1.001, 6.251, 1.0, 7.5009999999999994, 5.001, 4.333333333333334, 27.666666666666654, 6.0, 8.001]",1.1727292246484495
