,weights,regret
0,"[11.0, 11.0, 11.0, 20.999999999999996, 11.0, 11.0, 7.0, 15.001000000000001, 22.666666666666668, 3.751, 11.0, 15.0]",4.28061136765892
