,labelled data,weights,regret
0,50,"[10.001, 10.001, 10.001000000000001, 7.5009999999999994, 1.0, 11.0, 4.0009999999999994, 11.0, 8.334333333333333, 20.000999999999998, 10.001, 2.0009999999999994]",45.464879337268634
1,100,"[10.001, 10.001, 10.001000000000001, 7.5009999999999994, 1.0, 11.0, 4.0009999999999994, 11.0, 8.334333333333333, 20.000999999999998, 10.001, 2.0009999999999994]",45.464879337268634
