,weights,regret
0,"[1.328777777777778, 3.7095238095238092, 2.3333333333333335, 1.001, 4.0, 1.501, 2.758333333333333, 2.997619047619047, 2.375, 2.5994047619047618, 0.0771904761904762, 2.7926666666666673]",1.008230573796014
