,labelled data,weights,regret
0,50,"[0.813333333333333, 1.441666666666665, 1.516666666666667, 1.1, 0.7000000000000001, 1.2000000000000002, 1.4619047619047607, 1.4500000000000004, 0.6499999999999999, 0.595, 1.1816666666666669, 0.39999999999999986]",1.3578809761830748
1,100,"[0.48833333333333384, 1.7273809523809505, 1.605555555555556, 1.0, 0.30000000000000016, 1.4000000000000004, 1.8047619047619026, 1.6500000000000006, 0.7499999999999999, 0.18250000000000013, 1.2016666666666669, 0.46333333333333315]",0.3964902109260719
