,labelled data,weights,regret
0,50,"[0.001, 66.66766666666666, 56.0, 1.0, 10.000999999999998, 71.0, 28.334333333333333, 86.0, 20.001, 60.001000000000005, 0.001, 0.001]",0.0028665150935548015
1,100,"[0.001, 109.00099999999998, 62.0, 10.000999999999998, 20.000999999999998, 121.0, 89.001, 126.0, 19.001000000000005, 102.501, 0.001, 0.001]",0.14760025953103847
