,labelled data,weights,regret
0,50,"[1.5500000000000005, 1.5660377358490565, 2.4583333333333335, 1.1612903225806452, 1.0, 1.0, 9.0, 6.0, 3.500000000000001, 7.875, 6.0, 3.5]",5.5049035752631035
1,100,"[1.5500000000000003, 3.1698113207547176, 3.291666666666667, 0.6774193548387097, 1.0, 1.0, 10.0, 6.0, 2.666666666666668, 9.125, 6.0, 4.001]",5.461891362058355
