,labelled data,weights,regret
0,50,"[1.5, 1.75, 1.5, 2.1666666666666665, 1.0, 1.0, 0.001, 1.5, 0.9166666666666671, 1.875, 1.5, 1.2499999999999998]",1.6818713388650608
1,100,"[1.5, 1.75, 1.5, 2.999999999999999, 1.0, 1.5, 0.001, 1.5, 1.0000000000000004, 0.85, 2.1666666666666665, 0.1499999999999994]",0.1422376627677708
