,weights,regret
0,"[0.001, 6.5, 5.0, 0.33433333333333337, 3.0, 1.5, 2.376, 7.5009999999999994, 1.9593333333333334, 4.416666666666666, 4.0009999999999994, 7.5]",0.17320210979070305
