,weights,regret
0,"[2.399999999999999, 1.7867142857142853, 0.171, 1.5, 0.001, 2.0, 0.501, 0.0635, 0.3135, 2.25, 2.5, 2.625]",0.07651118458766808
