,labelled data,weights,regret
0,50,"[0.6259999999999999, 32.501000000000005, 18.5, 0.001, 15.001000000000001, 26.0, 21.667666666666666, 36.83333333333333, 8.751, 44.791666666666664, 0.001, 9.376000000000001]",0.11780561824544325
1,100,"[8.001, 38.66766666666667, 26.0, 10.001000000000001, 25.001, 51.0, 44.83433333333333, 81.83333333333333, 10.417666666666666, 55.62499999999999, 14.346238095238096, 4.1617142857142895]",0.14760025953103847
