,labelled data,weights,regret
0,50,"[0.5000000000000001, 1.2000000000000002, 0.9, 0.20000000000000015, 1.0, 1.0, 0.601, 1.4000000000000004, 0.30100000000000005, 2.200000000000001, 0.9, 0.701]",20.11894976280561
1,100,"[0.30100000000000005, 1.8000000000000007, 1.3000000000000003, 0.20100000000000015, 1.0, 1.0, 0.8009999999999999, 1.6000000000000005, 0.40100000000000013, 2.5000000000000013, 0.9, 0.401]",6.989736097081738
