,weights,regret
0,"[6.304166666666665, 2.6176666666666666, 3.939285714285714, 2.501, 2.5, 5.0, 5.333333333333334, 3.2666666666666657, 0.29266666666666663, 2.7333333333333334, 3.3708333333333336, 1.666666666666667]",0.3441369089050946
