,labelled data,weights,regret
0,50,"[3.75, 0.001, 9.750000000000002, 6.0, 6.0, 0.001, 7.5009999999999994, 5.0009999999999994, 6.0, 3.126, 7.25, 5.0009999999999994]",33.801696246260704
1,100,"[2.0, 1.251, 13.403846153846153, 6.0, 6.0, 0.001, 8.126, 7.5009999999999994, 6.0, 3.126, 7.875, 5.6259999999999994]",27.527732869643582
