,weights,regret
0,"[1.0189999999999995, 1.0094339622641508, 1.0041666666666667, 1.0129032258064514, 1.0, 1.0, 1.12, 1.1, 1.0666666666666667, 1.0874999999999997, 1.1, 1.03]",34.47183913540545
