,labelled data,weights,regret
0,50,"[1.074999999999999, 1.0660377358490571, 1.083333333333333, 1.1129032258064544, 1.0, 1.0, 2.0000000000000004, 1.5, 1.0000000000000004, 1.0625, 1.5, 1.2999999999999998]",4.678052298570908
1,100,"[1.074999999999999, 1.0660377358490571, 1.083333333333333, 1.2056451612903278, 1.0, 1.0, 2.0000000000000004, 1.5, 1.0000000000000004, 1.0625, 1.5, 1.2999999999999998]",4.678052298570908
