,weights,regret
0,"[1.2000000000000002, 0.8, 0.001, 1.900000000000001, 1.0, 1.0, 0.6250000000000001, 1.7000000000000006, 0.3166666666666668, 2.183333333333334, 1.1, 0.001]",0.11230609844010046
