,labelled data,weights,regret
0,50,"[1.0249999999999986, 1.0566037735849083, 1.0583333333333331, 1.0056451612903228, 1.0599999999999987, 1.06, 1.4000000000000004, 1.1500000000000001, 0.6666666666666656, 0.9375000000000002, 1.083333333333333, 1.03]",3.099397357858955
1,100,"[1.0409999999999981, 1.0660377358490598, 1.0791666666666664, 1.0088709677419356, 1.0599999999999987, 1.06, 1.4800000000000004, 1.1500000000000001, 0.5999999999999988, 1.0, 1.083333333333333, 1.06]",3.11522538149777
