,labelled data,weights,regret
0,50,"[1.01, 1.3962264150943395, 1.5416666666666676, 1.1693548387096773, 1.3500000000000003, 1.0, 2.1999999999999997, 2.0, 0.6666666666666669, 0.5, 1.3333333333333335, 2.100000000000001]",4.5674736950733985
1,100,"[1.06, 1.5849056603773584, 1.6250000000000009, 1.064516129032258, 1.5000000000000004, 1.0, 2.1999999999999997, 2.0, 0.8333333333333335, 1.375, 1.3333333333333335, 2.100000000000001]",4.744980178044021
