,labelled data,weights,regret
0,50,"[0.001, 2.0, 1.5, 0.001, 1.0, 1.0, 0.876, 1.5, 1.166666666666667, 3.875, 1.5, 0.9499999999999997]",0.488061741512334
1,100,"[0.16766666666666669, 2.5, 1.5, 0.15100000000000002, 1.0, 1.0, 2.126, 1.5, 0.8333333333333337, 4.5, 1.5, 1.0499999999999996]",0.516092124935846
