,labelled data,weights,regret
0,50,"[2.0, 3.0, 3.0, 4.0, 2.0, 3.0, 1.501, 4.5009999999999994, 0.001, 3.25, 2.0, 0.401]",429.6148274887366
1,100,"[5.0, 6.0, 7.0, 1.5, 2.001, 2.501, 4.5009999999999994, 5.5009999999999994, 0.8343333333333334, 6.583333333333334, 3.8343333333333334, 2.401]",17.589610704680428
