,labelled data,weights,regret
0,50,"[2.4000000000000004, 2.320754716981132, 6.0, 3.6612903225806437, 1.0, 1.0, 19.0, 11.0, 7.66666666666667, 8.751, 11.0, 8.0]",20.989759588879902
1,100,"[4.4, 1.9433962264150941, 6.833333333333334, 5.03225806451613, 4.001, 1.0, 19.0, 11.0, 7.66666666666667, 2.5009999999999994, 11.0, 9.0]",17.23146835001961
