,weights,regret
0,"[1.4090909090909087, 1.0, 1.2884057971014486, 1.5, 1.0, 0.001, 1.875, 0.8125, 1.4375, 1.25, 1.5, 0.9999999999999999]",1.0314529857805377
