,labelled data,weights,regret
0,50,"[1.0, 1.0, 1.0, 0.001, 1.0, 11.0, 11.0, 1.0, 0.001, 1.0, 1.0, 1.0]",11.47028382471972
1,100,"[0.001, 4.333333333333333, 1.0, 0.001, 1.0, 11.0, 11.0, 11.0, 0.001, 1.0, 0.001, 0.001]",0.2830959677194036
