,labelled data,weights,regret
0,50,"[3.001, 6.2509999999999994, 18.115384615384613, 11.0, 0.001, 11.0, 20.000999999999998, 13.5, 3.7509999999999994, 12.501, 4.75, 2.501]",8.40903939378114
1,100,"[4.5009999999999994, 10.000999999999998, 31.192307692307686, 1.0, 10.001, 11.0, 35.001, 24.75, 5.0009999999999994, 16.250999999999998, 10.001, 6.2509999999999994]",3.95481765544909
