,labelled data,weights,regret
0,50,"[1.0250000000000004, 1.0374999999999999, 1.0653846153846152, 1.2000000000000002, 1.2000000000000002, 0.7000000000000001, 1.1624999999999996, 1.0875000000000001, 1.1125, 0.9500000000000004, 1.1249999999999998, 0.925]",11.163036575944332
1,100,"[0.9900000000000007, 1.0999999999999996, 1.1499999999999995, 1.2000000000000002, 1.2000000000000002, 0.7000000000000001, 1.2499999999999993, 1.0750000000000002, 1.125, 0.8500000000000006, 1.1249999999999998, 0.8625000000000002]",9.951698333236374
