,labelled data,weights,regret
0,50,"[2.3, 0.9999999999999999, 2.1, 1.1, 0.5000000000000001, 1.6000000000000005, 1.5000000000000002, 2.4000000000000004, 0.9000000000000002, 0.9999999999999998, 2.0, 1.7999999999999998]",2.535940544107366
1,100,"[1.6999999999999997, 1.2, 2.7, 1.6000000000000005, 0.40000000000000013, 1.8000000000000007, 1.0000000000000002, 2.4000000000000004, 1.2000000000000004, 0.19999999999999984, 2.1, 1.7999999999999998]",0.02461004191904712
