,labelled data,weights,regret
0,50,"[1.1, 1.1, 1.1, 1.3500000000000003, 1.0, 1.3000000000000003, 0.2500000000000001, 1.6000000000000005, 0.7500000000000002, 1.4750000000000003, 1.1, 0.43833333333333346]",13.651529447410311
1,100,"[1.3000000000000003, 1.1, 1.1, 1.4500000000000004, 1.0, 1.3000000000000003, 0.0500000000000001, 1.6000000000000005, 0.7500000000000002, 1.3083333333333336, 1.1, 0.26333333333333353]",0.3015398848717246
