,labelled data,weights,regret
0,50,"[1.4000000000000001, 1.7547169811320753, 1.833333333333333, 1.7258064516129028, 1.0, 3.0, 15.0, 11.0, 6.000000000000002, 1.0, 11.0, 10.0]",45.466039815049726
1,100,"[1.4000000000000001, 1.7547169811320753, 1.833333333333333, 2.048387096774193, 1.0, 3.0, 15.0, 11.0, 6.000000000000002, 1.0, 11.0, 10.0]",45.466039815049726
