,weights,regret
0,"[0.001, 13.334333333333333, 10.001, 10.001, 11.0, 11.0, 12.501, 11.0, 11.667666666666666, 20.001, 13.334333333333332, 28.000999999999998]",1.1694565023075303
