,labelled data,weights,regret
0,50,"[2.0, 2.0, 2.0, 1.6666666666666667, 1.0, 2.0, 0.601, 2.001, 0.9999999999999997, 3.25, 2.1666666666666665, 1.7000000000000002]",3.2544212660520246
1,100,"[2.0, 2.0, 2.0, 1.6666666666666667, 2.0, 2.0, 1.001, 2.001, 1.1666666666666663, 3.0, 2.333333333333333, 1.6]",2.6721874151147755
