,labelled data,weights,regret
0,50,"[2.0, 4.0, 3.0, 2.0, 5.0, 4.0, 1.001, 6.0, 0.001, 5.0009999999999994, 3.0, 3.001]",14.913617392959818
1,100,"[5.001, 8.0, 6.0, 2.0010000000000003, 5.0, 5.0, 3.001, 7.0, 1.001, 8.001, 4.0, 4.0009999999999994]",15.085820333868469
