,weights,regret
0,"[0.401, 2.100000000000001, 2.0000000000000004, 0.7, 1.0, 1.0, 1.4000000000000001, 2.4000000000000004, 0.30100000000000005, 1.6000000000000003, 1.7000000000000002, 3.100000000000001]",0.4153415263006691
