,weights,regret
0,"[0.5500000000000004, 2.375, 3.0999999999999974, 0.001, 1.5, 2.0, 1.75, 1.9375, 2.3125, 0.875, 0.126, 1.0999999999999994]",1.015674528514884
