,labelled data,weights,regret
0,50,"[0.5000000000000001, 1.9000000000000008, 1.0, 0.30100000000000005, 1.0, 1.0, 0.9009999999999999, 1.8000000000000007, 0.20100000000000004, 2.300000000000001, 1.1, 0.6009999999999999]",12.552666199455818
1,100,"[0.001, 2.200000000000001, 1.4000000000000004, 0.101, 1.0, 1.0, 1.001, 2.000000000000001, 0.30100000000000005, 3.100000000000002, 1.1, 0.5009999999999999]",0.9129711773407492
