,weights,regret
0,"[10.001000000000001, 25.001, 10.001000000000001, 30.001, 16.0, 2.501, 5.001, 27.500999999999998, 30.000999999999998, 0.001, 20.001, 14.834333333333332]",2.406220191777231
