,labelled data,weights,regret
0,50,"[1.05, 1.3773584905660377, 1.9166666666666683, 1.3306451612903223, 1.6500000000000006, 1.0, 3.2000000000000006, 2.5, 1.0000000000000002, 0.626, 2.0000000000000004, 2.4000000000000012]",13.137099657348347
1,100,"[1.2000000000000002, 1.3018867924528301, 2.083333333333335, 1.7903225806451606, 1.6500000000000006, 1.0, 3.400000000000001, 2.5, 1.166666666666667, 0.001, 2.0000000000000004, 1.7000000000000006]",11.608070699586177
