,labelled data,weights,regret
0,50,"[1.0, 0.75, 1.0, 0.875, 1.0, 1.0, 1.875, 1.5, 0.8333333333333334, 0.7867142857142856, 1.0, 1.0]",0.4661894867618521
1,100,"[1.0, 0.75, 0.8333333333333334, 1.125, 1.0, 1.0, 1.875, 1.5, 0.8333333333333334, 1.0724285714285713, 1.0, 0.8499999999999999]",0.519052121011705
