,labelled data,weights,regret
0,50,"[2.0, 3.0, 3.0, 4.0, 2.0, 4.0, 0.001, 3.501, 0.001, 1.6666666666666665, 3.0, 0.5009999999999999]",0.16354766168656976
1,100,"[2.0, 2.0, 4.0, 6.0, 2.0, 4.0, 1.001, 4.5009999999999994, 0.501, 1.45, 3.0, 0.41766666666666663]",0.20622773238886846
