,labelled data,weights,regret
0,50,"[0.001, 4.5, 4.0, 0.001, 1.0, 1.0, 1.5, 3.0, 0.251, 4.416666666666667, 1.5, 0.41766666666666674]",0.4825644444558822
1,100,"[0.27877777777777757, 5.0, 4.5, 0.001, 1.0, 1.5, 5.0, 3.5, 0.126, 5.416666666666667, 2.0, 2.501]",3.152733713383759
