,labelled data,weights,regret
0,50,"[8.001000000000001, 38.42957142857143, 44.33333333333333, 50.001, 1.0, 50.001, 48.33433333333333, 45.001, 15.001000000000001, 2.5010000000000003, 80.33333333333333, 8.334333333333333]",0.3710414630684022
1,100,"[15.489095238095235, 83.26290476190476, 87.66666666666666, 60.001, 20.000999999999998, 80.001, 95.001, 75.001, 53.38195238095238, 1.9533809523809555, 109.76190476190476, 21.429571428571425]",0.9251071565076047
