,weights,regret
0,"[6.0, 10.001000000000001, 0.001000000000000334, 38.5, 11.0, 7.501000000000001, 13.5, 36.0, 0.001, 44.37600000000001, 15.001000000000001, 9.501000000000001]",0.05961347697775222
