,labelled data,weights,regret
0,50,"[4.067666666666667, 2.2176666666666662, 5.0009999999999994, 4.0009999999999994, 1.0, 5.0009999999999994, 2.9000000000000004, 3.951, 0.0010000000000000009, 2.0343333333333335, 4.392666666666666, 1.0843333333333334]",0.4127299861945449
1,100,"[7.200999999999999, 3.217666666666667, 6.0009999999999994, 7.0009999999999994, 0.001, 9.001, 4.25, 5.9510000000000005, 0.001, 1.901, 5.509333333333333, 4.301]",0.019561395033310853
