,weights,regret
0,"[1.873809523809524, 4.9783809523809515, 3.2833333333333337, 2.5, 3.501, 6.5009999999999994, 2.170833333333333, 6.833333333333333, 1.251, 0.6408809523809522, 5.3374999999999995, 0.43433333333333335]",1.0502462649627973
