,labelled data,weights,regret
0,50,"[21.0, 21.0, 21.0, 0.001, 26.0, 21.0, 0.001, 30.000999999999998, 5.001, 41.0, 21.0, 2.0009999999999994]",27.18081106368637
1,100,"[24.001, 41.0, 41.0, 6.001000000000001, 28.5, 21.0, 27.500999999999998, 30.000999999999998, 5.001000000000001, 76.0, 31.0, 12.000999999999998]",1.3060034989930132
