,labelled data,weights,regret
0,50,"[11.0, 12.501000000000001, 15.001000000000001, 27.501, 0.001, 20.001, 0.001000000000000334, 40.001000000000005, 3.334333333333333, 16.04266666666667, 6.0, 12.501000000000001]",10.506465475495396
1,100,"[26.0, 12.501000000000001, 15.001000000000001, 57.501000000000005, 15.001000000000001, 25.001, 3.334333333333333, 60.001000000000005, 7.500999999999999, 6.34028571428572, 41.0, 2.0010000000000003]",0.16623648641264088
