,labelled data,weights,regret
0,50,"[0.9961111111111112, 1.1099999999999999, 1.4516666666666669, 1.0, 0.9, 1.4000000000000004, 1.5083333333333337, 1.1333333333333333, 0.7880952380952383, 0.6391666666666668, 1.6266666666666671, 0.93]",1.4310830261652607
1,100,"[0.8572222222222224, 1.3216666666666659, 1.676666666666667, 1.3000000000000003, 0.40000000000000013, 1.7000000000000006, 1.411666666666667, 1.5000000000000002, 0.8464285714285718, 0.34035714285714314, 1.9909523809523817, 0.8933333333333333]",1.0950912918916988
