,labelled data,weights,regret
0,50,"[0.001, 22.83433333333333, 12.666666666666666, 1.0, 5.001000000000001, 21.0, 18.001, 31.0, 8.334333333333332, 15.583333333333332, 0.001, 1.876]",0.08623154917979572
1,100,"[1.501, 37.00099999999999, 26.0, 0.0010000000000012221, 15.001000000000001, 21.0, 23.001, 38.5, 16.667666666666666, 23.083333333333325, 0.0010000000000000009, 0.6259999999999999]",0.07781649974690827
