,labelled data,weights,regret
0,50,"[0.001, 6.8759999999999994, 7.249999999999998, 0.001, 6.0, 6.0, 9.125, 14.75, 6.625, 5.375, 0.001, 1.251]",0.8072050540148981
1,100,"[2.501, 9.376, 13.788461538461535, 10.001000000000001, 5.001, 1.0, 14.75, 19.125, 14.75, 6.625, 3.751, 2.501]",7.269232591892456
