,labelled data,weights,regret
0,50,"[0.2831969696969696, 4.25, 1.5, 0.0010000000000000009, 1.0, 3.5, 3.5, 4.708333333333333, 1.7916666666666665, 3.9166666666666665, 0.001, 0.001]",0.16118075252819836
1,100,"[0.29564285714285715, 4.208333333333333, 3.916666666666667, 1.001, 2.0, 6.5, 5.0, 7.083333333333333, 0.5009999999999999, 5.083333333333333, 0.35814285714285715, 0.34266666666666645]",0.11739715309187806
