,labelled data,weights,regret
0,50,"[2.5, 2.0, 3.0, 5.5, 1.0, 2.5, 0.001, 6.0, 2.0, 2.5, 4.0, 0.001]",3.393831167682694
1,100,"[2.5, 3.0, 3.0, 8.0, 3.501, 4.5, 0.001, 6.0, 1.0, 1.001, 4.0, 0.001]",0.28074480131333834
