,labelled data,weights,regret
0,50,"[0.7999999999999997, 1.4666666666666666, 2.7666666666666675, 1.5, 0.001, 2.0, 2.4375, 1.875, 1.0, 1.975, 1.375, 0.001]",8.42701249534331
1,100,"[0.2509999999999999, 2.716666666666667, 3.3000000000000007, 0.001, 1.501, 2.0, 2.9375, 2.375, 0.75, 1.875, 0.126, 0.33433333333333337]",0.41858157872668805
