,weights,regret
0,"[3.1333333333333333, 0.11190476190476206, 3.083333333333333, 1.0, 3.0, 3.0, 2.975, 0.001, 2.626, 1.75, 2.666666666666667, 1.25]",0.4249633447745316
