,labelled data,weights,regret
0,50,"[5.001, 1.0, 7.5009999999999994, 10.001, 6.0, 5.001, 11.0, 11.0, 3.3343333333333334, 4.3759999999999994, 4.1676666666666655, 0.001]",0.7319217936781258
1,100,"[7.501, 6.0, 10.001, 3.3343333333333347, 6.0, 5.001, 11.0, 11.0, 4.167666666666666, 12.501, 6.667666666666665, 2.501]",0.6334007102476265
