,weights,regret
0,"[5.25, 0.001, 0.001, 2.8759999999999994, 1.5, 1.5, 3.5, 0.001, 17.916666666666668, 5.625, 2.0, 1.366666666666667]",0.3108774959520535
