,weights,regret
0,"[15.001, 11.0, 0.0010000000000021103, 15.000999999999998, 18.000999999999998, 5.0009999999999994, 21.0, 21.0, 13.334333333333332, 31.250999999999998, 13.334333333333332, 1.0009999999999994]",0.37604794069604763
