,labelled data,weights,regret
0,50,"[0.49999999999999994, 1.376, 2.269230769230769, 2.0, 0.001, 2.001, 4.0, 3.125, 2.625, 0.501, 1.5, 0.875]",0.8846420523206279
1,100,"[0.001, 1.876, 3.2692307692307696, 3.0, 0.001, 2.001, 5.375, 3.5, 3.875, 0.001, 2.375, 1.5]",0.8846882371202867
