,labelled data,weights,regret
0,50,"[4.2657058823529415, 11.0, 6.0, 4.35997435897436, 1.0, 6.0, 16.0, 10.001, 4.167666666666667, 9.376000000000001, 6.0, 6.0]",11.828368834547248
1,100,"[3.2657058823529415, 16.0, 6.0, 5.526641025641025, 6.0, 6.0, 16.0, 10.001, 4.167666666666667, 9.376000000000001, 6.0, 5.001]",12.85950698453236
