,weights,regret
0,"[6.0, 1.5, 1.001, 5.2093333333333325, 2.0, 1.0, 9.5, 0.751, 8.416666666666668, 2.0545714285714283, 3.0, 3.5009999999999994]",0.4585837788573724
