,weights,regret
0,"[1.501, 4.0, 0.5, 3.25, 2.0, 1.501, 1.801, 4.0, 1.4176666666666666, 5.678571428571428, 2.5, 3.001]",0.8581403057198866
