,labelled data,weights,regret
0,50,"[0.5188571428571427, 6.517666666666667, 3.0843333333333334, 0.001, 1.001, 7.0009999999999994, 6.25, 7.901, 2.501, 6.967666666666666, 0.001, 0.7152857142857143]",0.11759985359957535
1,100,"[0.3593333333333333, 9.267666666666669, 7.417666666666667, 0.001, 5.0009999999999994, 10.001, 10.25, 11.651, 2.251, 10.884333333333334, 0.001, 0.5009999999999999]",0.1799670948878561
