,labelled data,weights,regret
0,50,"[2.3972222222222226, 1.684333333333333, 4.0, 2.001, 5.0, 4.0009999999999994, 3.625, 1.501, 1.75, 1.801, 3.4166666666666665, 0.9]",3.191522683115714
1,100,"[3.8138888888888896, 1.6176666666666666, 4.0, 3.001, 3.0, 5.0009999999999994, 2.625, 2.876, 0.783333333333333, 0.9676666666666667, 5.5, 0.8999999999999999]",1.7059735879350142
