,labelled data,weights,regret
0,50,"[2.0, 4.0, 3.0, 6.0, 1.001, 4.0, 2.001, 5.0, 1.001, 3.0009999999999994, 2.0, 0.001]",315.65655746396055
1,100,"[3.001, 5.0, 7.0, 3.0, 5.0009999999999994, 6.0, 3.001, 9.0, 0.001, 7.0009999999999994, 2.0, 6.0009999999999994]",22.864531190845835
