,weights,regret
0,"[0.19999999999999918, 3.000000000000001, 2.3, 1.3000000000000003, 1.9000000000000008, 1.8000000000000007, 2.400000000000001, 1.9000000000000012, 2.2000000000000006, 1.2000000000000002, 0.40100000000000025, 1.8999999999999997]",0.40344216628440865
