,labelled data,weights,regret
0,50,"[5.001, 5.001, 5.001, 2.5010000000000003, 1.0, 5.001, 10.001000000000001, 6.0, 4.167666666666667, 5.6259999999999994, 5.834333333333333, 3.5010000000000003]",0.9791949486652606
1,100,"[5.001, 5.001, 5.001, 2.5010000000000003, 1.0, 5.001, 10.001000000000001, 6.0, 3.3343333333333343, 6.2509999999999994, 5.834333333333333, 4.501]",0.9980049205328584
