,weights,regret
0,"[4.100000000000001, 2.0, 3.5009999999999994, 2.100000000000001, 0.0010000000000000009, 3.6000000000000023, 1.8000000000000005, 3.1000000000000014, 0.7010000000000001, 1.7999999999999998, 3.0, 1.9000000000000004]",6.953726860880326
