,labelled data,weights,regret
0,50,"[6.0, 11.0, 11.0, 16.0, 16.0, 11.0, 4.0009999999999994, 16.0, 2.5009999999999994, 10.001, 6.0, 3.001]",515.0746141108697
1,100,"[16.0, 16.0, 16.0, 0.001, 17.25, 4.333333333333333, 6.0009999999999994, 16.0, 7.5009999999999994, 38.334333333333326, 18.5, 2.0009999999999994]",48.00571127123586
