,labelled data,weights,regret
0,50,"[1.5, 0.875, 1.0, 0.5, 1.0, 1.5, 1.5, 1.0, 0.5, 1.5, 1.0, 1.5]",3.1750872137842876
1,100,"[1.5, 0.875, 1.0, 1.0, 0.5, 2.0, 0.75, 1.5, 0.75, 1.0, 1.5, 1.5]",2.0829996179119874
