,weights,regret
0,"[0.001, 5.0, 5.333333333333333, 0.41528571428571437, 3.0, 2.0, 0.001, 5.2509999999999994, 0.4176666666666667, 4.417666666666666, 3.0, 8.292666666666666]",0.14611762045435572
