,weights,regret
0,"[1.2000000000000002, 1.9000000000000008, 0.9, 0.9009999999999999, 1.0, 1.0, 1.3, 1.9000000000000008, 0.7, 1.7000000000000006, 1.0, 0.20100000000000015]",0.39132268839556816
