,weights,regret
0,"[0.5833333333333334, 2.3583333333333334, 2.25, 1.5, 3.501, 2.501, 2.7190476190476187, 1.9166666666666665, 0.8333333333333335, 4.333333333333334, 0.551, 0.7374999999999998]",1.1128003023136102
