,weights,regret
0,"[7.0, 1.501, 0.001, 4.833333333333332, 2.0, 2.0, 2.0833333333333335, 2.751, 13.416666666666668, 6.3, 2.5, 3.541666666666666]",0.25388020671660394
