,labelled data,weights,regret
0,50,"[4.5009999999999994, 2.5010000000000003, 20.001, 0.001, 10.001, 11.0, 10.001000000000001, 7.5009999999999994, 7.501000000000001, 5.0009999999999994, 27.500999999999998, 7.501000000000001]",10.76111167687416
1,100,"[10.501, 2.5009999999999994, 30.193307692307684, 0.001, 10.001, 11.0, 10.001000000000001, 15.000999999999998, 7.501000000000001, 10.001, 35.001, 2.5010000000000012]",13.926133973939345
