,labelled data,weights,regret
0,50,"[2.0, 4.0, 1.0, 2.501, 1.0, 1.0, 4.0009999999999994, 4.0009999999999994, 0.501, 2.001, 2.0, 0.401]",160.29683645417163
1,100,"[0.501, 4.5, 2.0, 0.001, 1.0, 1.0, 4.0009999999999994, 4.0009999999999994, 1.001, 4.0009999999999994, 2.0, 0.001]",1.348244207386694
