,labelled data,weights,regret
0,50,"[1.0, 3.5, 2.0, 0.001, 1.0, 1.0, 1.251, 2.001, 1.333333333333333, 5.5, 2.0, 1.3999999999999995]",10.19209981228727
1,100,"[2.0010000000000003, 3.5, 2.0, 0.126, 1.0, 1.0, 3.001, 2.001, 1.333333333333333, 7.5, 2.0, 1.7999999999999996]",3.6220671856859803
