,weights,regret
0,"[0.501, 4.25, 4.5, 2.383333333333333, 3.5, 1.751, 3.25, 7.5009999999999994, 2.0843333333333334, 4.273809523809524, 5.0, 8.5]",0.3378499849202477
