,labelled data,weights,regret
0,50,"[3.251, 5.0009999999999994, 8.115384615384615, 6.0, 6.0, 0.001, 6.625, 12.25, 9.125, 6.0, 1.251, 6.2509999999999994]",7.313451771423087
1,100,"[1.251, 11.876, 11.67307692307692, 6.0, 6.0, 0.001, 11.625, 18.5, 12.875, 4.75, 2.5009999999999994, 1.251]",7.365606317112781
