,weights,regret
0,"[1.4009999999999998, 2.0999999999999996, 1.6010000000000002, 1.0, 1.1, 1.7000000000000006, 1.6, 2.3000000000000007, 0.8000000000000005, 0.601, 1.8000000000000007, 0.7]",1.1522746697669475
