,labelled data,weights,regret
0,50,"[6.0, 16.000999999999998, 24.333333333333336, 0.001, 11.0, 11.0, 13.5, 16.0, 13.5, 16.0, 2.501, 6.001000000000001]",0.4369266298556943
1,100,"[9.0, 26.000999999999998, 29.66666666666667, 0.001, 11.0, 11.0, 16.0, 18.5, 18.5, 13.5, 3.7509999999999994, 6.001000000000001]",0.2636807289725538
