,labelled data,weights,regret
0,50,"[1.5, 2.0, 2.0, 3.5, 1.0, 2.0, 0.8343333333333334, 3.0, 0.41766666666666663, 0.7083333333333335, 1.5, 1.201]",0.4298919784838236
1,100,"[1.5, 2.0, 2.0, 3.5, 1.5, 2.5, 0.08433333333333337, 3.0, 0.41766666666666663, 1.916666666666667, 2.0, 0.001]",0.1358737028896694
