,labelled data,weights,regret
0,50,"[11.0, 11.0, 6.0, 16.0, 1.0, 1.0, 26.0, 0.001, 31.0, 11.0, 31.0, 51.0]",20.481943545401002
1,100,"[11.0, 36.0, 6.0, 26.0, 11.0, 11.0, 46.0, 0.001, 11.0, 10.001000000000001, 31.0, 51.0]",13.601018033867103
