,labelled data,weights,regret
0,50,"[8.001, 5.0, 12.001, 10.001, 0.001, 11.0, 4.0009999999999994, 10.0, 2.0009999999999994, 2.001, 9.001, 6.0009999999999994]",0.8346399658237562
1,100,"[14.001, 6.0009999999999994, 16.000999999999998, 16.000999999999998, 0.001, 17.0, 9.001, 16.0, 1.0009999999999994, 2.001, 18.000999999999998, 10.001]",0.41427121363500535
