,weights,regret
0,"[0.001, 5.25, 5.583333333333333, 3.3000000000000003, 3.5, 2.0, 0.25, 5.0009999999999994, 4.25, 10.666666666666666, 4.0, 10.0]",0.6521115448161973
