,labelled data,weights,regret
0,50,"[1.02, 0.7899999999999998, 1.473333333333334, 1.2000000000000002, 0.6000000000000001, 1.4000000000000004, 1.1749999999999996, 1.424999999999999, 1.0875000000000001, 0.713571428571429, 1.3499999999999992, 0.8750000000000003]",0.003016041519864243
1,100,"[1.05, 0.6499999999999997, 1.6466666666666678, 1.3000000000000003, 0.40000000000000013, 1.5000000000000004, 1.1999999999999995, 1.5124999999999986, 1.1, 0.7010714285714292, 1.4499999999999988, 0.8000000000000003]",0.007255428053209749
