,labelled data,weights,regret
0,50,"[1.0, 2.0, 3.5, 2.5, 1.0, 1.5, 4.5, 1.001, 0.501, 1.501, 3.0, 4.0]",1.8719097110950544
1,100,"[3.0, 5.0, 6.0, 2.0, 2.0, 1.5, 3.0, 0.0010000000000000009, 0.501, 1.501, 4.0, 4.0]",0.6135454629841451
