,weights,regret
0,"[1.109999999999999, 0.8874999999999998, 1.0596153846153844, 1.3000000000000003, 1.2000000000000002, 0.6000000000000001, 0.7500000000000006, 1.1249999999999996, 1.0500000000000003, 1.374999999999999, 0.8375000000000001, 1.2624999999999997]",0.762011608786232
