,weights,regret
0,"[2.0136904761904764, 3.525, 2.5, 3.001, 2.5, 2.001, 2.3926666666666665, 4.958333333333333, 2.916666666666667, 4.25, 0.6480238095238094, 2.1333333333333333]",1.005892093931164
