,labelled data,weights,regret
0,50,"[0.001, 2.6666666666666665, 1.0, 0.001, 1.0, 6.0, 6.0, 6.0, 0.001, 1.0, 0.001, 0.001]",61.0875548936052
1,100,"[0.8343333333333333, 2.6666666666666665, 1.0, 0.001, 1.0, 6.0, 6.0, 6.0, 0.001, 1.0, 1.001, 0.001]",13.094923669191155
