,labelled data,weights,regret
0,50,"[0.74, 1.3249999999999993, 1.303333333333333, 0.8, 1.1, 1.2000000000000002, 1.2374999999999996, 1.2999999999999992, 1.1625, 1.2499999999999996, 0.35678571428571415, 0.675]",1.1769577449782027
1,100,"[0.7, 1.3749999999999991, 1.5144444444444436, 0.7000000000000001, 1.2000000000000002, 1.2000000000000002, 1.2999999999999994, 1.324999999999999, 1.1375000000000002, 1.1749999999999996, 0.3567857142857141, 0.625]",0.9994372358148791
