,labelled data,weights,regret
0,50,"[22.47222222222222, 21.429571428571425, 18.38095238095238, 10.001, 11.0, 10.001, 23.5, 10.001, 12.501000000000001, 11.678571428571427, 24.333333333333332, 10.001]",2.8568496589088057
1,100,"[33.30555555555556, 7.262904761904757, 28.38095238095238, 10.001, 11.0, 20.000999999999998, 33.5, 15.001, 5.001, 26.678571428571427, 23.44047619047619, 18.334333333333333]",1.9158654281048535
