,labelled data,weights,regret
0,50,"[2.0, 2.0, 3.0, 4.0, 3.0, 1.001, 5.0, 7.0, 1.8343333333333334, 3.792666666666667, 2.0, 0.001]",2.470925974443654
1,100,"[6.0, 6.0, 7.0, 3.101, 4.0, 2.001, 5.5, 7.0, 0.8343333333333334, 7.792666666666667, 4.0, 1.9009999999999998]",4.793380149944758
