,labelled data,weights,regret
0,50,"[6.0, 11.0, 6.0, 20.001, 0.001, 0.001, 21.0, 20.000999999999998, 6.0, 7.768857142857144, 6.0, 0.001]",665.5794996784296
1,100,"[6.0, 11.0, 6.0, 30.001, 10.001000000000001, 10.001000000000001, 11.0, 22.500999999999998, 1.0, 17.143857142857144, 11.0, 0.001]",719.0573520218344
