,labelled data,weights,regret
0,50,"[1.3000000000000003, 1.0, 1.2000000000000002, 0.75, 1.0, 1.0, 1.8000000000000007, 1.2000000000000002, 0.7000000000000002, 0.6000000000000001, 1.1, 0.9]",3.421026508296534
1,100,"[1.4000000000000004, 1.2000000000000002, 1.3000000000000003, 0.8, 1.0, 1.0, 1.8000000000000007, 1.2000000000000002, 0.7000000000000002, 0.40000000000000013, 1.1, 0.6000000000000001]",0.8368359926797428
