,labelled data,weights,regret
0,50,"[0.7000000000000001, 1.3000000000000003, 1.4000000000000004, 0.7999999999999998, 1.0, 1.1, 0.8, 1.8000000000000007, 0.26666666666666683, 1.7500000000000007, 1.1, 0.3833333333333335]",11.31627095444046
1,100,"[0.5000000000000001, 1.8000000000000007, 1.4000000000000004, 0.5999999999999996, 1.0, 1.1, 1.0, 1.8000000000000007, 0.06666666666666682, 1.9500000000000008, 1.1, 0.6833333333333335]",8.420379693977406
