,labelled data,weights,regret
0,50,"[11.0, 21.0, 31.0, 31.0, 21.0, 16.0, 10.001, 25.001, 36.0, 36.0, 31.0, 36.0]",330.36875479363425
1,100,"[205.001, 26.0, 41.0, 230.001, 21.0, 26.0, 25.000999999999998, 55.001000000000005, 16.0, 51.0, 41.0, 1.0]",592.444854448021
