,weights,regret
0,"[0.001, 10.001, 10.001, 10.001000000000001, 11.0, 11.0, 10.001000000000001, 11.0, 11.667666666666666, 27.143857142857136, 10.001, 21.000999999999998]",0.8736254897852683
