,weights,regret
0,"[2.001, 11.0, 16.0, 10.001000000000001, 10.001000000000001, 10.001, 6.001000000000001, 10.001, 6.000000000000003, 36.0, 17.666666666666664, 22.0]",0.7302393272264791
