,labelled data,weights,regret
0,50,"[11.0, 10.001, 11.0, 61.0, 11.0, 21.0, 0.001, 60.001, 15.001000000000001, 27.666666666666664, 21.0, 10.001000000000001]",0.7373000024802419
1,100,"[11.0, 10.001, 11.0, 71.0, 0.001, 31.0, 20.000999999999998, 60.001, 15.001000000000001, 37.99999999999999, 31.0, 17.501000000000005]",0.8265788375668855
