,weights,regret
0,"[11.0, 11.0, 6.0, 14.333333333333332, 11.0, 11.0, 1.0, 0.001000000000000334, 14.333333333333332, 14.333333333333332, 11.0, 20.0]",24.147564863584776
