,labelled data,weights,regret
0,50,"[11.0, 6.0, 11.0, 26.0, 1.0, 26.0, 5.001000000000001, 26.0, 10.001000000000001, 10.001000000000001, 16.0, 10.001000000000001]",3.5574479482195733
1,100,"[11.0, 11.0, 21.0, 26.0, 20.000999999999998, 36.0, 5.001, 36.0, 5.001000000000001, 30.001, 16.0, 20.001]",16.105514923245558
