,labelled data,weights,regret
0,50,"[0.30869230769230765, 2.334333333333332, 4.600000000000001, 0.001, 2.001, 2.001, 4.5, 3.625, 2.25, 2.625, 0.001, 1.001]",0.30677841355629926
1,100,"[0.3086923076923077, 5.000999999999999, 5.200000000000002, 0.001, 3.001, 2.001, 4.375, 5.25, 2.25, 2.75, 0.626, 0.19147619047619047]",0.39510056935684995
