,weights,regret
0,"[0.10099999999999999, 2.375, 1.6666666666666659, 1.5, 1.5, 0.5, 0.875, 3.375, 1.125, 3.125, 0.376, 0.07242857142857112]",0.14988914569077957
