,labelled data,weights,regret
0,50,"[9.543650793650798, 17.834333333333333, 16.0, 0.001, 21.0, 16.0, 13.334333333333333, 10.501, 0.001, 5.001, 31.125, 14.167666666666666]",1.539923384235952
1,100,"[2.774809523809524, 39.917666666666676, 26.0, 20.001, 11.0, 46.0, 23.501, 22.667666666666666, 9.167666666666669, 0.001, 51.75, 6.6676666666666655]",0.45588776059185715
