,labelled data,weights,regret
0,50,"[1.1999999999999986, 0.001, 2.144230769230768, 0.001, 1.5, 2.0, 2.0625, 1.3125, 1.3125, 0.625, 1.5625, 0.9375]",6.439941230210332
1,100,"[1.299999999999998, 0.3135, 2.5480769230769207, 0.001, 1.5, 2.0, 1.875, 1.375, 1.25, 0.126, 2.375, 0.75]",1.7470192391391788
