,weights,regret
0,"[1.501, 3.0, 0.0010000000000000009, 2.041666666666667, 2.5, 3.0, 0.376, 7.5, 1.251, 3.1666666666666674, 2.0, 0.6176666666666667]",0.729911402745306
