,weights,regret
0,"[0.9010000000000001, 2.400000000000001, 2.9000000000000004, 0.30000000000000016, 2.300000000000001, 1.4000000000000004, 3.000000000000001, 2.200000000000002, 2.0, 1.9, 0.001, 1.899999999999999]",0.9316986764753816
