,labelled data,weights,regret
0,50,"[0.7, 0.8113207547169812, 0.5833333333333335, 0.7983870967741935, 1.0, 1.0, 5.001, 5.001, 4.167666666666667, 1.251, 5.001, 4.501]",57.9611754929654
1,100,"[0.7, 0.8113207547169812, 0.5833333333333335, 0.9596774193548385, 1.0, 1.0, 5.001, 5.001, 4.167666666666667, 1.251, 5.001, 4.501]",57.9611754929654
