,labelled data,weights,regret
0,50,"[0.3333333333333336, 1.7249999999999983, 1.3833333333333337, 0.40000000000000013, 0.8, 1.2000000000000002, 1.5000000000000004, 1.6500000000000006, 1.266666666666667, 1.1599999999999997, 0.21000000000000013, 0.33499999999999996]",0.24101876245467596
1,100,"[0.341666666666667, 1.7999999999999972, 1.5000000000000007, 0.20000000000000015, 1.2000000000000002, 1.3000000000000003, 1.5500000000000005, 1.8166666666666682, 1.2666666666666668, 1.6, 0.001, 0.4099999999999999]",0.18379374799891351
