,labelled data,weights,regret
0,50,"[11.0, 31.0, 41.0, 81.0, 1.0, 11.0, 1.0, 71.0, 11.0, 21.0, 61.0, 81.0]",9.48418139196707
1,100,"[1.0, 31.0, 51.0, 81.0, 180.001, 11.0, 10.001, 91.0, 11.0, 21.0, 61.0, 61.0]",10.795853644966858
