,labelled data,weights,regret
0,100,"[1.05, 2.125, 2.166666666666667, 1.5, 1.5, 0.5, 2.125, 1.875, 2.1875, 0.5, 0.9642857142857144, 0.4385]",0.2766177005806992
