,labelled data,weights,regret
0,50,"[1.5, 2.0, 2.0, 0.601, 1.0, 1.0, 0.601, 3.001, 0.1666666666666665, 5.000000000000001, 2.0, 1.6]",18.868983697947293
1,100,"[0.7724285714285716, 2.0, 2.0, 0.026641025641025648, 1.0, 1.0, 1.2009999999999998, 3.001, 0.4999999999999998, 6.6666666666666705, 2.0, 1.0999999999999999]",0.48524371195735605
