,weights,regret
0,"[6.0, 2.2926666666666664, 1.001, 2.5486190476190482, 1.0, 1.5, 3.0, 1.001, 15.916666666666668, 5.75, 1.5, 1.001]",0.12036023541042354
