,labelled data,weights,regret
0,50,"[2.5, 3.5, 2.0, 1.3333333333333335, 2.0, 1.0, 1.2, 2.001, 1.3333333333333328, 4.999999999999999, 2.0, 0.6999999999999995]",16.9974869756851
1,100,"[0.601, 5.0, 3.0, 0.201, 2.0, 2.0, 2.1999999999999997, 2.001, 1.166666666666666, 6.999999999999997, 2.1666666666666665, 1.5999999999999999]",1.6375078111097632
