,labelled data,weights,regret
0,50,"[1.2000000000000002, 1.3773584905660377, 1.4166666666666665, 1.4032258064516128, 1.25, 2.0, 8.0, 6.0, 3.500000000000001, 1.0, 6.0, 5.5]",45.47207484484768
1,100,"[1.2000000000000002, 1.3773584905660377, 1.4166666666666665, 1.5241935483870965, 1.25, 2.0, 8.0, 6.0, 3.500000000000001, 1.0, 6.0, 5.5]",45.47207484484768
