,weights,regret
0,"[1.0189999999999988, 1.020754716981133, 1.0083333333333333, 1.020967741935483, 1.0, 1.0, 1.2200000000000002, 1.1, 0.9833333333333335, 0.9750000000000001, 1.1, 1.11]",0.7036469369635495
