,labelled data,weights,regret
0,50,"[5.0, 0.001, 9.846153846153847, 6.0, 6.0, 0.001, 5.6259999999999994, 8.126, 7.875, 5.6259999999999994, 3.5, 4.75]",37.703351316729034
1,100,"[3.0, 1.251, 15.519230769230768, 6.0, 6.0, 0.001, 10.001, 4.3759999999999994, 6.625, 1.876, 12.875, 9.125]",24.79107989876665
