,labelled data,weights,regret
0,50,"[12.0, 12.501000000000001, 20.999999999999996, 11.0, 0.001, 11.0, 13.5, 13.5, 4.75, 18.5, 3.0, 6.0]",8.343342607208866
1,100,"[7.0, 16.251, 27.666666666666664, 11.0, 0.001, 11.0, 19.75, 16.0, 2.5010000000000003, 16.0, 0.001, 2.5010000000000003]",7.696026316477918
