,weights,regret
0,"[69.41766666666666, 62.358142857142866, 46.57252366656392, 20.000999999999998, 80.001, 50.001000000000005, 80.39285714285714, 46.8095238095238, 22.870047619047618, 62.666666666666664, 55.66766666666666, 55.83433333333333]",0.3331921206999851
