,labelled data,weights,regret
0,50,"[0.001, 21.0, 23.5, 0.001, 1.0, 1.0, 21.0, 45.001000000000005, 5.001000000000001, 45.001000000000005, 11.0, 3.334333333333333]",0.7035102331323412
1,100,"[7.778777777777779, 41.0, 38.5, 1.1121111111111124, 10.001, 11.0, 31.0, 45.001000000000005, 5.001000000000001, 65.001, 11.0, 20.001]",1.2588031829213437
