,labelled data,weights,regret
0,50,"[1.1, 1.2000000000000002, 1.1, 1.9000000000000008, 1.0, 1.0, 0.4249999999999999, 1.6000000000000005, 0.20000000000000018, 0.7333333333333333, 1.1, 0.6166666666666666]",0.2852705644388747
1,100,"[1.1, 1.2000000000000002, 1.1, 2.000000000000001, 1.0, 1.0, 0.2749999999999999, 1.6000000000000005, 0.16100000000000003, 0.8733333333333334, 1.1, 0.3916666666666664]",0.13375244773547304
