,labelled data,weights,regret
0,50,"[2.9236111111111107, 0.8676666666666666, 2.9154761904761908, 3.001, 0.0010000000000000009, 4.0, 3.1583333333333328, 2.375, 0.1885, 1.0385, 2.0416666666666665, 1.291666666666667]",0.9983456741875336
1,100,"[4.144444444444444, 0.3200476190476191, 3.8154761904761907, 5.0009999999999994, 0.501, 5.5, 3.8249999999999984, 4.875, 0.126, 2.4926666666666666, 4.266666666666666, 2.791666666666667]",0.019561395033310853
