,labelled data,weights,regret
0,50,"[1.007999999999999, 1.0811320754717022, 1.0916666666666663, 1.007258064516129, 1.0749999999999984, 0.98, 1.2400000000000002, 1.1, 0.7666666666666659, 1.0, 1.0333333333333332, 1.11]",3.099397357858955
1,100,"[1.0239999999999987, 1.092452830188684, 1.1166666666666663, 1.021774193548387, 1.0749999999999984, 0.98, 1.3000000000000003, 1.1, 0.7166666666666658, 0.9625000000000001, 1.0333333333333332, 1.1400000000000001]",3.7221416324176535
