,labelled data,weights,regret
0,50,"[0.001, 2.0, 1.5, 0.001, 1.0, 0.5, 2.0, 3.5, 0.501, 3.9999999999999987, 1.5, 1.1676666666666666]",2.1206545352360915
1,100,"[0.9009999999999999, 2.0, 2.0, 0.02183333333333337, 1.0, 0.5, 2.0, 3.5, 0.501, 5.333333333333334, 1.5, 0.45933333333333337]",1.4557680518167777
