,weights,regret
0,"[1.2000000000000002, 1.0, 0.151, 1.2750000000000001, 1.0, 1.0, 2.5000000000000013, 0.25000000000000006, 2.000000000000001, 0.32583333333333353, 1.2000000000000002, 1.3500000000000003]",0.5032038515331391
