,labelled data,weights,regret
0,50,"[1.0, 1.0, 1.0, 1.0, 1.1, 0.9, 1.1, 0.8, 1.1, 0.9, 1.1, 1.0]",12.421535322054096
1,100,"[1.0, 1.0, 1.0, 1.0, 1.1, 0.9, 1.1, 0.8, 1.1, 0.9, 1.1, 1.0]",14.12844731262802
