,weights,regret
0,"[0.9010000000000001, 2.7, 1.101, 0.8, 0.6000000000000001, 1.5000000000000004, 1.5, 2.3, 1.0000000000000002, 1.5000000000000009, 0.901, 0.501]",4.918614625493748
