,labelled data,weights,regret
0,50,"[16.0, 11.0, 16.0, 3.5, 1.0, 1.0, 26.0, 0.001, 0.001, 0.001, 16.0, 16.0]",1.5955800103690958
1,100,"[21.0, 21.0, 21.0, 0.001, 6.0, 1.0, 26.0, 2.501, 6.6676666666666655, 5.667666666666667, 16.0, 16.0]",3.4530684095986386
