,weights,regret
0,"[102.83333333333333, 32.00099999999999, 41.0, 40.001, 120.001, 20.001000000000005, 121.83333333333333, 53.66666666666666, 55.66766666666666, 61.33333333333333, 49.41666666666667, 23.66766666666667]",0.3089215914321938
