,labelled data,weights,regret
0,50,"[6.0, 11.0, 16.0, 7.5009999999999994, 1.0, 1.0, 16.0, 0.001, 1.6676666666666664, 12.666666666666666, 6.0, 16.0]",2.421516245294529
1,100,"[16.0, 16.0, 21.0, 13.751, 1.0, 1.0, 26.0, 0.001, 1.251, 7.666666666666668, 16.0, 16.0]",1.1833086160623503
