,labelled data,weights,regret
0,50,"[1.1, 1.2, 1.1, 0.8999999999999999, 1.0, 1.1, 1.9000000000000008, 1.5000000000000004, 0.7000000000000001, 0.6000000000000001, 1.1, 0.30000000000000004]",0.4102218398974277
1,100,"[1.4000000000000004, 1.3, 1.6000000000000005, 0.10000000000000003, 1.0, 1.1, 2.200000000000001, 1.6000000000000005, 0.6000000000000001, 0.7000000000000003, 1.1, 0.30100000000000016]",1.171884963735219
