,weights,regret
0,"[29.834333333333337, 96.83433333333335, 48.5, 0.001, 111.0, 110.001, 62.66666666666666, 104.251, 6.0, 46.416666666666664, 10.667666666666669, 37.5]",1.0361270732885557
