,labelled data,weights,regret
0,50,"[0.001, 4.0, 2.5, 0.001, 1.0, 2.0, 2.001, 3.5, 1.001, 4.0, 1.5, 1.001]",0.8531886808973541
1,100,"[0.5009999999999999, 5.0, 3.0, 0.001, 1.0, 2.0, 3.001, 3.5, 1.001, 5.0, 1.5, 0.5009999999999999]",1.3907468746136615
