,labelled data,weights,regret
0,50,"[1.0, 1.0, 1.0, 0.001, 1.0, 6.0, 6.0, 1.0, 0.001, 1.0, 1.0, 1.0]",11.47028382471972
1,100,"[0.001, 2.6666666666666665, 1.0, 0.001, 1.0, 6.0, 6.0, 6.0, 0.001, 1.0, 0.001, 0.001]",0.2339014577051153
