,labelled data,weights,regret
0,50,"[11.0, 21.0, 11.0, 51.0, 10.001, 21.0, 10.001, 31.0, 20.000999999999998, 10.001, 21.0, 31.0]",14.272125553950254
1,100,"[1.0, 21.0, 31.0, 71.0, 10.001, 31.0, 0.001, 41.0, 20.000999999999998, 30.000999999999998, 41.0, 10.001]",0.9135408566960325
