,labelled data,weights,regret
0,50,"[1.0799999999999994, 1.320754716981135, 1.4583333333333317, 1.0362903225806452, 1.3499999999999988, 1.1, 1.7000000000000006, 1.5, 0.4166666666666665, 1.625, 1.333333333333333, 1.6000000000000005]",15.393110841865601
1,100,"[1.0499999999999992, 1.358490566037739, 1.5208333333333315, 0.9717741935483879, 1.3499999999999988, 1.1, 1.8000000000000007, 1.5, 0.49999999999999983, 2.25, 1.333333333333333, 1.5000000000000004]",4.234906766229316
