,labelled data,weights,regret
0,50,"[5.0, 2.0, 6.0, 10.833333333333332, 1.001, 4.0, 0.4166666666666665, 7.5009999999999994, 0.33433333333333337, 0.626, 7.0, 1.2343333333333335]",0.10802572797748436
1,100,"[5.0, 3.0, 8.0, 12.833333333333332, 0.7509999999999999, 4.0, 0.751, 13.501, 0.001, 2.6450476190476193, 10.0, 0.8010000000000002]",0.06909339588626963
