,labelled data,weights,regret
0,50,"[0.9000000000000001, 1.0499999999999996, 1.1923076923076916, 1.3000000000000003, 1.3000000000000003, 0.6000000000000001, 1.3374999999999988, 0.9624999999999999, 1.3874999999999988, 0.7375000000000007, 1.1624999999999994, 0.5500000000000007]",9.445022678508098
1,100,"[0.8400000000000001, 0.9374999999999998, 1.3615384615384603, 1.3000000000000003, 1.3000000000000003, 0.6000000000000001, 1.5124999999999982, 0.9375000000000006, 1.4249999999999987, 0.5875000000000012, 1.1999999999999993, 0.47500000000000064]",9.1406439879059
