,weights,regret
0,"[11.0, 10.001, 11.0, 17.666666666666664, 13.5, 11.0, 4.0009999999999994, 25.001, 2.666666666666669, 41.0, 17.666666666666664, 9.001]",0.37626979333466015
