,labelled data,weights,regret
0,50,"[0.30100000000000005, 1.4000000000000004, 2.0, 1.4000000000000004, 0.30000000000000016, 1.9000000000000008, 1.5000000000000007, 1.9000000000000004, 0.501, 0.0010000000000000009, 2.3000000000000007, 0.20100000000000012]",0.39552436046438455
1,100,"[0.301, 1.8000000000000012, 2.2, 2.000000000000001, 0.20000000000000015, 2.7000000000000015, 2.0000000000000018, 2.600000000000001, 0.20099999999999973, 0.201, 3.100000000000001, 0.7010000000000004]",0.3832891875942452
