,weights,regret
0,"[3.5, 3.0, 3.583333333333333, 6.708333333333333, 2.5, 0.5009999999999999, 2.5, 3.2509999999999994, 9.0, 0.3135, 0.001, 2.001]",0.09577543857016223
