,weights,regret
0,"[1.5, 3.25, 1.376, 9.375, 3.25, 0.5009999999999999, 0.08433333333333334, 1.7509999999999994, 10.75, 2.3083333333333336, 3.001, 0.851]",0.05402797850794449
