,labelled data,weights,regret
0,50,"[0.0010000000000000009, 2.0000000000000004, 1.6, 0.7000000000000001, 0.9, 1.9000000000000008, 1.7000000000000002, 2.1, 0.7, 2.0, 0.101, 0.10099999999999998]",0.11634261774194056
1,100,"[0.9010000000000001, 2.700000000000001, 2.2, 1.0, 0.9, 2.7000000000000015, 1.8000000000000005, 2.8000000000000007, 0.10100000000000003, 1.8999999999999992, 0.901, 0.401]",3.3964719649961372
