,weights,regret
0,"[0.001, 100.001, 73.33433333333333, 30.000999999999998, 71.0, 91.0, 63.66666666666667, 162.501, 45.001, 0.001, 63.04861904761905, 1.6676666666666664]",1.052391386180036
