,labelled data,weights,regret
0,50,"[1.4000000000000001, 2.8867924528301883, 5.583333333333333, 0.9193548387096772, 1.0, 1.0, 17.0, 11.0, 4.333333333333336, 13.751000000000001, 11.0, 3.0]",4.018006821476338
1,100,"[1.4999999999999996, 4.773584905660378, 6.833333333333334, 0.2741935483870963, 1.5, 1.0, 17.0, 11.0, 4.333333333333336, 17.501, 11.0, 1.0]",2.955668051452891
