,weights,regret
0,"[4.0, 1.75, 4.25, 11.416666666666668, 0.8759999999999999, 6.0, 0.7083333333333333, 0.251, 2.1676666666666664, 0.126, 1.001, 11.191666666666666]",0.7239322522427083
