,weights,regret
0,"[1.4782727272727278, 91.66766666666666, 59.0, 10.000999999999998, 40.001, 90.001, 91.001, 121.83333333333333, 44.75, 119.33333333333334, 0.001, 0.001]",0.15025563305799366
