,labelled data,weights,regret
0,50,"[3.0, 4.5, 4.166666666666666, 0.9166666666666661, 1.001, 4.0, 1.751, 12.001, 1.3343333333333334, 7.0, 3.0, 1.501]",13.651701118841325
1,100,"[3.2748095238095245, 7.5, 9.166666666666666, 0.0010000000000000009, 2.001, 4.0, 4.2509999999999994, 12.001, 2.3343333333333334, 11.0, 4.0, 1.201]",9.964816700843539
