,labelled data,weights,regret
0,50,"[0.4716666666666671, 1.5300000000000002, 1.4625000000000001, 0.40000000000000013, 1.0, 1.4000000000000004, 1.4249999999999998, 1.3499999999999996, 1.1666666666666663, 1.1383333333333334, 0.2550000000000001, 0.5800000000000001]",0.2750347814129858
1,100,"[0.37166666666666737, 1.5966666666666662, 1.6125000000000003, 0.30000000000000016, 1.1, 1.5000000000000004, 1.441666666666666, 1.4499999999999995, 1.2166666666666657, 1.4133333333333333, 0.001, 0.52]",0.18782168734915178
