,weights,regret
0,"[2.901, 0.9999999999999999, 1.1010000000000004, 0.8, 1.9000000000000008, 1.0, 2.0000000000000004, 0.9009999999999998, 0.9000000000000002, 1.8000000000000005, 1.8999999999999997, 1.5]",0.2720773496685309
