,labelled data,weights,regret
0,50,"[16.0, 21.0, 21.0, 41.0, 1.0, 6.0, 6.0, 10.001000000000001, 36.0, 11.0, 31.0, 41.0]",16.666644420036583
1,100,"[6.0, 21.0, 31.0, 51.0, 1.0, 6.0, 10.001, 10.001000000000001, 41.0, 25.001, 31.0, 36.0]",15.701552007893413
