,labelled data,weights,regret
0,50,"[0.5999999999999996, 2.6676666666666664, 3.8666666666666667, 3.0, 0.001, 2.0, 3.875, 3.5, 1.5, 0.126, 3.25, 0.9000000000000002]",0.15246392387250104
1,100,"[0.501, 5.167666666666669, 5.266666666666667, 4.0, 0.001, 3.0, 5.125, 4.0, 2.25, 0.501, 3.75, 1.0333333333333337]",0.15246392387250104
