,labelled data,weights,regret
0,50,"[16.0, 21.0, 36.0, 0.001, 11.0, 1.0, 20.001, 50.001000000000005, 16.0, 56.0, 36.0, 16.0]",10.75240509900671
1,100,"[20.000999999999998, 61.0, 46.0, 0.001, 11.0, 6.0, 35.001000000000005, 60.001000000000005, 16.0, 61.0, 41.0, 0.001000000000000334]",11.465435218958584
