,labelled data,weights,regret
0,50,"[2.0, 0.5, 4.0, 6.666666666666666, 2.001, 5.0, 0.001, 7.5009999999999994, 0.001, 1.3343333333333334, 4.0, 1.1343333333333334]",0.27678311363800706
1,100,"[5.0, 1.001, 7.0, 11.666666666666666, 0.001, 5.0, 1.001, 11.501, 1.3343333333333334, 1.6676666666666666, 3.0, 1.4676666666666667]",0.1173405250199294
