,labelled data,weights,regret
0,50,"[0.8091666666666665, 1.3933333333333338, 1.4000000000000004, 0.7000000000000001, 1.0, 2.100000000000001, 1.9683333333333342, 2.0666666666666678, 0.1666666666666669, 1.5941666666666672, 0.7458333333333337, 0.31999999999999973]",3.3956882935393886
1,100,"[0.44952380952380955, 1.7833333333333334, 1.6400000000000006, 0.6000000000000001, 1.5000000000000004, 2.7000000000000015, 1.868333333333334, 2.3166666666666678, 0.591666666666667, 2.677500000000001, 0.001, 0.3051666666666667]",0.2156197439217856
