,labelled data,weights,regret
0,50,"[0.5000000000000001, 0.5635, 3.45, 0.001, 1.5, 2.0, 1.875, 0.9384999999999999, 1.75, 0.251, 1.2750000000000001, 1.875]",1.773552254189662
1,100,"[0.7000000000000004, 1.0635, 3.6, 0.001, 1.5, 2.0, 1.3125, 0.8134999999999999, 1.375, 0.0635, 2.6750000000000003, 1.25]",0.5813584037106818
