,weights,regret
0,"[1.2, 1.3, 1.8000000000000007, 3.600000000000002, 1.301, 1.7000000000000006, 0.6999999999999997, 0.101, 0.901, 0.30100000000000016, 0.09999999999999981, 2.900000000000001]",9.254721477991607
