,labelled data,weights,regret
0,50,"[0.5, 1.8000000000000003, 1.6000000000000005, 0.40000000000000013, 1.0, 1.0, 0.6999999999999997, 2.3000000000000007, 0.2999999999999997, 2.2000000000000006, 1.6, 1.5999999999999996]",13.00563925796486
1,100,"[0.9, 2.1000000000000005, 1.8000000000000007, 0.5010000000000001, 1.0, 1.0, 0.9999999999999997, 2.700000000000001, 0.501, 2.500000000000001, 1.6, 1.4999999999999996]",11.38525758812169
