,labelled data,weights,regret
0,50,"[1.0259999999999991, 1.033962264150944, 1.0874999999999997, 1.029032258064515, 1.0099999999999998, 1.02, 1.06, 1.1500000000000001, 0.9499999999999998, 1.0, 1.0499999999999998, 1.0]",16.651900523124226
1,100,"[1.0290000000000008, 1.066037735849057, 1.1041666666666663, 1.0540322580645134, 1.0099999999999998, 1.02, 1.1400000000000001, 1.1500000000000001, 0.883333333333333, 0.9500000000000002, 1.0499999999999998, 1.1900000000000002]",17.50581097167803
