,labelled data,weights,regret
0,50,"[0.4422619047619043, 2.5666666666666673, 3.5, 0.501, 1.5, 3.0, 1.7176666666666667, 4.625, 1.7093333333333334, 2.7833333333333328, 0.001, 0.8343333333333333]",0.09907244202890024
1,100,"[0.05655555555555555, 5.083333333333334, 4.0, 0.501, 1.0, 6.0, 4.942666666666668, 7.125, 2.105166666666667, 4.3500000000000005, 0.5623095238095238, 0.001]",0.23413430588269474
