,weights,regret
0,"[1.1999999999999988, 3.1000000000000023, 3.200000000000001, 2.7000000000000015, 2.6000000000000014, 0.0010000000000000009, 0.3000000000000014, 2.1000000000000023, 4.400000000000002, 1.5999999999999996, 0.49999999999999944, 0.001]",0.4878573018180553
