,weights,regret
0,"[2.079968253968254, 2.2928571428571423, 2.5, 0.501, 3.5, 4.0, 2.5, 2.272619047619047, 1.141666666666667, 3.1, 0.46171428571428574, 2.2666666666666666]",1.7390735929041283
