,labelled data,weights,regret
0,50,"[1.0, 4.0, 2.0, 0.001, 2.0, 2.0, 1.001, 5.0, 1.001, 3.001, 3.0, 3.001]",18.701878345192167
1,100,"[1.001, 5.0, 2.0, 5.0009999999999994, 4.0, 5.0, 0.001, 5.0, 0.001, 0.001, 5.0, 0.001]",0.15470080121002777
