,labelled data,weights,regret
0,50,"[1.0099999999999996, 1.0113207547169816, 1.0041666666666667, 1.0056451612903223, 1.0, 1.0, 1.2200000000000002, 1.1, 0.9833333333333335, 1.0125, 1.1, 1.1]",12.436130630779042
1,100,"[1.0179999999999993, 1.0113207547169816, 1.0083333333333333, 1.0137096774193544, 1.0, 1.0, 1.2400000000000002, 1.1, 0.9666666666666668, 1.0125, 1.1, 1.08]",11.040658463417474
