,labelled data,weights,regret
0,50,"[0.49999999999999944, 1.8000000000000003, 2.7, 0.8, 1.1, 1.3000000000000003, 2.2000000000000006, 2.500000000000001, 1.4000000000000001, 2.2, 0.001, 0.19999999999999982]",0.1371717743291613
1,100,"[0.29999999999999943, 2.3000000000000007, 2.9000000000000004, 0.9, 0.7000000000000001, 1.5000000000000004, 2.0000000000000004, 3.0000000000000013, 1.4000000000000001, 2.0, 0.30100000000000005, 0.19999999999999993]",0.11666745654164504
