,weights,regret
0,"[0.001, 3.600000000000002, 2.5000000000000004, 1.0, 1.2000000000000002, 3.300000000000002, 2.3000000000000003, 2.900000000000001, 1.5000000000000007, 2.7, 0.001, 0.001]",0.16272517143096943
