,weights,regret
0,"[0.9, 0.8, 1.6000000000000005, 1.5500000000000005, 1.0, 1.1, 0.15000000000000016, 0.001, 0.5, 1.441666666666667, 1.1, 1.8000000000000007]",1.0252109340814801
