,labelled data,weights,regret
0,50,"[21.0, 21.0, 71.0, 101.0, 0.001, 51.0, 50.001, 100.001, 21.0, 10.001, 71.0, 31.0]",0.8605582860576498
1,100,"[21.0, 51.0, 81.0, 171.0, 60.001000000000005, 101.0, 0.0010000000000047748, 130.001, 30.000999999999998, 40.001000000000005, 81.0, 20.001000000000005]",0.797036159035071
