,labelled data,weights,regret
0,50,"[1.25, 1.0, 4.25, 0.08333333333333326, 0.0010000000000000009, 1.0, 1.708333333333333, 0.5009999999999999, 1.5, 1.1885, 1.0, 1.6833333333333336]",6.197495180246967
1,100,"[3.25, 2.25, 5.25, 1.1260000000000001, 1.001, 2.0, 2.958333333333333, 0.001, 0.25, 1.6885, 2.5, 3.6833333333333336]",1.3639079263339249
