,labelled data,weights,regret
0,50,"[0.001, 1.5, 2.5, 0.001, 1.5, 0.5, 1.75, 6.0, 0.4176666666666667, 5.529761904761905, 5.0, 0.7343333333333334]",0.6033228792988395
1,100,"[2.901, 3.5, 6.0, 0.3385, 1.5, 1.0, 4.25, 7.0, 1.3343333333333331, 8.029761904761905, 6.0, 0.401]",12.861681755160298
