,weights,regret
0,"[0.0010000000000000009, 2.9000000000000017, 2.7, 2.4000000000000012, 2.9000000000000017, 0.001, 1.4000000000000015, 1.500000000000001, 4.400000000000002, 1.6999999999999986, 1.4999999999999998, 0.001]",0.7750226830627786
