,labelled data,weights,regret
0,50,"[1.1, 1.1, 1.1, 1.5333333333333339, 1.0, 1.0, 0.5000000000000001, 1.1, 0.9333333333333336, 1.299999999999999, 1.1, 0.8599999999999999]",1.306375454080202
1,100,"[1.1, 1.1, 1.1, 2.166666666666668, 1.0, 1.0, 0.051000000000000004, 1.1, 0.9166666666666669, 0.6233333333333333, 1.15, 0.35999999999999943]",0.14284330070639947
