,labelled data,weights,regret
0,50,"[11.0, 23.5, 23.5, 0.001, 5.001, 6.0, 21.0, 20.001, 8.5, 4.167666666666667, 11.0, 2.8343333333333334]",0.41560075127040724
1,100,"[21.0, 33.5, 28.5, 6.501, 10.001000000000001, 16.0, 31.0, 30.001, 6.0, 24.375999999999998, 21.0, 0.001]",3.271048830332775
