,weights,regret
0,"[0.30100000000000005, 2.625, 1.5791666666666668, 1.5, 0.5, 1.5, 1.75, 3.75, 1.875, 0.1885, 1.8625, 0.6885]",1.2024642906083873
