,labelled data,weights,regret
0,50,"[6.0, 0.001, 1.0, 0.001, 6.0, 6.0, 6.0, 0.001, 0.001, 6.0, 1.0, 6.0]",12.347876309053204
1,100,"[6.0, 0.001, 1.0, 0.001, 1.0, 11.0, 6.0, 5.001, 0.001, 6.0, 1.0, 6.0]",20.447883013454494
