,labelled data,weights,regret
0,50,"[0.001, 1.25, 1.0, 0.0010000000000000009, 1.0, 1.0, 0.601, 1.5, 0.8333333333333333, 2.7500000000000004, 1.0, 0.8010000000000002]",0.81976560740311
1,100,"[0.610375, 1.25, 1.25, 0.2371111111111111, 1.0, 1.0, 0.9009999999999999, 1.5, 0.5833333333333331, 3.4166666666666683, 1.0, 0.451]",0.7276320859603278
