,weights,regret
0,"[3.800000000000001, 1.2000000000000002, 2.001, 2.4000000000000012, 0.101, 2.5000000000000013, 1.0999999999999999, 2.1999999999999997, 0.001, 1.8999999999999997, 2.599999999999999, 2.400000000000001]",6.929674434383692
