,labelled data,weights,regret
0,50,"[0.001, 41.0, 41.0, 1.6676666666666664, 11.0, 1.0, 31.0, 40.001, 6.0, 40.001, 21.0, 8.000999999999998]",0.6007682361290617
1,100,"[16.000999999999998, 51.0, 51.0, 1.0010000000000012, 11.0, 21.0, 41.0, 70.001, 0.001, 100.001, 41.0, 15.000999999999998]",0.5364956570915611
