,labelled data,weights,regret
0,50,"[3.295833333333333, 1.1083333333333332, 3.5, 3.5, 0.001, 4.0009999999999994, 1.8624999999999998, 4.3125, 0.376, 1.8291666666666666, 2.5708333333333333, 0.3833333333333333]",1.189403229285044
1,100,"[5.4053571428571425, 2.0428571428571427, 4.5, 5.5, 0.501, 6.5009999999999994, 2.760119047619047, 5.3125, 0.376, 2.8125, 4.170833333333333, 1.7166666666666666]",0.9983456741875336
