,labelled data,weights,regret
0,50,"[1.02, 1.3584905660377358, 1.8333333333333348, 1.3306451612903223, 1.8500000000000008, 1.0, 2.8000000000000003, 2.5, 0.6676666666666666, 0.126, 2.0000000000000004, 2.700000000000001]",12.068592582496592
1,100,"[1.07, 1.4339622641509433, 1.916666666666668, 1.6693548387096768, 1.7500000000000007, 1.0, 2.8000000000000003, 2.5, 1.1676666666666666, 0.001, 2.0000000000000004, 1.5]",11.608070699586177
