,labelled data,weights,regret
0,50,"[6.0, 36.0, 26.0, 41.0, 6.0, 21.0, 15.001, 20.001, 36.0, 26.0, 26.0, 41.0]",402.80653057126574
1,100,"[5.001, 36.0, 36.0, 21.0, 11.0, 21.0, 20.000999999999998, 50.001000000000005, 21.0, 41.0, 26.0, 36.0]",14.107114802873394
