,labelled data,weights,regret
0,50,"[4.706882352941177, 1.0, 11.0, 7.223222222222223, 6.0, 6.0, 3.7509999999999994, 5.0009999999999994, 11.0, 25.166666666666668, 6.0, 4.001]",330.72401159987254
1,100,"[5.001, 11.0, 16.0, 14.723222222222223, 6.0, 6.0, 13.750999999999998, 17.500999999999998, 6.0, 25.166666666666668, 11.0, 0.001]",10.035977056533671
