,weights,regret
0,"[5.6291666666666655, 0.951, 1.036299046670564, 0.5009999999999999, 4.5009999999999994, 2.001, 3.958333333333334, 2.344642857142857, 0.41766666666666635, 3.7708333333333335, 2.925, 1.1343333333333332]",0.08956763642650734
