,labelled data,weights,regret
0,50,"[1.0749999999999988, 1.1415094339622656, 1.2499999999999991, 1.0040322580645162, 1.0, 1.0, 2.2000000000000006, 1.5, 0.8333333333333337, 1.125, 1.5, 0.8499999999999994]",8.782143000272328
1,100,"[1.0199999999999987, 1.1981132075471719, 1.3541666666666654, 0.9112903225806452, 1.025, 1.0, 2.2000000000000006, 1.5, 0.8333333333333337, 1.75, 1.5, 0.9499999999999993]",5.19396784546809
