,weights,regret
0,"[1.0, 1.0, 2.0, 4.0, 0.5, 0.8343333333333334, 0.101, 2.751, 3.083333333333333, 0.08433333333333337, 0.0010000000000000009, 2.001]",2.5729719590201654
