,labelled data,weights,regret
0,50,"[0.11583333333333343, 1.545, 1.138888888888889, 0.7000000000000001, 1.4000000000000004, 1.0, 1.25, 1.25, 1.374999999999999, 1.0833333333333335, 0.35250000000000037, 0.6424999999999997]",0.43791287216129404
1,100,"[0.30877777777777776, 1.5449999999999997, 1.3122222222222226, 0.40000000000000013, 1.2000000000000002, 1.4000000000000004, 1.3749999999999998, 1.5500000000000007, 1.2999999999999983, 1.3433333333333337, 0.19000000000000042, 0.7549999999999998]",0.23464340481418008
