,labelled data,weights,regret
0,50,"[0.001, 4.0, 9.0, 4.0, 3.0, 3.0, 4.0, 10.0, 3.0, 7.0, 7.0, 8.0]",24.175551712510124
1,100,"[4.0009999999999994, 7.0, 9.0, 2.0, 3.0, 3.0, 6.0, 11.0, 4.0, 8.0, 7.0, 2.0]",18.59515388051416
