,labelled data,weights,regret
0,50,"[101.0, 30.001, 151.0, 31.0, 1.0, 40.001, 61.0, 51.0, 91.0, 11.0, 91.0, 1.0]",17.52415778844225
1,100,"[111.0, 30.000999999999998, 211.0, 41.0, 0.001, 40.001, 31.0, 31.0, 81.0, 10.001, 131.0, 10.001]",16.360465289939384
