,labelled data,weights,regret
0,50,"[1.1, 1.2000000000000002, 1.2000000000000002, 1.7000000000000006, 1.0, 1.2000000000000002, 0.001, 1.6000000000000005, 0.001, 1.05, 1.1, 0.2333333333333334]",0.5361073900297937
1,100,"[1.1, 1.2000000000000002, 1.2000000000000002, 1.8000000000000007, 1.0, 1.7000000000000006, 0.101, 1.6000000000000005, 0.07600000000000001, 0.891666666666667, 1.1, 0.001]",0.135163570816322
