,labelled data,weights,regret
0,50,"[1.0885714285714285, 0.8300000000000001, 1.2611111111111115, 1.4000000000000004, 0.20000000000000015, 1.6000000000000005, 0.85, 1.2, 0.4249999999999999, 0.916904761904762, 1.5666666666666669, 1.0416666666666665]",0.006377817109227374
1,100,"[1.026071428571429, 0.8700000000000001, 1.6611111111111114, 1.4000000000000004, 0.20000000000000015, 1.6000000000000005, 0.975, 1.133333333333333, 0.47499999999999976, 0.966904761904762, 1.466666666666667, 0.8916666666666665]",0.006377817109227374
