,weights,regret
0,"[5.048619047619049, 54.66666666666666, 39.578020202020205, 50.001, 30.000999999999998, 71.0, 97.32242857142856, 97.0, 28.750999999999998, 4.655761904761903, 68.16766666666666, 0.001]",1.0542184067929876
