,labelled data,weights,regret
0,50,"[19.0, 10.001, 25.666666666666668, 11.0, 1.0, 20.000999999999998, 21.0, 22.25, 14.75, 12.501000000000001, 23.5, 9.5]",2.1062207486211473
1,100,"[24.0, 10.001000000000001, 41.66666666666667, 31.0, 0.001, 20.000999999999998, 23.5, 32.25, 17.25, 13.834333333333335, 21.0, 9.5]",0.007216620363422898
