,labelled data,weights,regret
0,50,"[5.000999999999998, 65.001, 86.0, 0.001000000000000334, 20.001, 35.001000000000005, 81.0, 86.0, 65.001, 61.0, 0.001, 25.001]",0.13740326381050544
1,100,"[15.001000000000001, 110.001, 96.0, 5.001000000000001, 35.001000000000005, 100.001, 106.0, 116.0, 50.001000000000005, 121.0, 0.001, 25.001000000000005]",0.12849341435932166
