,weights,regret
0,"[2.5, 3.5, 2.75, 6.833333333333334, 2.25, 1.001, 0.20833333333333337, 4.7509999999999994, 7.916666666666667, 1.4718333333333335, 1.501, 0.5760000000000001]",0.5183425854423125
