,labelled data,weights,regret
0,50,"[0.251, 2.3416666666666672, 2.75, 0.5009999999999999, 1.5, 2.0, 2.25, 2.666666666666667, 1.0, 2.1, 0.251, 0.101]",0.2433187500756039
1,100,"[0.0010000000000000009, 3.591666666666668, 2.9166666666666665, 1.501, 1.501, 2.5, 2.650000000000001, 4.166666666666668, 1.25, 2.0999999999999996, 0.001, 0.3843333333333335]",0.1717999568389826
