,labelled data,weights,regret
0,50,"[11.0, 16.0, 21.0, 46.0, 21.0, 10.001000000000001, 6.0, 41.0, 1.0, 11.0, 36.0, 31.0]",9.626075235852825
1,100,"[11.0, 16.0, 21.0, 46.0, 21.0, 25.001, 0.001, 41.0, 0.001, 1.0, 36.0, 31.0]",1.7949666929783072
