,weights,regret
0,"[2.0, 2.5, 2.5, 4.0, 2.0, 0.3343333333333333, 0.501, 3.001, 3.416666666666667, 0.10516666666666663, 1.5, 2.2500000000000004]",2.4115337293514103
