,labelled data,weights,regret
0,50,"[1.0, 1.0, 1.0, 0.001, 1.0, 6.0, 6.0, 1.0, 0.001, 1.0, 1.0, 1.0]",3.2813106633147844
1,100,"[1.0, 1.0, 1.0, 0.001, 1.0, 6.0, 6.0, 1.0, 0.001, 1.0, 1.0, 1.0]",7.3165638997105775
