,labelled data,weights,regret
0,50,"[10.001000000000001, 31.0, 31.0, 6.0, 6.0, 1.0, 10.001000000000001, 40.001000000000005, 16.0, 51.0, 36.0, 26.0]",10.455478796617662
1,100,"[50.001000000000005, 51.0, 41.0, 0.0010000000000012221, 6.0, 6.0, 35.001000000000005, 55.001000000000005, 11.0, 56.0, 41.0, 20.001]",12.284817359840973
