,weights,regret
0,"[1.5000000000000004, 0.8, 0.40000000000000013, 1.150000000000001, 1.0, 1.0, 2.000000000000001, 0.8500000000000003, 1.3000000000000003, 0.8833333333333334, 1.0, 1.0]",1.0834772332720304
