,weights,regret
0,"[0.30099999999999993, 2.9000000000000012, 1.3009999999999997, 1.8000000000000007, 1.1, 2.300000000000001, 1.6000000000000008, 3.0000000000000013, 1.201, 0.001, 1.900000000000001, 0.7010000000000002]",1.078930603161468
