,labelled data,weights,regret
0,50,"[5.001, 11.0, 26.0, 6.0, 11.0, 11.0, 16.0, 36.0, 11.0, 26.0, 31.0, 51.0]",73.25106604912128
1,100,"[150.001, 11.0, 26.0, 175.001, 45.001, 31.0, 11.0, 61.0, 20.001, 46.0, 36.0, 1.0]",522.4411831723679
