,labelled data,weights,regret
0,50,"[7.0, 3.5009999999999994, 11.5, 5.5, 0.5009999999999999, 6.0, 3.0, 9.0, 4.0009999999999994, 0.501, 8.5, 6.0]",0.02080672105922026
1,100,"[10.0, 3.5009999999999994, 13.0, 7.5, 0.0010000000000000009, 9.5, 5.5, 12.5, 2.001, 2.001, 11.0, 6.5]",0.8361811932642167
