,labelled data,weights,regret
0,50,"[1.2300000000000002, 1.2075471698113207, 1.5000000000000009, 1.1048387096774193, 1.0, 1.0, 2.8000000000000007, 2.5, 0.9999999999999999, 0.876, 2.0, 0.5999999999999993]",2.8209697643025167
1,100,"[1.3700000000000003, 1.3396226415094339, 1.5416666666666676, 1.2096774193548385, 1.0, 1.0, 2.8000000000000007, 2.5, 0.9999999999999999, 0.001, 2.0, 0.101]",0.1402052172983327
