,labelled data,weights,regret
0,50,"[3.75, 1.6500000000000001, 2.0, 2.0, 0.001, 3.0, 2.200999999999999, 5.0, 0.501, 2.0, 3.75, 1.4]",0.0038326422254435937
1,100,"[5.25, 0.65, 6.25, 2.0, 1.001, 4.0, 2.8009999999999997, 5.0, 0.251, 2.0, 5.5, 2.4]",0.019378062437681243
