,weights,regret
0,"[12.501, 13.334333333333333, 0.001000000000000334, 10.001, 1.0, 11.0, 8.001, 11.0, 10.001, 16.667666666666662, 10.001, 3.0009999999999994]",0.08004718591673525
