,weights,regret
0,"[2.0000000000000004, 2.0000000000000004, 1.6000000000000005, 0.3999999999999999, 1.0, 1.0, 0.8999999999999997, 2.2000000000000006, 0.6, 1.7010000000000005, 1.6, 0.7999999999999992]",1.0251503999518026
