,labelled data,weights,regret
0,50,"[0.9500000000000002, 0.6875, 1.6057692307692297, 2.0, 1.5, 0.001, 1.9375, 1.125, 1.9375, 0.6875, 1.6875, 0.3125]",9.241936900834247
1,100,"[0.9250000000000003, 0.5625, 2.0576923076923053, 2.0, 1.5, 0.001, 2.0, 1.0, 1.75, 0.125, 1.875, 0.8125]",5.679527013692777
