,weights,regret
0,"[1.6000000000000003, 1.2000000000000002, 2.1000000000000005, 2.2000000000000006, 1.1, 1.1, 0.7999999999999998, 0.10000000000000003, 0.4999999999999999, 0.7999999999999999, 1.6, 2.2]",4.654408695411588
