,weights,regret
0,"[11.0, 6.0, 16.0, 36.0, 5.9999999999999964, 26.0, 0.001, 2.501, 1.6676666666666664, 4.3759999999999994, 4.167666666666667, 36.0]",3.042061864923389
