,weights,regret
0,"[5.0, 4.5, 4.083333333333333, 10.208333333333332, 1.7093333333333334, 3.0, 1.5, 0.0010000000000000009, 0.9176666666666666, 0.751, 2.75, 11.0]",1.6493059408044537
