,labelled data,weights,regret
0,50,"[1.5, 2.0, 2.0, 3.5, 1.5, 2.5, 0.001, 3.0, 1.501, 1.001, 2.0, 0.001]",0.8691472162222641
1,100,"[2.0, 1.0, 3.0, 4.5, 2.0, 3.0, 0.001, 3.5, 0.5009999999999999, 2.501, 2.5, 0.5009999999999999]",2.697299714924192
