,labelled data,weights,regret
0,50,"[1.11, 1.0566037735849056, 1.4166666666666674, 1.2338709677419353, 1.0, 1.0, 3.000000000000001, 2.5, 1.1666666666666665, 0.376, 2.0, 1.3999999999999995]",12.518926594074637
1,100,"[1.1500000000000001, 1.0377358490566038, 1.5000000000000009, 1.354838709677419, 0.8499999999999999, 1.0, 3.000000000000001, 2.5, 1.1666666666666665, 0.001, 2.0, 0.5999999999999993]",9.074238401395094
