,labelled data,weights,regret
0,50,"[0.4403939393939394, 4.0, 3.0, 0.43343243243243246, 1.5, 1.5, 2.5, 2.0, 0.9176666666666666, 3.916666666666667, 2.0, 1.201]",6.90542905697657
1,100,"[0.8954444444444445, 5.5, 5.0, 0.7215882352941176, 1.5, 1.5, 3.0, 3.5, 0.001, 5.416666666666667, 2.0, 2.867666666666667]",9.202393743402974
