,labelled data,weights,regret
0,50,"[1.8454444444444449, 0.001, 3.001, 2.001, 1.0, 2.001, 0.001, 2.751, 3.0, 1.001, 6.367666666666666, 1.6676666666666666]",0.4820000346071331
1,100,"[4.745444444444445, 1.6676666666666669, 5.201, 6.0009999999999994, 0.001, 7.0009999999999994, 4.217666666666667, 6.7509999999999994, 0.501, 3.6426666666666674, 6.567666666666666, 1.0771904761904763]",0.6037875412920556
