,labelled data,weights,regret
0,50,"[0.251, 6.699999999999999, 4.0, 0.001, 2.001, 6.0, 6.016666666666667, 8.001, 2.001, 7.4176666666666655, 0.16766666666666666, 1.101]",0.11760144756037665
1,100,"[0.16766666666666663, 8.683333333333332, 5.5, 1.001, 2.0009999999999994, 12.0, 9.016666666666666, 13.834333333333333, 3.001, 8.001, 0.001, 0.001]",0.16738904846144625
