,weights,regret
0,"[0.9650000000000002, 1.1499999999999997, 1.0788461538461536, 1.3000000000000003, 1.2000000000000002, 0.6000000000000001, 0.9000000000000002, 1.3124999999999991, 1.075, 1.1749999999999996, 0.7375000000000005, 0.8750000000000003]",1.0830916263674415
