,labelled data,weights,regret
0,50,"[9.0, 5.0009999999999994, 20.0, 12.0, 0.001, 11.001, 5.001000000000001, 16.0, 4.001, 4.0009999999999994, 15.0, 7.0]",0.41527516107832874
1,100,"[15.0, 7.0009999999999994, 19.0, 16.0, 0.001, 19.000999999999998, 10.001000000000001, 27.0, 1.0010000000000003, 5.0009999999999994, 23.0, 8.0]",0.8377276898746311
