,weights,regret
0,"[2.501, 1.001, 1.126, 7.5, 2.5, 2.0, 4.601, 2.751, 8.416666666666668, 5.208333333333333, 3.5, 6.95]",1.0188795716020913
