,labelled data,weights,regret
0,50,"[1.2, 1.2, 1.7000000000000006, 2.0000000000000004, 1.0, 1.0, 2.0000000000000004, 1.2, 0.9999999999999997, 0.401, 1.6, 1.3999999999999997]",6.111317824881426
1,100,"[1.5000000000000002, 1.4000000000000001, 2.200000000000001, 1.4000000000000001, 1.0, 1.1, 2.2000000000000006, 1.7000000000000004, 0.3999999999999998, 0.801, 1.8000000000000003, 0.6999999999999995]",0.14665299160465745
