,labelled data,weights,regret
0,50,"[7.501, 11.0, 11.0, 7.648058823529412, 13.334333333333333, 11.0, 20.001, 20.000999999999998, 9.333333333333334, 42.66666666666666, 14.333333333333332, 3.0]",0.5992180139736101
1,100,"[9.376000000000001, 21.0, 21.0, 5.295117647058817, 13.334333333333333, 11.0, 25.001, 20.000999999999998, 11.0, 59.3333333333333, 14.333333333333332, 11.001]",0.5081911596220038
