,labelled data,weights,regret
0,50,"[0.001, 6.483333333333333, 4.0009999999999994, 0.001, 4.0009999999999994, 6.0, 3.5, 7.0, 5.517666666666667, 7.5009999999999994, 0.19147619047619047, 0.001]",0.18157454548539856
1,100,"[0.6367142857142858, 8.31666666666667, 8.001, 0.001, 7.0009999999999994, 10.0, 7.766666666666667, 11.5, 2.501, 9.000999999999998, 0.9890952380952376, 0.001]",0.11642275108815779
