,labelled data,weights,regret
0,50,"[0.001, 48.33433333333333, 41.0, 20.000999999999998, 20.000999999999998, 51.0, 42.285714285714285, 47.501, 25.001, 41.501, 0.001, 0.001]",0.21739439257535423
1,100,"[2.612111111111112, 90.83433333333333, 51.0, 0.001, 60.001000000000005, 71.0, 83.95238095238095, 107.501, 23.751000000000005, 64.83433333333333, 4.6438571428571445, 11.191476190476187]",0.1750383495988633
