,weights,regret
0,"[0.40000000000000013, 1.7000000000000006, 1.4000000000000004, 1.1000000000000003, 1.0, 1.1, 0.401, 1.5000000000000004, 1.001, 1.7000000000000004, 1.0, 1.5010000000000003]",0.7794110350632222
