,labelled data,weights,regret
0,50,"[2.0, 4.5, 3.0, 1.5, 1.0, 1.5, 2.0, 5.5, 0.5, 4.5, 4.0, 2.5]",20.522961786070624
1,100,"[1.501, 7.5, 4.5, 0.001, 1.5, 1.5, 4.5, 6.5, 1.001, 10.0, 4.0, 3.0]",8.0394444278246
