,labelled data,weights,regret
0,50,"[4.249737373737374, 5.166666666666666, 9.853941176470588, 0.001, 16.0, 10.001000000000001, 12.042666666666666, 9.376, 2.9176666666666664, 13.001, 0.8343333333333333, 0.001]",0.22266483759450537
1,100,"[5.167666666666666, 15.416666666666666, 16.99679831932773, 15.001000000000001, 1.0, 15.001000000000001, 7.0426666666666655, 27.375999999999998, 15.417666666666666, 5.584333333333333, 17.584333333333333, 0.001]",10.315692324098961
