,labelled data,weights,regret
0,50,"[5.0, 3.0, 9.0, 7.0, 4.0, 4.0, 8.0, 0.001, 2.0, 2.0, 7.0, 12.0]",7.114987334441727
1,100,"[4.0, 7.0, 11.0, 4.0, 4.0, 4.0, 8.0, 1.001, 3.0, 4.0, 7.0, 12.0]",2.9138939219977873
