,labelled data,weights,regret
0,50,"[26.0, 16.0, 36.0, 21.0, 1.0, 11.0, 56.0, 0.001, 0.001, 10.001000000000001, 41.0, 51.0]",2.582548825753521
1,100,"[16.0, 36.0, 51.0, 5.001000000000001, 1.0, 11.0, 61.0, 20.000999999999998, 10.001000000000001, 15.001000000000001, 41.0, 51.0]",2.338566134004587
