,weights,regret
0,"[3.0, 2.5, 0.001, 5.708333333333333, 1.5, 2.0, 1.5, 6.2509999999999994, 0.7509999999999999, 7.499999999999999, 2.0, 1.5843333333333331]",0.06340939918735031
