,weights,regret
0,"[9.474684210526313, 36.0, 21.0, 7.858142857142856, 11.0, 11.0, 14.000999999999998, 25.001, 12.666666666666668, 51.00000000000001, 14.333333333333332, 14.001]",0.8163833919377044
