,weights,regret
0,"[0.9250000000000013, 0.625, 2.259615384615384, 1.5, 2.0, 0.001, 1.5625, 2.6875, 2.5625, 0.9375, 0.376, 1.1875]",1.7639724508082335
