,weights,regret
0,"[0.6176666666666666, 3.75, 5.083333333333333, 0.43433333333333346, 1.0, 2.0, 3.25, 6.5009999999999994, 0.41766666666666663, 6.0, 1.5, 0.31766666666666665]",3.511913221692008
