,labelled data,weights,regret
0,50,"[1.001, 1.501, 1.001, 3.501, 1.0, 1.0, 0.001, 2.0, 1.3343333333333336, 1.964285714285714, 1.001, 0.30100000000000016]",0.9457749430033838
1,100,"[1.001, 1.001, 1.501, 3.7509999999999994, 1.0, 2.0, 0.001, 2.0, 1.1676666666666669, 2.2499999999999996, 1.6676666666666669, 1.0010000000000001]",0.9396016413390804
