,weights,regret
0,"[0.851, 1.6249999999999984, 2.6000000000000014, 1.5, 0.5009999999999999, 2.0, 2.75, 3.625, 0.625, 3.0, 0.8135, 0.875]",1.1946443742171184
