,weights,regret
0,"[25.001, 15.001000000000001, 20.001, 10.001000000000001, 11.0, 21.0, 5.001, 36.0, 14.167666666666669, 21.667666666666666, 10.001000000000001, 7.001]",1.510969360292734
