,weights,regret
0,"[1.9000000000000001, 0.6, 3.0, 1.2000000000000002, 1.5000000000000004, 0.8, 1.6, 1.4999999999999998, 2.3000000000000003, 1.7000000000000002, 1.0999999999999996, 0.7999999999999998]",1.2457317484092931
