,labelled data,weights,regret
0,50,"[1.0, 2.0, 2.0, 1.0, 1.0, 1.0, 3.5, 1.5, 0.4176666666666667, 0.33333333333333326, 1.5, 1.0]",0.112353117975744
1,100,"[1.5, 1.5, 2.5, 1.0, 1.0, 1.0, 3.5, 2.0, 0.41766666666666663, 0.8333333333333333, 1.5, 0.75]",0.510038942777832
