,labelled data,weights,regret
0,50,"[0.001, 16.250999999999998, 16.333333333333332, 6.0, 1.0, 0.001, 6.625, 16.625, 9.125, 9.25, 0.626, 3.126]",2.756673484498046
1,100,"[2.5009999999999994, 16.500999999999998, 25.0, 1.0, 5.001, 10.001000000000001, 12.875, 24.75, 8.5, 14.25, 0.001, 3.1259999999999994]",0.1365301681040368
