,labelled data,weights,regret
0,50,"[1.4, 0.126, 2.9423076923076925, 2.0, 3.0, 0.001, 2.125, 1.0, 1.25, 0.001, 2.875, 2.75]",24.79999220224132
1,100,"[1.1500000000000001, 0.126, 4.461538461538461, 2.0, 3.0, 0.001, 3.0, 1.25, 2.75, 2.501, 3.25, 2.5]",40.94518650195569
