,labelled data,weights,regret
0,50,"[1.5000000000000009, 2.509433962264152, 3.500000000000001, 1.2822580645161286, 2.5, 1.0, 7.0, 3.5, 0.8343333333333333, 6.8759999999999994, 3.5, 2.0]",5.2919905991379235
1,100,"[1.4500000000000004, 3.6415094339622667, 5.375, 1.3629032258064508, 2.5, 1.0, 7.0, 3.5, 1.6676666666666664, 8.126, 3.5, 5.5]",11.055024184189616
