,weights,regret
0,"[1.9, 0.251, 1.5192307692307698, 2.0, 1.5, 0.001, 2.0625, 1.3125, 2.9375, 1.5625, 2.1875, 1.8125]",1.0654348447268547
