,labelled data,weights,regret
0,50,"[3.120833333333333, 1.0416666666666667, 3.0, 1.501, 0.001, 3.5, 2.408333333333333, 2.6759999999999997, 0.001, 1.1541666666666668, 3.583333333333333, 0.6000000000000001]",0.4127299861945449
1,100,"[3.475, 0.7093333333333335, 3.5999999999999996, 4.5009999999999994, 0.501, 5.5, 2.749999999999999, 3.176, 0.251, 2.0218333333333334, 5.183333333333333, 2.0166666666666666]",0.41427121363500535
