,weights,regret
0,"[1.319999999999997, 1.1886792452830208, 0.9791666666666665, 1.169354838709678, 1.0, 1.0, 2.0000000000000004, 1.5, 1.0000000000000004, 0.6875, 1.5, 0.3999999999999992]",0.6885445997323608
