,weights,regret
0,"[4.1000000000000005, 1.7009999999999994, 3.2010000000000014, 0.20100000000000004, 2.6000000000000014, 1.2000000000000002, 4.7, 0.9010000000000007, 1.7999999999999996, 1.8000000000000003, 2.4, 2.3000000000000003]",0.3087620510415961
