,weights,regret
0,"[10.001000000000001, 11.0, 11.0, 11.0, 11.0, 11.0, 1.0, 20.001, 14.333333333333332, 27.666666666666668, 15.999999999999998, 25.0]",1.0648705769834304
