,weights,regret
0,"[14.465285714285713, 76.16766666666666, 30.66666666666667, 30.000999999999998, 50.001, 141.0, 26.69047619047619, 121.83333333333334, 50.83433333333332, 118.33333333333333, 3.334333333333333, 14.166666666666657]",1.10429172302224
