,labelled data,weights,regret
0,50,"[0.9, 0.9, 1.2000000000000002, 0.7999999999999998, 1.0, 1.0, 0.9799999999999999, 1.4000000000000004, 0.5666666666666667, 1.5166666666666673, 1.0, 0.7333333333333333]",12.692628192379566
1,100,"[0.9, 0.9, 1.2000000000000002, 0.8166666666666664, 1.0, 1.0, 1.0799999999999998, 1.4000000000000004, 0.5666666666666667, 1.5166666666666673, 1.0, 0.7333333333333333]",12.726614654794956
