,labelled data,weights,regret
0,50,"[1.5, 1.75, 1.5, 1.5, 1.0, 1.0, 1.2, 1.5, 1.0833333333333337, 2.1666666666666665, 1.5, 0.8499999999999995]",46.32904970279779
1,100,"[1.5, 2.0, 1.5, 1.5, 1.0, 1.0, 1.3, 1.5, 0.9166666666666671, 1.9999999999999998, 1.5, 0.8499999999999995]",46.3290429113957
