,weights,regret
0,"[0.001, 2.5000000000000004, 2.5999999999999996, 0.10000000000000014, 2.200000000000001, 3.500000000000002, 2.700000000000001, 2.2, 0.9000000000000004, 3.5000000000000013, 0.001, 0.9999999999999983]",0.06220467985027799
