,labelled data,weights,regret
0,50,"[16.0, 11.0, 21.0, 46.0, 25.001, 16.0, 5.001000000000001, 46.0, 0.001, 15.001000000000001, 36.0, 6.0]",2.630341299547749
1,100,"[16.0, 6.0, 26.0, 51.0, 25.001, 31.0, 0.001, 46.0, 5.001000000000001, 25.001, 36.0, 0.001]",2.1413408661611153
