,labelled data,weights,regret
0,50,"[1.1, 1.1, 1.5000000000000004, 1.2000000000000002, 1.0, 1.0, 1.7000000000000006, 1.05, 0.5000000000000001, 0.16547619047619058, 1.1, 1.0666666666666667]",0.6250858047007682
1,100,"[1.3000000000000003, 1.3000000000000003, 1.7000000000000006, 0.65, 1.0, 1.0, 1.7000000000000006, 0.7500000000000001, 0.30000000000000016, 0.6488095238095238, 1.1, 1.2333333333333332]",3.6869750921970996
