,labelled data,weights,regret
0,50,"[11.0, 11.0, 11.0, 20.999999999999996, 9.0, 11.0, 4.001, 10.001000000000001, 4.333333333333336, 11.0, 12.666666666666666, 8.0]",1.0789730257119716
1,100,"[11.0, 11.0, 11.0, 27.66666666666666, 9.0, 11.0, 2.0010000000000003, 10.001000000000001, 8.334333333333333, 2.501, 14.333333333333332, 10.0]",0.2240655836881894
