,weights,regret
0,"[1.1, 1.1, 1.5000000000000004, 2.6000000000000014, 0.25333333333333347, 1.3000000000000003, 0.38333333333333347, 0.2000000000000001, 0.16766666666666669, 0.3383333333333335, 0.6500000000000004, 2.300000000000001]",3.4507926639714404
