,weights,regret
0,"[1.011, 1.0150943396226422, 1.0041666666666667, 1.0137096774193544, 1.0, 1.0, 1.1800000000000002, 1.1, 1.0166666666666668, 1.0, 1.1, 1.1]",34.47183913540545
