,labelled data,weights,regret
0,50,"[11.0, 11.0, 11.0, 14.333333333333332, 11.0, 11.0, 8.001000000000001, 10.001000000000001, 11.0, 17.666666666666664, 11.0, 3.0]",276.4217306134713
1,100,"[11.0, 11.0, 11.0, 7.666666666666667, 11.0, 11.0, 6.001000000000001, 10.001000000000001, 11.0, 24.333333333333336, 11.0, 9.001000000000001]",63.130310492709924
