,labelled data,weights,regret
0,50,"[10.001000000000001, 21.0, 21.0, 0.001, 6.0, 11.0, 30.001, 31.0, 5.0009999999999994, 20.001, 16.0, 15.001000000000001]",11.401793379212775
1,100,"[0.001, 51.0, 36.0, 0.001, 11.0, 11.0, 45.001000000000005, 36.0, 5.0009999999999994, 55.001000000000005, 16.0, 10.001000000000001]",0.8822004927532243
