,weights,regret
0,"[0.9, 1.2000000000000002, 1.1, 0.6833333333333331, 1.0, 1.0, 1.2400000000000002, 1.6000000000000005, 0.3500000000000001, 1.8750000000000007, 1.1, 0.7]",26.19521573712288
