,weights,regret
0,"[1.3000000000000003, 0.15000000000000013, 0.30000000000000016, 0.8000000000000003, 1.0, 1.0, 0.9000000000000002, 0.25000000000000017, 2.7000000000000015, 0.9071428571428574, 1.0, 0.41666666666666674]",0.2498057420614969
