,weights,regret
0,"[0.001, 3.0000000000000013, 3.1, 0.30000000000000016, 1.9000000000000008, 1.8000000000000007, 2.900000000000001, 2.200000000000001, 2.5, 1.3999999999999995, 0.10100000000000003, 2.3]",0.4384555383255177
