,labelled data,weights,regret
0,50,"[2.1676666666666664, 5.0009999999999994, 4.0009999999999994, 0.3343333333333333, 2.001, 2.0, 1.751, 5.0009999999999994, 0.2509999999999999, 5.0, 3.001, 0.8009999999999999]",1.3557810477736414
1,100,"[1.0287777777777776, 7.0009999999999994, 7.0009999999999994, 0.30100000000000005, 3.001, 2.0, 3.751, 5.0009999999999994, 1.751, 7.0, 4.0009999999999994, 2.601]",1.4389343430681574
