,weights,regret
0,"[0.8009999999999999, 1.600000000000001, 2.0010000000000003, 1.4000000000000004, 1.7000000000000006, 0.001, 0.09999999999999995, 1.6000000000000008, 1.9000000000000001, 1.4000000000000004, 1.0010000000000006, 0.001]",0.5330947775777382
