,labelled data,weights,regret
0,50,"[2.5, 2.0, 5.0, 3.5, 1.0, 1.0, 5.5, 0.5, 0.5, 1.501, 4.0, 7.0]",2.136088613056384
1,100,"[1.5, 5.5, 6.5, 1.5, 1.0, 1.0, 5.0, 1.001, 0.001, 2.501, 4.0, 7.0]",2.2127169403725255
