,labelled data,weights,regret
0,50,"[10.001, 10.001, 11.0, 9.201, 10.001, 11.0, 26.0, 31.0, 6.667666666666666, 11.0, 21.0, 11.5]",2.8596441527632943
1,100,"[30.000999999999998, 20.000999999999998, 31.0, 29.201, 10.001, 21.0, 6.667666666666666, 31.0, 11.667666666666666, 11.833333333333332, 31.0, 6.001]",0.7731264576058747
