,weights,regret
0,"[1.0269999999999992, 1.0150943396226422, 0.9958333333333333, 1.0717741935483827, 1.0, 1.0, 1.12, 1.1, 1.0666666666666667, 1.0, 1.1, 1.09]",14.932785749452155
