,labelled data,weights,regret
0,50,"[10.756952380952383, 28.251000000000005, 26.0, 26.0, 0.0010000000000012221, 36.0, 30.001, 26.251, 7.500999999999998, 4.167666666666667, 43.29166666666667, 0.001]",0.3678289443791919
1,100,"[7.006952380952383, 39.001000000000005, 52.666666666666664, 21.0, 20.001, 46.0, 58.751000000000005, 41.251000000000005, 23.358142857142855, 5.006952380952381, 69.25595238095238, 0.7509999999999994]",0.9053133029968092
