,labelled data,weights,regret
0,50,"[4.75, 0.001, 1.0, 11.0, 0.001, 1.0, 2.501, 11.0, 0.001, 4.75, 1.0, 1.0]",10.894079541182396
1,100,"[4.75, 0.001, 1.0, 11.0, 0.001, 1.0, 2.501, 11.0, 0.001, 4.75, 1.0, 1.0]",14.709091777347734
