,labelled data,weights,regret
0,50,"[31.0, 25.001, 76.0, 0.001, 0.001000000000000334, 21.0, 46.0, 51.0, 11.0, 51.0, 0.001, 26.0]",6.854020754504459
1,100,"[26.0, 35.001000000000005, 76.0, 5.001, 5.001, 26.0, 51.0, 51.0, 40.001000000000005, 51.0, 0.001, 16.0]",3.015189792273106
