,weights,regret
0,"[3.8333333333333335, 4.25, 2.5, 1.0706428571428572, 2.0, 2.5, 1.0843333333333334, 4.5, 0.16766666666666669, 4.925, 2.0, 0.9843333333333333]",0.7200508879867809
