,weights,regret
0,"[0.9699999999999998, 1.0471698113207553, 1.2499999999999993, 0.8548387096774195, 1.025, 1.0, 1.7000000000000006, 1.0, 0.4166666666666664, 1.6875, 1.0, 0.34999999999999976]",21.521880338925623
