,weights,regret
0,"[0.9999999999999999, 0.7999999999999999, 1.1, 2.0000000000000004, 1.1, 1.0, 0.9999999999999997, 0.8, 1.9000000000000004, 2.1, 1.6, 2.3000000000000003]",1.0063352204369835
