,labelled data,weights,regret
0,50,"[1.0349999999999995, 1.047169811320755, 1.1041666666666663, 1.0403225806451621, 1.0, 1.0, 2.0000000000000004, 1.5, 1.0000000000000004, 1.0, 1.5, 1.3499999999999999]",16.850485130155107
1,100,"[1.0449999999999993, 1.047169811320755, 1.1041666666666663, 1.0483870967741946, 1.0, 1.0, 2.0000000000000004, 1.5, 1.0000000000000004, 1.125, 1.5, 1.2499999999999998]",12.694250865214261
