,weights,regret
0,"[1.2010000000000003, 2.0, 2.5, 0.9, 1.4000000000000004, 1.8000000000000007, 1.8000000000000003, 3.6000000000000014, 1.1, 1.3009999999999997, 1.4000000000000017, 0.19999999999999993]",0.5064424248635793
