,labelled data,weights,regret
0,50,"[0.6916666666666674, 1.44, 1.6944444444444449, 0.7000000000000001, 1.1, 1.3000000000000003, 1.3999999999999997, 1.5333333333333337, 1.0666666666666669, 1.4628571428571429, 0.3125000000000002, 0.5499999999999998]",0.2187381923554834
1,100,"[0.49166666666666736, 1.8099999999999994, 1.6611111111111116, 0.40000000000000013, 0.9, 1.6000000000000005, 1.4499999999999993, 2.033333333333334, 0.7333333333333338, 1.5342857142857145, 0.1135, 0.24999999999999972]",0.13926483298678044
