,labelled data,weights,regret
0,50,"[7.501, 51.0, 41.0, 0.001, 11.0, 0.001, 26.0, 50.001, 7.501, 50.001, 11.0, 3.3343333333333316]",0.8118043844313985
1,100,"[0.001, 91.0, 71.0, 1.6676666666666664, 11.0, 20.000999999999998, 66.0, 80.001, 12.501000000000001, 80.001, 31.0, 25.000999999999998]",1.202586509517317
