,labelled data,weights,regret
0,50,"[1.5000000000000002, 1.7547169811320753, 1.833333333333333, 1.9677419354838703, 1.5, 3.0, 15.0, 11.0, 6.000000000000002, 1.0, 11.0, 10.0]",59.60859826586016
1,100,"[1.4000000000000004, 1.7547169811320753, 2.2499999999999996, 2.209677419354838, 1.5, 3.0, 15.0, 11.0, 6.000000000000002, 1.0, 11.0, 10.0]",59.60859826586016
