,weights,regret
0,"[0.001, 44.084333333333326, 26.0, 5.001000000000001, 25.001, 55.001000000000005, 21.500999999999998, 60.58333333333333, 2.5009999999999994, 44.75, 0.001000000000000334, 0.001]",0.0829712913348025
