,labelled data,weights,regret
0,50,"[1.0250000000000004, 1.0625, 1.7884615384615383, 1.5, 0.001, 2.0, 2.375, 1.9375, 0.9375, 1.75, 1.0625, 0.0635]",8.840088272394283
1,100,"[0.40000000000000036, 1.5625, 2.4038461538461537, 0.001, 1.001, 2.0, 3.25, 2.25, 1.125, 2.0625, 0.001, 0.501]",0.5143499787672553
