,labelled data,weights,regret
0,50,"[0.5524999999999998, 1.5583333333333336, 1.0, 0.30000000000000016, 1.2000000000000002, 2.000000000000001, 1.5500000000000005, 1.7666666666666673, 0.5333333333333334, 1.975000000000001, 0.023380952380952384, 0.12599999999999997]",0.15082218351137827
1,100,"[0.3205952380952378, 2.2100000000000004, 1.05, 0.30000000000000016, 1.0, 2.5000000000000013, 1.8500000000000008, 2.416666666666668, 0.5166666666666668, 1.8500000000000008, 0.001, 0.034333333333333334]",0.1315726185549231
