,weights,regret
0,"[1.824999999999999, 0.625, 1.1346153846153844, 1.5, 2.0, 0.001, 2.5625, 1.001, 2.0625, 1.9375, 2.125, 1.6875]",1.0163334404663555
