,labelled data,weights,regret
0,50,"[11.0, 20.000999999999998, 21.0, 36.0, 11.0, 20.000999999999998, 10.001, 40.001, 0.001, 20.000999999999998, 21.0, 20.001]",4.911984344778533
1,100,"[21.0, 20.000999999999998, 21.0, 56.0, 0.001, 40.001, 0.001, 40.001, 10.001000000000001, 35.83433333333333, 21.0, 11.667666666666666]",0.6748178543071384
