,weights,regret
0,"[0.5010000000000001, 2.1000000000000005, 2.5000000000000013, 1.1999999999999995, 1.1, 1.1, 0.101, 1.8000000000000005, 1.1999999999999997, 2.3000000000000007, 1.7000000000000002, 1.9]",0.49574192681879575
