,weights,regret
0,"[1.078380952380952, 3.0605238095238088, 3.6875, 7.5, 9.501, 0.5009999999999999, 1.6504047619047615, 4.291666666666666, 6.25, 1.8750000000000002, 0.8885000000000001, 0.15933333333333335]",0.15554541270284286
