,weights,regret
0,"[0.4560144300144301, 3.9000000000000004, 1.497153846153846, 0.001, 3.5, 2.001, 3.708333333333333, 3.416666666666667, 2.333333333333333, 1.833333333333334, 1.7230238095238097, 0.001]",1.0331508933069349
