,weights,regret
0,"[6.5, 5.0, 4.583333333333333, 10.208333333333332, 1.7775151515151517, 2.5, 0.001, 0.251, 1.7500000000000004, 0.976, 2.25, 12.75]",2.901520155381228
