,labelled data,weights,regret
0,50,"[11.0, 31.0, 61.0, 30.001, 180.001, 11.0, 61.0, 50.001, 21.0, 31.0, 71.0, 101.0]",86.67699143633972
1,100,"[11.0, 31.0, 71.0, 30.001, 180.001, 21.0, 51.0, 60.001, 11.0, 51.0, 71.0, 101.0]",77.73636912029949
