,labelled data,weights,regret
0,50,"[4.0009999999999994, 4.5009999999999994, 4.5, 1.501, 3.501, 7.0, 6.5009999999999994, 2.0, 1.001, 3.001, 8.5, 1.501]",1.072314729926404
1,100,"[1.001, 8.001, 10.0, 4.0009999999999994, 2.5009999999999994, 10.0, 5.5009999999999994, 2.5, 0.001, 0.5009999999999999, 16.0, 1.5009999999999994]",0.0729094355615276
