,weights,regret
0,"[0.001, 3.5, 4.666666666666667, 2.1833333333333327, 2.5, 2.0, 0.001, 3.5009999999999994, 4.75, 8.0, 3.501, 8.5]",0.8817708079893757
