,labelled data,weights,regret
0,50,"[5.001, 5.001, 2.501, 1.2510000000000003, 1.0, 1.0, 4.0009999999999994, 6.0, 4.167666666666667, 10.001, 5.001, 3.0010000000000003]",42.93833525550984
1,100,"[1.6676666666666673, 6.667666666666667, 5.0009999999999994, 1.0010000000000003, 1.0, 1.0, 6.0009999999999994, 6.0, 3.3343333333333343, 10.001, 5.001, 4.501]",13.542985905218995
