,labelled data,weights,regret
0,50,"[0.001, 1.9000000000000001, 2.9000000000000004, 0.5000000000000001, 0.9, 2.5000000000000013, 2.6000000000000005, 3.300000000000001, 1.3000000000000003, 2.1999999999999997, 0.001, 0.5]",0.11733939446026628
1,100,"[0.30100000000000005, 2.8000000000000007, 2.9000000000000004, 0.40000000000000013, 1.2000000000000002, 3.500000000000002, 2.8000000000000007, 3.9000000000000017, 1.0000000000000004, 3.2000000000000006, 0.001, 0.801]",0.13931915204374695
