,labelled data,weights,regret
0,50,"[11.0, 11.0, 11.0, 17.666666666666664, 11.0, 11.0, 7.5009999999999994, 10.001, 7.666666666666668, 17.666666666666668, 14.333333333333332, 0.001]",335.98038057365545
1,100,"[6.0, 11.0, 16.0, 0.001, 16.0, 11.0, 12.501, 10.001, 7.666666666666668, 47.66666666666664, 19.333333333333332, 4.0009999999999994]",1.636104456740999
