,weights,regret
0,"[11.0, 11.0, 11.0, 11.0, 5.001, 11.0, 13.5, 10.001000000000001, 14.333333333333332, 16.0, 9.333333333333334, 11.0]",6.715797100464695
