,labelled data,weights,regret
0,50,"[1.04, 1.1132075471698113, 1.0833333333333335, 1.0806451612903225, 1.0, 1.0, 2.8000000000000007, 2.0, 1.1666666666666665, 0.75, 2.0, 2.0]",20.595195827007895
1,100,"[1.02, 1.1132075471698113, 1.1250000000000002, 1.0887096774193548, 1.0, 1.0, 2.8000000000000007, 2.0, 1.1666666666666665, 0.75, 2.0, 2.0]",20.595195827007895
