,labelled data,weights,regret
0,50,"[2.8690476190476186, 1.126, 3.8333333333333335, 3.001, 1.0, 3.501, 3.5249999999999995, 2.5426666666666664, 0.3759999999999999, 1.1492142857142857, 4.25, 1.5]",0.4127299861945449
1,100,"[4.894047619047618, 0.851, 5.833333333333334, 5.0009999999999994, 1.001, 5.5009999999999994, 4.899999999999999, 5.542666666666666, 0.376, 2.1759999999999997, 5.208333333333333, 2.083333333333333]",0.01575807417348399
