,labelled data,weights,regret
0,50,"[1.2000000000000002, 1.3676666666666664, 4.333333333333334, 0.001, 3.0, 2.0, 2.5, 1.5, 1.875, 0.001, 2.8500000000000005, 2.0]",0.5688793576265249
1,100,"[1.3000000000000007, 1.5105238095238094, 5.066666666666666, 0.001, 3.0, 2.0, 2.375, 1.0, 1.375, 0.001, 3.45, 1.0]",0.5688793576265249
