,labelled data,weights,regret
0,50,"[0.001, 61.0, 51.0, 0.27686206896551724, 11.0, 11.0, 51.0, 45.001000000000005, 10.166666666666664, 50.001000000000005, 21.0, 14.333333333333332]",0.5335372869470263
1,100,"[0.001, 131.0, 91.0, 0.001, 31.0, 21.0, 36.0, 65.001, 10.166666666666664, 120.001, 41.0, 28.000999999999998]",0.5158382150602054
