,labelled data,weights,regret
0,50,"[11.0, 11.0, 11.0, 4.333333333333334, 11.0, 11.0, 23.5, 15.001000000000001, 9.333333333333334, 8.5, 14.333333333333332, 10.0]",0.6963739479070487
1,100,"[11.0, 16.0, 11.0, 14.333333333333332, 11.0, 11.0, 21.0, 15.001000000000001, 9.333333333333334, 11.0, 14.333333333333332, 7.0]",0.8294084914157276
