,labelled data,weights,regret
0,50,"[1.5, 1.0, 1.0, 1.5, 1.5, 1.5, 2.0, 2.5, 0.751, 1.5, 1.5, 0.001]",0.894831394012831
1,100,"[1.5, 1.5, 1.5, 1.25, 1.5, 1.5, 2.5, 2.5, 1.0843333333333331, 2.125, 1.5, 1.001]",0.06495355192249883
