,weights,regret
0,"[3.751, 96.3343333333333, 71.0, 20.000999999999998, 70.001, 101.0, 27.666666666666664, 74.33333333333334, 35.99999999999999, 107.83333333333333, 6.001, 6.834333333333333]",0.16438259240673705
