,labelled data,weights,regret
0,50,"[21.0, 11.0, 6.0, 23.666666666666664, 11.0, 21.0, 0.001, 30.001, 1.6676666666666664, 19.375, 15.166666666666668, 8.501]",1.6063660609772272
1,100,"[21.0, 11.0, 26.0, 36.166666666666664, 11.0, 36.0, 7.5009999999999994, 55.001000000000005, 5.001, 21.42957142857143, 35.16666666666667, 4.084333333333333]",0.5998127382247257
