,labelled data,weights,regret
0,50,"[0.001, 6.4890952380952385, 3.666666666666667, 1.0, 1.001, 6.0009999999999994, 3.625, 6.7926666666666655, 2.0, 6.833333333333333, 0.06171428571428578, 1.7748095238095236]",0.11753981367239004
1,100,"[0.001, 11.38909523809524, 7.0, 0.001, 5.0009999999999994, 14.001, 8.825, 11.792666666666666, 1.125, 13.25, 0.001, 0.001]",0.19780742268672763
