,weights,regret
0,"[1.0, 1.0, 2.0, 3.5, 2.0, 0.3343333333333333, 0.501, 3.751, 3.083333333333333, 0.8343333333333333, 0.001, 1.7083333333333337]",3.019072387788688
