,labelled data,weights,regret
0,50,"[46.0, 25.001, 50.001000000000005, 31.0, 0.001, 50.001000000000005, 30.001000000000005, 45.001000000000005, 0.0010000000000012221, 15.001000000000001, 55.001000000000005, 25.000999999999998]",1.4731662620910533
1,100,"[21.0, 25.001, 85.001, 46.0, 10.001000000000001, 85.001, 20.001000000000005, 90.001, 5.001, 5.001, 75.001, 40.001]",0.007444022356060521
