,labelled data,weights,regret
0,50,"[0.001, 80.001, 91.0, 60.001, 20.000999999999998, 101.0, 80.001, 50.001000000000005, 50.001, 0.001, 161.0, 10.001000000000001]",0.5731734456997837
1,100,"[10.001000000000001, 90.001, 151.0, 80.001, 30.000999999999998, 181.0, 100.001, 90.001, 0.001, 0.0010000000000012221, 231.0, 50.001000000000005]",0.13592544954655966
