,weights,regret
0,"[0.001, 75.83433333333332, 67.42000011752953, 0.001, 41.0, 50.001000000000005, 52.667666666666676, 81.25099999999999, 32.07242857142857, 76.83333333333333, 1.251, 3.3343333333333334]",0.12728686530782968
