,labelled data,weights,regret
0,50,"[2.875, 0.001, 1.0, 6.0, 0.001, 1.0, 0.001, 6.0, 1.251, 2.875, 1.0, 1.0]",14.647782153358403
1,100,"[2.875, 0.001, 1.0, 6.0, 0.001, 1.0, 0.001, 6.0, 1.251, 2.875, 1.0, 1.0]",14.647782153358403
