,labelled data,weights,regret
0,50,"[0.40000000000000013, 1.2000000000000002, 1.3000000000000003, 0.5833333333333331, 1.0, 1.0, 1.1, 1.8000000000000007, 0.15000000000000013, 1.5500000000000005, 1.0, 0.6509999999999999]",8.706120615357603
1,100,"[0.42099999999999993, 1.5000000000000004, 1.4000000000000004, 0.19752525252525227, 1.0, 1.0, 1.0, 1.8000000000000007, 0.051000000000000004, 2.250000000000001, 1.0, 0.4009999999999998]",3.2048634731671064
