,weights,regret
0,"[2.2, 0.9999999999999999, 2.5, 1.7000000000000006, 1.3000000000000003, 0.30000000000000016, 0.3, 1.7000000000000002, 2.4000000000000004, 1.4999999999999998, 1.5, 1.5]",1.860657397254815
