,labelled data,weights,regret
0,50,"[1.0, 4.0, 1.001, 3.283333333333333, 1.0, 3.0, 1.0, 0.5, 1.6676666666666666, 0.5499999999999998, 3.0, 2.2333333333333334]",7.798200124211495
1,100,"[2.001, 4.0, 4.0009999999999994, 2.283333333333333, 1.0, 3.0, 1.0, 0.001, 1.3343333333333331, 2.524809523809524, 3.0, 2.2333333333333334]",3.534912123305412
