,labelled data,weights,regret
0,50,"[11.0, 21.0, 41.0, 101.0, 30.000999999999998, 61.0, 20.001000000000005, 111.0, 50.001, 30.001000000000005, 61.0, 11.0]",1.5232009152837769
1,100,"[51.0, 31.0, 51.0, 121.0, 110.001, 121.0, 30.001000000000005, 131.0, 40.001, 40.001000000000005, 81.0, 50.001]",3.0964554211422852
