,labelled data,weights,regret
0,50,"[10.001, 61.0, 41.0, 10.001, 11.0, 1.0, 31.0, 70.001, 10.001, 70.001, 31.0, 20.001]",11.870945271229376
1,100,"[40.001, 101.0, 71.0, 30.000999999999998, 11.0, 21.0, 71.0, 90.001, 10.000999999999998, 90.001, 51.0, 30.000999999999998]",19.29778890488632
