,weights,regret
0,"[1.2000000000000006, 1.625, 2.799999999999998, 0.001, 1.5, 2.0, 1.6875, 2.375, 1.5625, 1.75, 0.5635, 0.525]",0.5587799400069381
