,labelled data,weights,regret
0,50,"[25.959333333333333, 10.834333333333332, 21.0, 10.001000000000001, 21.0, 36.0, 28.5, 25.846238095238096, 0.001, 17.29266666666667, 16.298619047619052, 0.001]",17.859149608885172
1,100,"[43.91766666666667, 16.250999999999994, 51.0, 45.001000000000005, 0.001000000000000334, 46.0, 35.75, 40.84623809523809, 1.6676666666666664, 15.792666666666667, 40.46528571428572, 24.667666666666666]",0.01575807417348399
