,labelled data,weights,regret
0,50,"[1.5, 2.0, 2.0, 2.5, 1.0, 2.0, 0.75, 2.5, 1.001, 2.4166666666666665, 1.5, 0.001]",540.0475855962635
1,100,"[0.876, 3.0, 3.0, 1.3, 0.501, 2.0, 1.25, 3.5, 0.5009999999999999, 4.916666666666666, 1.5, 1.501]",13.504590910485373
