,labelled data,weights,regret
0,50,"[1.1, 1.1, 1.1, 0.30000000000000004, 1.0, 1.0, 1.05, 1.3500000000000003, 0.9500000000000003, 1.5333333333333325, 1.1, 1.2100000000000002]",63.14959366371347
1,100,"[0.7499999999999998, 1.1, 1.1, 0.12100000000000004, 1.0, 1.0, 0.4999999999999996, 1.3500000000000003, 0.9500000000000003, 2.0499999999999976, 1.1, 1.3000000000000003]",18.81891073379681
