,labelled data,weights,regret
0,50,"[1.023999999999999, 1.0452830188679272, 1.0874999999999997, 1.0129032258064514, 1.049999999999999, 1.06, 1.2600000000000002, 1.2500000000000002, 0.7999999999999994, 1.0999999999999996, 1.1166666666666663, 1.01]",8.716375786648271
1,100,"[1.0259999999999985, 1.0641509433962302, 1.108333333333333, 1.0032258064516126, 1.049999999999999, 1.06, 1.3200000000000003, 1.2500000000000002, 0.7499999999999992, 1.2124999999999992, 1.1166666666666663, 0.9299999999999999]",5.1111600420236085
