,labelled data,weights,regret
0,50,"[0.001, 51.0, 51.0, 0.001, 10.001, 11.0, 30.000999999999998, 30.000999999999998, 11.667666666666666, 49.333333333333336, 11.0, 10.001]",0.48320807067847543
1,100,"[10.500999999999998, 81.0, 61.0, 11.001000000000001, 10.001, 21.0, 60.001, 30.000999999999998, 0.001, 69.33333333333334, 21.0, 22.66766666666667]",8.021773594760091
