,labelled data,weights,regret
0,50,"[0.6000000000000001, 1.6000000000000005, 1.3000000000000003, 0.4, 1.0, 1.0, 1.1, 2.000000000000001, 0.20000000000000015, 1.4000000000000004, 1.1, 0.6]",18.29860680019821
1,100,"[0.0010000000000000009, 2.6000000000000014, 1.4000000000000004, 0.001, 1.0, 1.0, 0.8, 2.000000000000001, 0.30000000000000016, 2.5000000000000013, 1.1, 0.4999999999999999]",0.483067614093567
