,labelled data,weights,regret
0,50,"[0.001, 76.66766666666666, 51.0, 0.001, 10.000999999999998, 50.001, 45.166666666666664, 75.16666666666666, 31.0, 65.001, 0.8343333333333334, 12.667666666666666]",0.16190657309945067
1,100,"[0.001, 91.83433333333332, 91.0, 40.001, 20.000999999999998, 90.001, 98.83333333333333, 145.16666666666666, 32.25, 110.00099999999999, 11.286714285714282, 0.14385714285714357]",0.12360214278781356
