,labelled data,weights,regret
0,50,"[1.020999999999999, 1.0641509433962297, 1.0749999999999997, 1.0056451612903226, 1.049999999999999, 1.06, 1.4600000000000004, 1.2000000000000002, 0.6166666666666655, 1.0374999999999999, 1.0999999999999996, 1.07]",14.005254841605812
1,100,"[1.025999999999998, 1.0754716981132115, 1.0874999999999997, 0.988709677419355, 1.0549999999999988, 1.06, 1.5400000000000005, 1.2000000000000002, 0.5499999999999986, 1.2499999999999991, 1.0999999999999996, 0.95]",8.348967261685667
