,weights,regret
0,"[2.0999999999999996, 0.6666666666666666, 1.7666666666666693, 0.001, 1.5, 2.0, 2.125, 0.875, 1.6875, 2.5, 1.9250000000000005, 1.375]",0.23400441959701324
