,labelled data,weights,regret
0,50,"[1.0, 6.0, 6.0, 5.166666666666666, 6.0, 5.001, 16.0, 7.5009999999999994, 3.5, 7.041666666666667, 6.0, 11.0]",74.32278485673896
1,100,"[6.0, 11.0, 11.0, 3.916666666666666, 6.0, 5.001, 16.0, 5.0009999999999994, 4.167666666666667, 7.041666666666667, 6.0, 11.0]",172.15472801765617
