,labelled data,weights,regret
0,50,"[0.001, 61.0, 41.0, 0.001, 11.0, 11.0, 40.001, 61.0, 30.001000000000005, 50.001, 21.0, 0.001]",0.4162364200579545
1,100,"[80.001, 101.0, 81.0, 40.001000000000005, 31.0, 21.0, 60.001000000000005, 101.0, 40.001000000000005, 170.001, 41.0, 30.001000000000005]",17.662281449026313
