,weights,regret
0,"[3.0, 0.7000000000000003, 1.7999999999999998, 1.5000000000000004, 1.3000000000000003, 1.0, 1.0000000000000002, 0.6010000000000001, 2.7000000000000006, 1.9999999999999996, 1.9, 1.7000000000000004]",0.7001888124584638
