,labelled data,weights,regret
0,50,"[0.9249999999999998, 1.375, 1.5480769230769227, 0.001, 1.5, 2.0, 1.75, 2.0, 1.3125, 1.375, 0.25, 0.125]",1.1351934829324382
1,100,"[0.6500000000000004, 1.375, 2.1634615384615374, 0.001, 1.5, 2.0, 2.6875, 2.75, 1.4375, 1.375, 0.1885, 0.0635]",0.8528509046435317
