,weights,regret
0,"[48.50000000000001, 53.85814285714286, 0.001, 50.001, 0.001, 41.0, 6.001000000000001, 0.001, 2.9176666666666673, 38.5, 5.9999999999999964, 21.0]",2.5396289153917344
