,labelled data,weights,regret
0,50,"[7.0, 8.334333333333333, 26.333333333333336, 0.001, 21.0, 11.0, 7.25, 4.75, 7.25, 0.001, 21.0, 6.0009999999999994]",0.5744310417147943
1,100,"[4.0009999999999994, 6.667666666666667, 33.0, 0.001, 21.0, 11.0, 8.5, 7.501, 8.751000000000001, 6.2509999999999994, 21.0, 4.0009999999999994]",0.5815558485422729
