,labelled data,weights,regret
0,50,"[0.8, 1.3500000000000003, 1.3000000000000003, 0.7999999999999999, 1.0, 1.0, 1.1, 1.6000000000000005, 0.4000000000000002, 1.3000000000000003, 1.1, 0.7000000000000001]",11.821047729190765
1,100,"[0.7000000000000001, 1.7500000000000007, 1.3000000000000003, 0.6999999999999998, 1.0, 1.0, 1.1, 1.6000000000000005, 0.3500000000000002, 1.3000000000000003, 1.1, 0.6500000000000001]",11.650543958069406
