,weights,regret
0,"[1.101, 2.1, 3.1, 1.0, 1.3000000000000003, 1.7000000000000006, 2.3000000000000007, 2.2, 1.5000000000000007, 2.3999999999999995, 0.701, 0.5]",3.5786568906861334
