,weights,regret
0,"[3.6000000000000005, 1.2009999999999998, 1.1999999999999995, 0.8, 1.8000000000000007, 1.3000000000000003, 2.5000000000000004, 1.1010000000000006, 1.3, 2.1000000000000005, 2.1999999999999993, 1.9999999999999998]",0.25787257753411325
