,weights,regret
0,"[0.9100000000000001, 1.1603773584905677, 1.3541666666666659, 0.9314516129032261, 1.0999999999999996, 1.0, 2.1000000000000005, 1.5, 0.8333333333333337, 1.9375, 1.5, 2.8999999999999972]",1.0001759250843576
