,labelled data,weights,regret
0,50,"[20.000999999999998, 31.0, 81.0, 51.0, 31.0, 1.0, 51.0, 21.0, 41.0, 20.001000000000005, 71.0, 121.0]",9.30694095510199
1,100,"[90.001, 71.0, 101.0, 31.0, 31.0, 20.001, 41.0, 30.001000000000005, 11.0, 30.001000000000005, 81.0, 121.0]",4.087646287060611
