,labelled data,weights,regret
0,50,"[31.0, 26.0, 21.0, 25.001, 11.0, 1.0, 8.5, 40.001, 3.334333333333333, 35.001000000000005, 21.0, 8.334333333333333]",103.81521662697472
1,100,"[21.0, 51.0, 31.0, 6.001000000000001, 11.0, 11.0, 38.5, 40.001, 3.334333333333333, 85.001, 31.0, 30.334333333333333]",2.9957674071150993
