,labelled data,weights,regret
0,50,"[1.001, 4.0, 2.5, 5.0, 0.5, 1.5, 0.001, 6.5, 0.501, 3.0, 4.5, 1.0]",2.3039785149022554
1,100,"[1.001, 4.0, 3.0, 7.0, 3.001, 2.5, 0.001, 6.5, 0.501, 1.0, 4.5, 0.001]",0.33007607014304174
