,labelled data,weights,regret
0,50,"[0.9676666666666667, 2.0, 2.0, 0.9421764705882353, 1.0, 1.0, 0.601, 3.001, 1.1666666666666663, 5.500000000000001, 2.0, 1.3999999999999997]",1.2088125201975584
1,100,"[1.0010000000000003, 2.0, 2.0, 0.5009999999999999, 1.0, 1.0, 1.6009999999999998, 3.001, 0.9999999999999994, 6.500000000000003, 2.0, 0.7999999999999997]",0.4831698435922622
