,labelled data,weights,regret
0,50,"[0.40000000000000013, 1.7000000000000006, 1.1, 0.7999999999999998, 1.0, 1.1, 1.4000000000000004, 1.8500000000000008, 0.15000000000000013, 1.3000000000000003, 1.1, 0.5333333333333334]",10.399827362788846
1,100,"[0.30000000000000016, 1.8000000000000007, 1.4000000000000004, 0.4499999999999996, 1.0, 1.1, 1.4000000000000004, 2.150000000000001, 0.15000000000000013, 1.7000000000000006, 1.1, 0.7333333333333335]",8.458748540242253
