,labelled data,weights,regret
0,50,"[11.0, 31.0, 11.0, 61.0, 0.001, 11.0, 0.001, 45.001000000000005, 11.667666666666666, 20.001, 1.0, 15.000999999999998]",37.19925100991941
1,100,"[11.0, 31.0, 21.0, 71.0, 0.001, 21.0, 0.001, 45.001000000000005, 11.667666666666666, 37.501000000000005, 13.5, 0.001]",0.2816375904088434
