,labelled data,weights,regret
0,50,"[1.2749999999999988, 0.25, 1.9999999999999991, 1.5, 2.0, 0.001, 1.375, 1.4375, 2.125, 1.1875, 1.6875, 0.75]",43.00754111893837
1,100,"[1.1749999999999994, 0.126, 2.8173076923076907, 1.5, 2.0, 0.001, 1.875, 1.9375, 2.625, 0.5, 1.75, 0.6885]",32.85428792423459
