,labelled data,weights,regret
0,50,"[2.0, 2.0, 2.0, 3.0, 0.501, 3.0, 4.0, 5.5009999999999994, 1.001, 1.2509999999999994, 3.0, 0.001]",0.6897252226584336
1,100,"[2.0, 2.0, 2.0, 6.0, 0.501, 3.0, 0.001, 5.5009999999999994, 1.501, 3.1438571428571414, 3.0, 0.0010000000000000009]",0.09320689244187237
