,labelled data,weights,regret
0,50,"[4.0009999999999994, 8.0, 5.0, 0.001, 2.0, 1.0, 7.0009999999999994, 14.0, 3.001, 4.0009999999999994, 8.0, 3.0]",12.441203886836888
1,100,"[4.001, 11.0, 7.0, 0.001, 2.0, 1.0, 7.0009999999999994, 14.0, 4.0009999999999994, 11.001, 8.0, 4.0009999999999994]",7.491101497593655
