,labelled data,weights,regret
0,50,"[11.0, 6.251000000000001, 31.73809523809524, 11.0, 1.0, 10.001, 21.0, 17.25, 18.5, 3.751, 28.5, 7.5]",0.023849655581141962
1,100,"[17.0, 11.251000000000001, 41.738095238095234, 21.0, 0.001, 20.000999999999998, 34.75, 23.5, 16.0, 10.000999999999998, 28.5, 5.5]",0.01959970544136432
