,labelled data,weights,regret
0,50,"[12.0, 4.0009999999999994, 21.0, 6.0, 0.001, 10.001, 7.0, 12.0, 6.001, 1.001, 15.0, 4.0009999999999994]",0.838675266161592
1,100,"[12.0, 6.0009999999999994, 25.0, 10.0, 0.001, 18.000999999999998, 8.0, 23.0, 5.001, 3.001, 21.0, 9.001]",0.41681638851878916
