,labelled data,weights,regret
0,50,"[7.666666666666666, 31.0, 51.0, 22.666666666666664, 11.0, 11.0, 51.0, 0.0010000000000012221, 12.501000000000001, 15.001000000000001, 41.0, 61.0]",1.7864579442681883
1,100,"[17.666666666666664, 61.0, 81.0, 5.9999999999999964, 21.0, 11.0, 61.0, 20.000999999999998, 17.501, 40.001, 61.0, 61.0]",2.1150172631689146
