,weights,regret
0,"[0.0010000000000000009, 6.0, 3.5, 0.48375862068965514, 4.0, 2.0, 2.376, 6.7509999999999994, 1.626, 3.9702380952380953, 2.5, 7.0]",0.09165333747131066
