,weights,regret
0,"[1.0, 1.4000000000000004, 0.8, 1.0, 1.0, 1.1, 0.6000000000000001, 1.5000000000000004, 0.4500000000000002, 1.3166666666666669, 1.0, 0.40833333333333344]",0.08654662184520634
