,weights,regret
0,"[0.8, 0.7000000000000001, 0.7000000000000001, 1.4500000000000004, 1.0, 1.0, 0.5000000000000001, 0.3500000000000002, 1.3500000000000003, 1.883333333333334, 1.1, 1.900000000000001]",1.0167222019585207
