,labelled data,weights,regret
0,50,"[0.517142857142857, 1.598333333333334, 1.3500000000000003, 0.40000000000000013, 1.5000000000000004, 1.5000000000000004, 1.5500000000000005, 1.3183333333333331, 0.5593333333333333, 1.7000000000000006, 0.12369047619047611, 0.3199999999999999]",0.19154668098274083
1,100,"[0.24297619047619035, 2.1400000000000006, 1.4000000000000004, 0.20000000000000015, 1.1, 1.9000000000000008, 1.8500000000000008, 2.1933333333333334, 0.19683333333333336, 2.0916666666666672, 0.001, 0.32595238095238055]",0.1954690077694782
