,weights,regret
0,"[0.5000000000000003, 2.0, 3.1666666666666674, 1.5, 1.5, 0.5, 1.1875, 1.9375, 0.9375, 2.0, 0.001, 1.4375]",1.2428000894540119
