,labelled data,weights,regret
0,50,"[1.2025, 0.5866666666666667, 1.4775845410628023, 1.4000000000000004, 0.40000000000000013, 1.5000000000000004, 1.5750000000000002, 1.4516666666666669, 0.001, 0.8400000000000002, 1.7550000000000006, 0.9833333333333335]",0.4127299861945449
1,100,"[1.469166666666667, 0.3916666666666668, 1.7975845410628026, 2.000000000000001, 0.201, 1.9000000000000008, 1.4116666666666668, 1.9016666666666673, 0.001, 0.8533333333333337, 2.150000000000001, 1.0666666666666669]",0.019561395033310853
