,weights,regret
0,"[0.7331428571428571, 4.978380952380952, 4.0, 0.0010000000000000009, 6.0, 5.5009999999999994, 4.732142857142858, 4.675000000000001, 1.6666666666666665, 3.975000000000001, 0.45338095238095244, 2.470833333333333]",0.5065146476169202
