,labelled data,weights,regret
0,50,"[21.0, 21.0, 11.0, 41.0, 11.0, 11.0, 6.667666666666666, 25.001, 3.3343333333333334, 17.501, 11.0, 9.001]",2.0817488655424357
1,100,"[21.0, 21.0, 11.0, 41.0, 21.0, 41.0, 10.001, 35.001000000000005, 13.334333333333333, 29.000999999999998, 21.0, 0.001]",0.44971502628789406
