,weights,regret
0,"[1.4000000000000004, 0.8, 0.4760000000000001, 1.8750000000000007, 1.0, 1.0, 0.9, 0.5000000000000001, 2.5833333333333344, 2.183333333333334, 1.1, 2.416666666666668]",1.1281727669477564
