,labelled data,weights,regret
0,50,"[0.9199999999999999, 1.6037735849056602, 1.958333333333335, 1.1532258064516128, 1.7500000000000007, 1.0, 2.8000000000000003, 2.5, 0.001, 0.001, 2.0000000000000004, 2.5000000000000013]",1.1130885300562772
1,100,"[0.95, 1.641509433962264, 2.0416666666666683, 1.1532258064516128, 1.7500000000000007, 1.0, 2.8000000000000003, 2.5, 0.501, 0.376, 2.0000000000000004, 2.9000000000000017]",3.725131715438438
