,weights,regret
0,"[1.9749999999999985, 0.251, 1.7980769230769234, 1.5, 2.0, 0.001, 1.1875, 0.875, 2.875, 2.3125, 1.8125, 2.0625]",0.5840237216765277
