,labelled data,weights,regret
0,50,"[0.001, 31.0, 16.0, 0.001, 1.0, 1.0, 21.0, 25.001, 2.501, 30.166666666666668, 6.0, 4.1676666666666655]",0.32776540007829774
1,100,"[12.143857142857144, 41.0, 21.0, 14.003673796791444, 1.0, 11.0, 31.0, 30.001, 2.5009999999999994, 45.16666666666667, 16.0, 0.001]",13.385570643297307
