,weights,regret
0,"[0.001, 36.0, 21.0, 11.0, 11.0, 10.001000000000001, 23.750999999999998, 32.501, 6.667666666666669, 39.82242857142857, 11.0, 35.16766666666666]",0.47775517061065365
