,weights,regret
0,"[1.1, 1.1, 1.4000000000000004, 2.4000000000000012, 0.6911904761904765, 1.4000000000000004, 0.3666666666666668, 0.15000000000000013, 0.09166666666666688, 0.6433333333333333, 0.6000000000000001, 2.4000000000000012]",0.5887319878107403
