,labelled data,weights,regret
0,50,"[0.0010000000000000009, 2.4010000000000007, 6.25, 4.0009999999999994, 0.001, 3.0, 3.0, 2.8009999999999997, 2.667666666666667, 0.0010000000000000009, 4.300000000000001, 1.7000000000000002]",0.14252525427620744
1,100,"[0.251, 4.067666666666664, 6.25, 7.0009999999999994, 0.001, 5.0, 4.700000000000002, 3.8009999999999993, 2.6676666666666664, 0.251, 6.675000000000001, 0.4999999999999993]",0.15217421922009627
