,labelled data,weights,regret
0,50,"[1.25, 0.625, 1.7307692307692295, 0.001, 1.5, 2.0, 1.8125, 1.5, 1.0, 1.125, 1.5625, 0.6875]",10.612379964249445
1,100,"[1.25, 0.6875, 2.19230769230769, 0.001, 1.5, 2.0, 1.75, 1.5625, 1.0, 0.9375, 1.625, 0.5625]",10.527695052186298
