,weights,regret
0,"[0.8549999999999999, 1.1124999999999998, 1.207692307692307, 0.6000000000000001, 1.2000000000000002, 1.2000000000000002, 1.0374999999999996, 1.0875, 0.9749999999999999, 1.0125, 0.6624999999999999, 0.8625]",1.7643268907417267
