,labelled data,weights,regret
0,50,"[0.28433333333333344, 1.7499999999999996, 3.8009999999999993, 3.0, 0.001, 1.001, 3.251, 2.5, 1.375, 0.0010000000000000009, 1.751, 0.6676666666666666]",0.15246392387250104
1,100,"[0.001, 3.950000000000001, 5.0009999999999994, 3.0, 0.001, 2.001, 4.6259999999999994, 3.125, 1.75, 0.001, 2.617666666666666, 1.834333333333333]",0.5377307988838295
