,labelled data,weights,regret
0,50,"[11.0, 3.334333333333333, 1.0, 0.001, 1.0, 11.0, 11.0, 1.0, 0.001, 11.0, 1.0, 11.0]",27.747300942868854
1,100,"[11.0, 3.334333333333333, 1.0, 0.001, 1.0, 11.0, 11.0, 1.0, 0.001, 11.0, 1.0, 11.0]",19.232679580296434
