,labelled data,weights,regret
0,50,"[8.462538461538461, 16.0, 11.0, 6.207896551724137, 11.0, 11.0, 10.000999999999998, 16.0, 11.0, 32.501, 14.333333333333332, 6.0009999999999994]",1.6913429322023141
1,100,"[0.0010000000000000009, 16.0, 11.0, 1.0354827586206896, 11.0, 11.0, 12.000999999999998, 16.0, 9.333333333333334, 48.751, 14.333333333333332, 7.0009999999999994]",1.4890836156056253
