,weights,regret
0,"[0.35100000000000003, 3.625000000000002, 3.700000000000002, 0.001, 1.501, 2.0, 3.125, 2.9375, 2.25, 2.0, 0.251, 0.601]",0.07731569916525914
