,labelled data,weights,regret
0,50,"[2.0000000000000004, 5.905660377358494, 7.666666666666668, 2.129032258064516, 9.0, 1.0, 19.0, 16.0, 3.334333333333333, 12.501, 10.999999999999998, 16.0]",20.222814776581384
1,100,"[2.6, 7.415094339622646, 8.5, 1.7258064516129032, 9.5, 1.0, 21.0, 16.0, 1.6676666666666664, 22.500999999999998, 10.999999999999998, 15.0]",8.066486154097321
