,labelled data,weights,regret
0,50,"[1.001, 2.5, 2.001, 1.001, 1.0, 1.0, 2.001, 2.5, 0.001, 2.501, 0.501, 0.001]",20.899561228894502
1,100,"[2.001, 3.0, 3.501, 0.001, 1.0, 2.0, 3.501, 5.0, 0.501, 6.0009999999999994, 1.001, 0.5009999999999999]",11.365597824225329
