,labelled data,weights,regret
0,50,"[0.8200000000000001, 1.1499999999999997, 1.154575163398693, 1.3000000000000003, 0.40000000000000013, 1.5000000000000004, 0.964285714285714, 1.4000000000000004, 0.6333333333333334, 0.5299999999999998, 1.3000000000000003, 1.0]",0.0064242969775287805
1,100,"[0.9914285714285714, 1.0071428571428571, 1.336928104575163, 1.4000000000000004, 0.40000000000000013, 1.5000000000000004, 0.8928571428571427, 1.4000000000000004, 0.7333333333333335, 0.6728571428571426, 1.3000000000000003, 1.125]",0.0064242969775287805
