,labelled data,weights,regret
0,50,"[0.001, 8.126, 6.288461538461539, 6.0, 6.0, 0.001, 8.126, 8.751, 5.375, 0.001, 1.251, 0.001]",7.971946745514247
1,100,"[0.5009999999999999, 8.126, 13.788461538461538, 6.0, 6.0, 0.001, 14.376, 15.001, 5.375, 1.876, 1.8759999999999994, 0.001]",7.174279478736994
