,labelled data,weights,regret
0,50,"[2.251, 2.5009999999999994, 9.942307692307692, 6.0, 6.0, 0.001, 9.376, 3.7509999999999994, 4.125, 3.7509999999999994, 7.25, 5.0009999999999994]",6.195345386403765
1,100,"[1.251, 4.3759999999999994, 16.48076923076923, 6.0, 6.0, 0.001, 15.626, 1.876, 7.25, 4.3759999999999994, 7.25, 5.0009999999999994]",5.5893071351296255
