,labelled data,weights,regret
0,50,"[3.0, 2.0, 2.0, 2.6666666666666665, 2.0, 1.0, 5.0, 1.0, 1.8343333333333334, 1.7499999999999998, 2.0, 4.0]",13.519996731326698
1,100,"[3.0, 3.0, 4.0, 2.6666666666666665, 2.0, 1.0, 5.0, 0.001, 0.3343333333333333, 0.7499999999999998, 2.0, 4.0]",4.994917714907443
