,labelled data,weights,regret
0,50,"[0.47499999999999976, 1.1875, 1.7596153846153844, 0.001, 1.001, 1.5, 1.75, 2.25, 1.875, 1.3125, 0.0635, 0.5]",0.7050804891683645
1,100,"[0.501, 1.25, 2.3365384615384603, 0.0010000000000000009, 1.001, 1.5, 2.3125, 3.1875, 2.0625, 1.5, 0.6885, 0.25]",0.41425605261590853
