,labelled data,weights,regret
0,50,"[1.0, 31.0, 51.0, 41.0, 1.0, 11.0, 21.0, 60.001, 31.0, 21.0, 61.0, 101.0]",11.751534717952936
1,100,"[11.0, 31.0, 61.0, 61.0, 1.0, 11.0, 21.0, 70.001, 21.0, 50.001, 61.0, 91.0]",12.060586723679673
