,weights,regret
0,"[10.0, 2.0, 0.501, 4.916666666666666, 2.5, 1.5, 8.75, 1.001, 16.5, 7.5, 4.5, 7.0]",1.2480332712522202
