,weights,regret
0,"[1.0149999999999988, 1.020754716981133, 1.0208333333333333, 1.0612903225806405, 1.0, 1.0, 1.2200000000000002, 1.1, 0.9833333333333335, 1.0, 1.1, 1.06]",0.8105135134944917
