,labelled data,weights,regret
0,50,"[2.5, 1.5, 6.5, 4.5, 2.0, 2.0, 3.0, 1.0, 1.5, 3.001, 4.0, 6.0]",4.591446207034866
1,100,"[3.0, 2.5, 7.0, 3.5, 3.0, 2.0, 4.0, 0.001, 1.501, 2.001, 5.0, 6.0]",1.2759988195023577
