,weights,regret
0,"[1.6999999999999988, 2.1000000000000005, 2.3, 1.0, 1.5000000000000004, 1.8000000000000007, 2.0999999999999996, 3.4000000000000017, 1.300000000000001, 0.801, 1.5000000000000007, 0.10000000000000003]",0.936808067398134
