,labelled data,weights,regret
0,50,"[0.975, 1.0333333333333334, 1.0, 1.0, 1.0, 1.0, 1.0, 1.05, 1.0, 1.0, 0.975, 0.95]",0.20272931584691906
1,100,"[0.975, 1.0333333333333334, 1.0, 1.0, 1.0, 1.0, 1.0, 1.05, 1.0, 1.0, 0.975, 0.95]",9.776594580488117
