,labelled data,weights,regret
0,50,"[0.001, 81.0, 81.0, 51.0, 110.001, 20.000999999999998, 50.001000000000005, 110.001, 40.001, 71.0, 61.0, 71.0]",26.31954169151429
1,100,"[60.001, 131.0, 91.0, 20.001000000000005, 110.001, 40.001, 50.001000000000005, 160.001, 50.001, 121.0, 71.0, 40.001000000000005]",16.197003837689653
