,labelled data,weights,regret
0,50,"[1.0, 1.0, 1.0, 1.0, 1.0, 1.0, 0.5, 1.5, 1.0, 2.0, 0.001, 1.0]",11.3553883671421
1,100,"[1.0, 1.0, 1.0, 1.0, 1.0, 1.0, 0.5, 1.5, 1.0, 2.0, 0.001, 1.0]",7.126156868805985
