,labelled data,weights,regret
0,50,"[6.0, 11.0, 11.0, 0.001, 1.0, 1.0, 6.0009999999999994, 10.001000000000001, 9.333333333333334, 27.66666666666666, 11.0, 6.0]",6.014691386042219
1,100,"[6.0, 21.0, 11.0, 5.001000000000001, 10.001, 1.0, 10.001, 10.001000000000001, 9.333333333333334, 24.33333333333333, 9.333333333333334, 5.0]",6.520963401165701
