,weights,regret
0,"[1.9749999999999988, 1.4375, 0.22215384615384617, 1.5, 2.0, 0.001, 0.5, 0.1885, 0.625, 1.9375, 2.0, 2.375]",14.132042259577304
