,labelled data,weights,regret
0,50,"[1.05, 1.3773584905660377, 1.625000000000001, 1.161290322580645, 1.4000000000000004, 1.0, 2.6, 2.0, 0.8333333333333334, 0.8759999999999999, 1.666666666666667, 2.200000000000001]",4.762967193586519
1,100,"[1.2400000000000002, 1.7358490566037734, 1.625000000000001, 1.2177419354838708, 1.4000000000000004, 1.0, 2.6, 2.0, 0.8333333333333335, 1.501, 1.666666666666667, 2.000000000000001]",4.626241773591331
