,labelled data,weights,regret
0,50,"[41.0, 51.0, 71.0, 10.001, 1.0, 1.0, 50.001, 110.001, 41.0, 101.0, 61.0, 41.0]",18.29792358998491
1,100,"[0.001, 101.0, 81.0, 0.001, 41.0, 11.0, 110.001, 120.001, 41.0, 161.0, 71.0, 0.001]",0.5520958420791169
