,weights,regret
0,"[1.0199999999999994, 1.0150943396226422, 1.0083333333333333, 1.0137096774193548, 1.0, 1.0, 1.2400000000000002, 1.1, 0.9666666666666668, 0.9875, 1.1, 1.09]",29.594848339086923
