,weights,regret
0,"[0.9999999999999999, 1.6000000000000003, 2.200000000000001, 1.0999999999999999, 1.1, 1.1, 0.09999999999999959, 1.5000000000000004, 1.0999999999999996, 2.0000000000000004, 1.6, 1.6999999999999997]",0.6285020974762365
