,weights,regret
0,"[10.001, 16.667666666666666, 5.001, 6.0009999999999994, 11.0, 11.0, 4.0009999999999994, 11.0, 8.334333333333333, 16.667666666666662, 10.001, 5.0009999999999994]",0
