,weights,regret
0,"[0.001, 26.251, 21.476190476190474, 61.0, 71.0, 0.001000000000000334, 19.209333333333333, 32.001000000000005, 56.0, 0.001, 0.001, 0.001]",0.40464374671323483
