,weights,regret
0,"[0.001, 3.1000000000000014, 2.4010000000000002, 0.20100000000000004, 1.8000000000000007, 1.9000000000000008, 1.6999999999999997, 1.7000000000000008, 1.0000000000000004, 0.6000000000000004, 0.20100000000000048, 1.7000000000000004]",0.4165257726086181
