,labelled data,weights,regret
0,50,"[2.0, 4.0, 2.0, 0.5, 1.0, 1.0, 2.001, 4.5009999999999994, 2.001, 5.5, 2.0, 2.501]",21.890188212980384
1,100,"[2.001, 8.0, 6.0, 1.001, 1.0, 3.0, 5.0009999999999994, 8.501, 0.501, 8.5, 4.0, 1.501]",0.7772082130295893
