,labelled data,weights,regret
0,50,"[1.11, 1.1132075471698113, 1.333333333333334, 0.9758064516129032, 1.0, 1.0, 3.000000000000001, 2.0, 0.9999999999999999, 2.125, 2.0, 1.7999999999999998]",8.770433882722475
1,100,"[1.08, 1.2264150943396226, 1.5833333333333341, 0.838709677419355, 1.0, 1.0, 3.000000000000001, 2.0, 0.9999999999999999, 2.75, 2.0, 1.4999999999999996]",5.229971800303563
