,labelled data,weights,regret
0,50,"[6.0, 11.0, 11.0, 11.0, 6.0, 11.0, 26.0, 17.500999999999998, 6.0, 3.334333333333333, 11.0, 0.001]",0.6006894305489026
1,100,"[21.0, 21.0, 26.0, 3.5, 6.0, 11.0, 31.0, 17.500999999999998, 15.999999999999996, 10.251, 11.0, 1.251]",1.436897510995392
