,labelled data,weights,regret
0,50,"[1.1, 1.2000000000000002, 1.2000000000000002, 1.3000000000000003, 1.0, 1.2000000000000002, 0.5000000000000001, 1.8500000000000008, 0.15000000000000016, 1.2000000000000002, 1.1, 0.18333333333333351]",358.952627826883
1,100,"[1.1, 1.5000000000000004, 1.5000000000000004, 1.0, 1.0, 0.6000000000000001, 0.5000000000000001, 1.8500000000000008, 0.10000000000000017, 1.7500000000000002, 1.1, 0.3500000000000001]",12.638424382591822
