,labelled data,weights,regret
0,50,"[3.0, 4.0, 3.0, 11.0, 0.001, 4.0, 2.001, 8.001, 1.001, 4.0009999999999994, 4.0, 3.001]",4.018850891935065
1,100,"[3.0, 4.0, 5.0, 14.0, 4.0009999999999994, 6.0, 3.0009999999999994, 9.001, 2.001, 1.001, 7.0, 1.0009999999999994]",0.41495704955272283
