,labelled data,weights,regret
0,50,"[1.0, 110.001, 151.0, 61.0, 40.001, 81.0, 121.0, 71.0, 81.0, 0.001, 81.0, 31.0]",2.1854165521988893
1,100,"[110.001, 100.001, 151.0, 51.0, 40.001, 131.0, 141.0, 51.0, 1.0, 50.001000000000005, 121.0, 31.0]",0.7269392097599509
