,labelled data,weights,regret
0,50,"[32.72222222222222, 17.667666666666666, 27.666666666666668, 40.001, 0.001, 51.0, 24.33333333333333, 40.001000000000005, 10.001000000000001, 0.001, 55.5, 5.001]",0.02022984501467883
1,100,"[67.88888888888889, 16.000999999999998, 61.11111111111112, 60.001, 30.000999999999998, 81.0, 57.66666666666666, 75.001, 11.667666666666666, 60.001, 67.5, 17.000999999999998]",24.66607851534783
