,weights,regret
0,"[10.001, 16.667666666666666, 0.001000000000000334, 5.0009999999999994, 1.0, 11.0, 8.001, 11.0, 8.334333333333333, 18.33433333333333, 10.001, 0.001]",0.7563922358217962
