,weights,regret
0,"[0.4978085106382978, 5.0009999999999994, 4.0009999999999994, 0.2737272727272727, 2.0, 1.0, 3.001, 4.0, 0.08433333333333337, 5.083333333333333, 1.4176666666666666, 2.001]",0.8766474048198378
