,weights,regret
0,"[1.8097222222222222, 3.825000000000001, 2.5833333333333335, 4.5, 3.0, 0.0010000000000000009, 3.2666666666666666, 3.0000000000000004, 3.0, 0.7884999999999998, 1.4000000000000001, 0.9059523809523813]",2.9457334740301375
