,weights,regret
0,"[0.30100000000000016, 3.1000000000000005, 2.2, 0.30100000000000005, 1.0, 2.8000000000000016, 2.4000000000000004, 3.3000000000000016, 1.3000000000000005, 3.0000000000000004, 0.001, 0.7010000000000002]",0.1201386223328407
