,labelled data,weights,regret
0,50,"[1.0449999999999993, 1.037735849056604, 1.0208333333333333, 1.1008064516129041, 1.0, 1.0, 0.9999999999999997, 1.75, 1.7499999999999998, 0.375, 1.5, 1.2499999999999998]",15.713833824280105
1,100,"[1.2299999999999978, 1.0754716981132082, 1.0416666666666665, 1.3266129032258103, 1.0, 1.0, 1.1999999999999997, 1.75, 1.5833333333333333, 0.0010000000000000009, 1.5, 0.3499999999999992]",7.7558035802311815
