,labelled data,weights,regret
0,50,"[2.0, 2.0, 2.0, 0.33333333333333365, 1.0, 1.0, 2.5, 2.001, 1.4999999999999998, 2.4999999999999996, 2.0, 2.0999999999999996]",63.19063618494033
1,100,"[2.0, 2.0, 2.5, 1.0000000000000002, 1.0, 1.0, 2.0, 2.001, 1.4999999999999998, 2.666666666666666, 2.0, 2.0999999999999996]",72.78886239136156
