,labelled data,weights,regret
0,50,"[5.215285714285714, 25.334333333333333, 19.75, 0.0010000000000012221, 6.0, 31.0, 13.5, 32.166666666666664, 13.334333333333333, 27.16666666666667, 0.8343333333333333, 3.3343333333333334]",0.10865393935895584
1,100,"[0.15522077922078026, 47.334333333333326, 27.25, 0.001, 26.0, 51.0, 46.0, 59.66666666666666, 12.709333333333333, 53.41666666666668, 0.001, 5.834333333333333]",0.23407441736387521
