,labelled data,weights,regret
0,50,"[1.4500000000000008, 2.1320754716981134, 3.500000000000001, 1.524193548387096, 1.0, 1.0, 8.001, 5.001, 2.501000000000002, 2.5009999999999994, 5.001, 0.001]",2.755087585913527
1,100,"[0.001, 3.9245283018867965, 4.125000000000001, 0.15322580645161177, 2.25, 1.0, 8.001, 5.001, 2.501000000000002, 3.7509999999999994, 5.001, 3.5010000000000003]",3.214513637741246
