,labelled data,weights,regret
0,50,"[0.5398809523809527, 3.5166666666666666, 3.0, 0.0010000000000000009, 1.0, 2.5, 3.75, 3.1, 2.001, 2.758333333333333, 0.001, 0.401]",0.13740326381050544
1,100,"[0.8224285714285714, 5.0166666666666675, 4.0, 2.001, 1.0, 6.0, 0.8416666666666666, 5.725, 0.6259999999999998, 5.133333333333333, 1.001, 0.5009999999999999]",6.053482606180537
