,weights,regret
0,"[1.0619999999999972, 0.9999999999999999, 1.0, 1.0782258064516088, 1.0, 1.0, 1.2400000000000002, 1.1, 0.9666666666666668, 1.0749999999999997, 1.1, 0.97]",5.103248352505665
