,weights,regret
0,"[0.7999999999999999, 1.5000000000000004, 1.9000000000000006, 1.1999999999999997, 1.4000000000000004, 1.2000000000000002, 0.9999999999999998, 2.200000000000001, 0.9999999999999994, 1.8, 1.6, 1.3999999999999995]",0.7899840960923974
