,labelled data,weights,regret
0,50,"[11.0, 11.0, 16.0, 4.333333333333334, 11.0, 1.0, 10.001, 0.001, 11.0, 14.75, 12.666666666666666, 13.0]",2.077501389408644
1,100,"[11.0, 11.0, 21.0, 4.333333333333334, 11.0, 10.001, 10.001000000000001, 0.001000000000000334, 9.333333333333334, 16.0, 14.333333333333332, 17.0]",0.7221057246273194
