,labelled data,weights,regret
0,50,"[7.0009999999999994, 5.0009999999999994, 12.0, 3.0, 3.001, 12.0, 14.001, 1.0, 4.0009999999999994, 6.0009999999999994, 13.0, 4.0009999999999994]",0.7598574396269326
1,100,"[5.001, 11.001, 18.0, 9.0, 0.001, 20.0, 13.001, 6.0, 4.0009999999999994, 2.001, 29.0, 9.001]",0.4292833659617942
