,labelled data,weights,regret
0,50,"[17.000999999999998, 11.0, 26.0, 10.001000000000001, 8.001, 6.0, 26.0, 12.501, 16.0, 4.376, 6.0, 5.334333333333333]",1.1501128396082534
1,100,"[27.000999999999998, 6.0, 26.0, 6.667666666666667, 18.000999999999998, 11.0, 36.0, 17.500999999999998, 6.0, 4.375999999999998, 16.0, 9.001000000000001]",0.5129177658324554
