,weights,regret
0,"[4.0, 2.5, 2.625, 9.833333333333332, 2.458333333333333, 3.5, 2.375, 1.751, 3.083333333333334, 0.05476190476190465, 1.75, 8.916666666666668]",9.208231218746377
