,weights,regret
0,"[11.0, 11.0, 11.0, 7.666666666666666, 12.14385714285714, 11.0, 8.001, 10.001000000000001, 12.666666666666666, 24.33333333333334, 11.0, 11.001]",139.46727880903848
