,labelled data,weights,regret
0,50,"[1.1, 1.1, 1.1, 1.5000000000000004, 1.0, 1.3000000000000003, 0.6, 1.8000000000000007, 0.20000000000000015, 0.7999999999999999, 1.1, 0.20000000000000015]",2.3624960188268775
1,100,"[1.1, 1.1, 1.1, 1.9000000000000008, 1.0, 1.8000000000000007, 0.001, 1.8000000000000007, 0.30100000000000005, 0.2999999999999997, 1.1, 0.001]",0.182873922896922
