,weights,regret
0,"[0.001, 1.8125, 1.7884615384615388, 1.5, 0.001, 2.0, 1.3125, 1.875, 0.0010000000000000009, 3.1875, 0.126, 0.4375]",1.2450221869158509
