,labelled data,weights,regret
0,50,"[0.001, 20.000999999999998, 21.762904761904757, 20.000999999999998, 40.001, 0.001, 44.05952380952381, 39.91666666666667, 28.750999999999998, 39.96528571428571, 12.25, 0.001]",2.1898467943412996
1,100,"[0.001, 52.83433333333333, 29.532135531135523, 20.000999999999998, 20.000999999999998, 50.001, 103.72619047619048, 99.67857142857143, 37.33433333333333, 48.631952380952384, 1.4295714285714283, 5.001]",0.22529164504469193
