,labelled data,weights,regret
0,50,"[3.0, 4.0, 9.0, 4.0, 0.001, 2.0, 2.0009999999999994, 5.0009999999999994, 6.0, 12.0, 6.0, 9.0]",99.77514489871741
1,100,"[6.0009999999999994, 10.0, 13.0, 2.0010000000000003, 3.001, 3.0, 8.001, 15.001, 0.001, 13.0, 7.0, 8.0]",18.30086041693616
