,labelled data,weights,regret
0,50,"[0.715833333333333, 1.3652380952380954, 1.4182539682539685, 1.7000000000000006, 0.6000000000000001, 1.5000000000000004, 1.5445238095238096, 1.5250000000000004, 0.7333333333333333, 0.5340476190476192, 1.4833333333333336, 0.8766666666666669]",1.040718614145473
1,100,"[0.6285714285714287, 1.7169047619047622, 1.7432539682539687, 2.000000000000001, 0.30000000000000016, 2.200000000000001, 1.9478571428571434, 1.6250000000000004, 0.3583333333333334, 0.08302380952380953, 2.0466666666666673, 0.5633333333333335]",0.3710414630684022
