,labelled data,weights,regret
0,50,"[0.001, 46.0, 50.001, 0.001000000000000334, 25.001, 40.001000000000005, 51.0, 60.001000000000005, 25.000999999999998, 40.001, 0.001, 10.001]",0.12637222450428628
1,100,"[10.000999999999998, 101.0, 60.001, 10.001000000000001, 30.001, 90.001, 51.0, 100.001, 25.000999999999998, 65.001, 20.000999999999998, 0.001]",0.11662229708771862
