,labelled data,weights,regret
0,50,"[16.0, 6.0, 36.0, 31.0, 16.0, 11.0, 26.0, 0.001, 6.0, 6.0, 31.0, 51.0]",4.895392492835368
1,100,"[16.0, 21.0, 41.0, 21.0, 21.0, 11.0, 31.0, 0.001, 6.0, 11.0, 36.0, 51.0]",1.70678571464894
