,labelled data,weights,regret
0,50,"[1.0109999999999988, 1.0433962264150967, 1.0374999999999999, 1.0112903225806458, 1.0, 1.0, 1.3000000000000003, 1.1, 0.9166666666666666, 0.8000000000000007, 1.1, 1.02]",3.732019419126389
1,100,"[1.0409999999999975, 1.0566037735849088, 1.0499999999999998, 1.0258064516129042, 1.0, 1.0, 1.3200000000000003, 1.1, 0.8999999999999999, 0.7750000000000008, 1.1, 0.9099999999999999]",3.6903742084669413
