,weights,regret
0,"[1.1, 1.1, 1.5000000000000004, 1.9000000000000008, 1.0, 0.9, 0.27500000000000024, 0.9500000000000003, 1.9000000000000008, 0.6166666666666665, 1.1, 0.6966666666666668]",0.42913813124714084
