,weights,regret
0,"[1.0400000000000005, 1.1981132075471719, 1.1249999999999996, 1.1653225806451628, 1.0, 1.0, 2.2000000000000006, 1.5, 0.8333333333333337, 0.6885, 1.5, 1.7500000000000002]",1.0411271032087621
