,weights,regret
0,"[7.215285714285713, 69.33433333333332, 32.0, 131.0, 121.0, 40.001, 34.33433333333333, 64.001, 111.0, 7.643857142857147, 20.000999999999998, 17.679571428571425]",2.875279566384208
