,labelled data,weights,regret
0,50,"[1.8, 0.5, 3.600000000000001, 1.3000000000000003, 0.8, 2.4000000000000012, 1.8000000000000005, 2.700000000000001, 1.1000000000000003, 1.8000000000000003, 0.4999999999999995, 1.3999999999999997]",6.693084737251908
1,100,"[0.001, 2.2000000000000006, 3.600000000000001, 0.30000000000000016, 1.3000000000000003, 3.100000000000002, 2.6000000000000014, 3.4000000000000017, 1.1000000000000008, 2.500000000000001, 0.001, 0.39999999999999947]",0.11750878635075504
