,labelled data,weights,regret
0,50,"[1.5, 1.5, 1.5, 2.0, 1.0, 1.501, 0.5, 2.5, 0.251, 2.6666666666666665, 1.5, 0.101]",427.0675763850945
1,100,"[0.5, 2.0, 2.0, 0.001, 0.751, 2.001, 1.0, 3.25, 0.251, 5.0, 1.5, 0.501]",1.167142532051161
