,weights,regret
0,"[4.301, 1.7000000000000006, 2.400000000000001, 4.201000000000002, 1.0, 1.3000000000000003, 1.4000000000000001, 2.7000000000000015, 0.3999999999999996, 2.7000000000000006, 1.6, 1.3999999999999995]",247.72127346673958
