,weights,regret
0,"[0.001, 5.0, 5.083333333333333, 1.9666666666666661, 3.0, 2.0, 0.2509999999999999, 5.7509999999999994, 3.0, 9.083333333333332, 4.0, 8.0]",0.5615068447803342
