,labelled data,weights,regret
0,50,"[1.2509999999999994, 73.16766666666666, 31.0, 11.0, 21.0, 80.001, 43.0, 68.5, 21.833333333333336, 64.251, 0.001, 6.667666666666666]",0.12848188441072408
1,100,"[5.7509999999999994, 69.83433333333332, 76.0, 41.0, 60.001, 100.001, 64.66666666666666, 96.0, 15.000999999999998, 100.91766666666666, 6.691476190476186, 12.501000000000001]",0.12282868160230584
