,labelled data,weights,regret
0,50,"[1.0009999999999994, 11.0, 13.654846153846156, 0.001, 11.0, 10.001, 18.750999999999998, 21.250999999999998, 20.001, 8.751000000000001, 0.001, 2.5010000000000012]",0.8072070802395491
1,100,"[13.001, 11.0, 23.077923076923074, 0.001, 10.001, 20.000999999999998, 35.001, 35.001, 16.251, 28.751, 10.001, 3.7509999999999994]",4.035758278308238
