,weights,regret
0,"[11.0, 1.0, 5.001, 6.667666666666665, 10.001, 11.0, 31.0, 5.001000000000001, 15.999999999999998, 14.333333333333332, 15.999999999999998, 23.0]",0.3804576878311046
