,labelled data,weights,regret
0,50,"[2.0, 2.0, 3.0, 5.0, 2.0, 2.0, 1.0, 5.0009999999999994, 0.5009999999999999, 2.083333333333333, 3.0, 1.3343333333333334]",0.6703376123176176
1,100,"[2.0, 3.0, 3.0, 6.0, 0.001, 5.0, 2.001, 6.0009999999999994, 0.001, 4.25, 4.0, 1.8176666666666668]",0.21323984881226732
