,weights,regret
0,"[0.001, 57.91766666666666, 18.916666666666668, 71.0, 111.0, 20.000999999999998, 51.501000000000005, 66.83333333333334, 47.66666666666667, 0.001, 60.13195238095237, 0.001]",0.8892893825783981
