,weights,regret
0,"[10.001000000000001, 31.0, 21.0, 0.001, 23.5, 11.0, 28.000999999999998, 20.001, 10.001000000000001, 47.66666666666667, 22.666666666666668, 13.000999999999998]",1.5440030180764703
