,labelled data,weights,regret
0,50,"[39.333333333333336, 36.16766666666667, 0.001, 40.001, 0.001, 51.0, 7.333333333333331, 1.1666666666666679, 2.9176666666666673, 34.33333333333333, 26.0, 34.33333333333333]",0.0030108053420476685
1,100,"[56.833333333333336, 56.83433333333334, 5.761461760461761, 80.001, 0.001, 81.0, 16.41766666666667, 22.500999999999998, 7.501, 39.33333333333333, 37.666666666666664, 59.33333333333333]",0.001181278360379029
