,labelled data,weights,regret
0,50,"[3.0, 2.0, 4.0, 2.0, 1.0, 1.0, 4.0, 0.001, 0.5009999999999999, 1.3343333333333334, 3.0, 4.0]",1.4778209478136364
1,100,"[4.0, 4.0, 5.0, 1.25, 1.0, 1.0, 3.0, 0.001, 0.2509999999999999, 2.001, 4.0, 4.0]",0.838303071571476
