,labelled data,weights,regret
0,50,"[1.1249999999999998, 1.125, 1.6826923076923075, 1.5, 0.001, 1.5, 1.4375, 1.8125, 1.4375, 1.0, 1.1875, 0.3125]",9.444268400163171
1,100,"[0.9499999999999995, 1.5625, 2.2115384615384612, 0.001, 1.001, 1.5, 2.375, 2.5625, 1.375, 1.375, 0.626, 0.251]",3.6065209476007505
