,weights,regret
0,"[11.0, 6.0, 11.0, 7.666666666666667, 11.0, 11.0, 2.001, 16.0, 15.999999999999998, 30.000999999999998, 14.333333333333332, 14.001]",0.534827218389278
