,labelled data,weights,regret
0,50,"[1.020999999999999, 1.0056603773584907, 1.0374999999999999, 1.0233870967741932, 1.0, 1.0, 1.02, 1.1500000000000001, 1.133333333333333, 0.9000000000000004, 1.1, 1.05]",18.093269151054418
1,100,"[1.0559999999999987, 1.0433962264150944, 1.0541666666666665, 1.0524193548387093, 1.0, 1.0, 1.12, 1.1500000000000001, 1.05, 0.7875000000000008, 1.1, 1.04]",17.682912608899986
