,weights,regret
0,"[1.251, 6.5, 5.0, 2.0833333333333335, 2.5, 2.5, 2.3343333333333334, 7.5009999999999994, 2.0, 7.303571428571429, 3.0, 7.651]",0.6746625002562066
