,weights,regret
0,"[3.3000000000000007, 1.4, 0.9999999999999997, 1.1, 1.1, 0.9, 1.8000000000000005, 1.001, 2.4000000000000004, 1.7000000000000004, 2.0999999999999996, 2.3000000000000003]",0.6964276488956133
