,labelled data,weights,regret
0,50,"[7.693307692307693, 51.0, 31.0, 2.5872068965517245, 11.0, 1.0, 23.501, 50.001, 13.334333333333333, 59.333333333333336, 21.0, 23.167666666666662]",10.324586352133343
1,100,"[47.69330769230769, 51.0, 51.0, 8.182818181818181, 11.0, 11.0, 63.501000000000005, 70.001, 3.3343333333333334, 69.33333333333334, 31.0, 19.000999999999998]",17.497608296136974
