,labelled data,weights,regret
0,50,"[0.9699999999999999, 0.8000000000000002, 1.2596153846153837, 1.1, 0.7000000000000001, 1.4000000000000004, 1.2124999999999992, 1.2749999999999992, 1.1124999999999994, 0.8374999999999997, 1.0499999999999992, 0.9249999999999998]",2.454331001176631
1,100,"[0.8299999999999997, 0.9499999999999994, 1.323076923076922, 1.2000000000000002, 0.6000000000000001, 1.4000000000000004, 1.4124999999999985, 1.374999999999999, 1.199999999999999, 0.4125000000000001, 1.149999999999999, 0.8125]",1.497537972218256
