,labelled data,weights,regret
0,50,"[1.0129999999999992, 1.0377358490566058, 1.0458333333333332, 0.9983870967741937, 1.0, 1.0, 1.3000000000000003, 1.1500000000000001, 0.8999999999999999, 0.9500000000000002, 1.1, 1.06]",12.479142843983793
1,100,"[1.0399999999999983, 1.0433962264150967, 1.0541666666666665, 0.9983870967741939, 1.005, 1.0, 1.3400000000000003, 1.1500000000000001, 0.8666666666666665, 1.1499999999999995, 1.1, 0.95]",8.716448934186856
