,labelled data,weights,regret
0,50,"[5.0, 5.0, 2.0, 3.0, 2.0, 3.0, 3.001, 5.5009999999999994, 0.8343333333333334, 5.125, 3.0, 0.5]",49.685292815999794
1,100,"[0.001, 10.0, 6.0, 0.501, 2.0, 4.0, 5.0009999999999994, 6.5009999999999994, 2.0843333333333334, 10.125, 3.0, 1.8333333333333333]",0.4825338462816233
