,weights,regret
0,"[0.9999999999999999, 0.401, 0.001, 3.5000000000000018, 1.0, 1.0, 0.8999999999999997, 0.30100000000000005, 3.5000000000000018, 3.1000000000000014, 1.6, 3.200000000000001]",1.0098844382671417
