,labelled data,weights,regret
0,50,"[31.0, 31.0, 91.0, 51.0, 41.0, 1.0, 91.0, 0.001, 0.001, 20.001000000000005, 71.0, 121.0]",1.8447777289428757
1,100,"[71.0, 61.0, 91.0, 51.0, 41.0, 11.0, 81.0, 0.001, 20.000999999999998, 30.001000000000005, 81.0, 121.0]",4.1825622113802625
