,labelled data,weights,regret
0,50,"[1.5, 1.5, 1.5, 2.0, 1.0, 2.0, 0.5, 3.25, 0.001, 2.1666666666666665, 1.5, 0.33433333333333337]",0.6016872706717578
1,100,"[1.5, 1.5, 1.5, 2.5, 1.5, 2.5, 0.126, 3.5, 0.626, 1.7916666666666665, 1.5, 0.0010000000000000286]",0.18281818157772886
