,weights,regret
0,"[3.000000000000001, 0.10100000000000003, 1.9, 1.6000000000000005, 1.5000000000000004, 0.5000000000000001, 0.8999999999999997, 0.9999999999999999, 2.3000000000000003, 2.2, 1.8999999999999995, 1.1]",1.1162279847387486
