,weights,regret
0,"[0.001, 2.125, 1.3269230769230766, 1.5, 1.5, 0.5, 0.5, 2.75, 0.4385, 2.3125, 0.001, 0.625]",0.12733053488931198
