,weights,regret
0,"[0.001, 121.83433333333333, 72.0, 10.000999999999998, 61.0, 91.0, 58.333333333333336, 82.66666666666666, 45.001, 124.33333333333334, 0.001, 12.834333333333335]",0.16913873706866056
