,labelled data,weights,regret
0,50,"[21.0, 21.0, 101.0, 81.0, 1.0, 1.0, 111.0, 10.001, 1.0, 60.001000000000005, 61.0, 111.0]",2.9274572254733693
1,100,"[61.0, 91.0, 141.0, 41.0, 1.0, 11.0, 101.0, 10.001000000000001, 0.001, 60.001000000000005, 81.0, 111.0]",1.5538867243886392
