,weights,regret
0,"[1.2749999999999986, 1.1603773584905677, 0.9999999999999999, 1.32661290322581, 1.0, 1.0, 2.1000000000000005, 1.5, 0.9166666666666671, 0.3135, 1.5, 0.49999999999999917]",14.932785749452155
