,weights,regret
0,"[6.0, 2.126, 2.5009999999999994, 4.8759999999999994, 2.0, 2.0, 2.125, 0.251, 16.5, 4.083333333333334, 3.5, 5.5]",0.30013168550087654
