,labelled data,weights,regret
0,50,"[1.5, 1.5, 1.5, 0.33333333333333337, 1.0, 1.0, 1.75, 1.5, 1.2500000000000002, 1.9999999999999996, 1.5, 1.6]",63.19063618494033
1,100,"[1.5, 1.5, 1.75, 0.5, 1.0, 1.0, 1.5, 1.5, 1.2500000000000002, 1.9999999999999996, 1.5, 1.6500000000000001]",66.16049127949863
