,labelled data,weights,regret
0,50,"[1.01, 1.0358490566037746, 1.108333333333333, 1.028225806451612, 1.049999999999999, 1.06, 1.08, 1.1500000000000001, 0.9333333333333331, 0.9750000000000001, 1.083333333333333, 1.2100000000000002]",17.902813480199818
1,100,"[1.0330000000000017, 1.0433962264150949, 1.1333333333333329, 1.0717741935483842, 1.049999999999999, 1.06, 1.2000000000000002, 1.1500000000000001, 0.8333333333333328, 0.9625000000000001, 1.083333333333333, 1.3100000000000003]",18.90660440328789
