,labelled data,weights,regret
0,50,"[16.0, 16.0, 31.0, 51.0, 16.0, 31.0, 0.001, 60.001000000000005, 10.001000000000001, 21.0, 31.0, 25.001000000000005]",1.8834517156471522
1,100,"[16.0, 21.0, 31.0, 81.0, 55.001, 51.0, 20.001, 70.001, 20.001, 1.0, 31.0, 10.001000000000005]",0.2882158179066471
