,weights,regret
0,"[11.0, 1.0, 11.0, 27.66666666666666, 6.112111111111111, 11.0, 5.001, 5.001000000000001, 1.6676666666666673, 10.001000000000001, 8.334333333333333, 41.0]",4.223247301601121
