,weights,regret
0,"[0.001, 2.4000000000000012, 1.5000000000000004, 1.2000000000000002, 1.0, 1.0, 0.42500000000000016, 2.000000000000001, 0.8, 1.7833333333333337, 1.1, 2.0166666666666675]",0.5972316936685367
