,labelled data,weights,regret
0,50,"[1.1800000000000002, 1.6226415094339621, 1.958333333333335, 1.2499999999999998, 1.7500000000000007, 1.4, 1.2, 2.0, 0.6666666666666667, 2.75, 1.666666666666667, 2.6000000000000014]",20.200667168333858
1,100,"[1.4200000000000004, 2.0377358490566038, 2.1250000000000018, 1.7822580645161283, 1.9500000000000008, 1.4, 2.1999999999999997, 2.0, 0.6666666666666667, 3.25, 1.666666666666667, 4.8]",23.55841979030588
