,weights,regret
0,"[0.20000000000000015, 1.5000000000000004, 1.9000000000000008, 0.9, 1.0, 1.0, 1.2000000000000002, 0.8999999999999999, 0.20100000000000004, 1.2000000000000004, 1.1, 1.7010000000000005]",0.8943965071359645
