,weights,regret
0,"[0.501, 2.1000000000000005, 2.100000000000001, 0.8000000000000004, 1.2000000000000002, 1.0, 1.9000000000000004, 2.500000000000001, 0.20100000000000004, 1.5, 1.9000000000000004, 3.300000000000001]",0.42781067553651014
