,weights,regret
0,"[3.4000000000000012, 0.7000000000000001, 3.5000000000000004, 2.7000000000000015, 2.4000000000000012, 0.101, 0.5010000000000001, 1.5010000000000001, 3.7000000000000015, 4.000000000000002, 0.29999999999999954, 2.9000000000000012]",0.6698649742011903
