,labelled data,weights,regret
0,50,"[24.44147619047619, 47.334333333333326, 31.0, 71.0, 0.001, 61.0, 71.501, 20.000999999999998, 18.334333333333333, 15.001000000000001, 84.5, 0.001]",0.06969691687231723
1,100,"[31.29861904761904, 59.001000000000005, 83.5, 111.0, 20.000999999999998, 131.0, 87.66766666666666, 70.001, 31.66766666666667, 8.798619047619045, 118.42857142857143, 23.167666666666662]",0.3710414630684022
