,weights,regret
0,"[0.13736363636363635, 1.7416666666666665, 2.125, 0.001, 2.0, 2.0, 1.75, 2.375, 1.0416666666666665, 1.9166666666666665, 0.4666666666666667, 0.376]",0.1264278814114333
