,labelled data,weights,regret
0,50,"[20.001, 50.001, 50.001, 10.001, 1.0, 1.0, 20.000999999999998, 70.001, 20.001000000000005, 61.0, 40.001000000000005, 30.001000000000005]",11.040033065077482
1,100,"[10.000999999999998, 110.001, 80.001, 0.001, 40.001, 11.0, 80.001, 120.001, 20.001000000000005, 101.0, 40.001000000000005, 20.001000000000005]",1.4741361482560351
