,weights,regret
0,"[1.4349999999999947, 1.1320754716981145, 1.1249999999999996, 1.1693548387096784, 1.0, 1.0, 1.8000000000000003, 1.5, 1.166666666666667, 0.3125, 1.5, 0.401]",3.149857934821371
