,labelled data,weights,regret
0,50,"[0.10099999999999995, 5.905660377358493, 10.000999999999998, 1.887096774193547, 6.0, 7.0, 14.001, 10.001000000000001, 2.6666666666666674, 4.75, 3.334333333333333, 18.000999999999998]",23.391994080370324
1,100,"[2.7010000000000005, 7.226415094339624, 11.250999999999998, 2.4516129032258056, 6.0, 7.0, 12.001, 15.001000000000001, 4.333333333333334, 18.5, 6.6676666666666655, 19.000999999999998]",11.826398020589629
