,labelled data,weights,regret
0,50,"[15.001000000000001, 16.0, 31.0, 16.0, 1.0, 1.0, 51.0, 0.001, 0.001, 15.001000000000001, 31.0, 56.0]",3.0446057285730648
1,100,"[20.001, 36.0, 61.0, 0.001, 6.0, 1.0, 51.0, 5.001, 5.001000000000001, 20.001, 36.0, 56.0]",1.3733775230120113
