,weights,regret
0,"[2.0000000000000004, 1.2000000000000002, 0.4, 2.1000000000000005, 1.4000000000000004, 1.5000000000000004, 2.1000000000000005, 1.4000000000000004, 1.6, 1.4999999999999998, 1.6, 1.4999999999999996]",1.9108879630073314
