,labelled data,weights,regret
0,50,"[1.1, 1.1, 1.5000000000000004, 1.1, 1.0, 1.0, 1.6000000000000005, 1.0, 0.7000000000000001, 0.41666666666666685, 1.1, 1.2000000000000002]",5.007637780563141
1,100,"[1.2000000000000002, 1.4000000000000004, 2.000000000000001, 1.166666666666667, 1.0, 1.0, 1.4000000000000004, 0.55, 0.20000000000000015, 0.5166666666666668, 1.1, 1.2000000000000002]",0.8331751659484804
