,weights,regret
0,"[1.5000000000000004, 1.6000000000000005, 1.6000000000000005, 0.5999999999999996, 1.0, 1.0, 0.6000000000000001, 1.9000000000000008, 0.13333333333333336, 1.5500000000000005, 1.1, 0.001]",0.09471653526995553
