,labelled data,weights,regret
0,50,"[10.001, 16.0, 26.0, 0.001, 11.0, 21.0, 21.0, 100.001, 13.334333333333333, 61.0, 11.0, 7.001]",6.045563842712164
1,100,"[0.001, 31.0, 76.0, 0.001, 31.0, 21.0, 11.0, 120.001, 23.334333333333333, 101.0, 31.0, 5.0009999999999994]",0.5234559188627376
