,labelled data,weights,regret
0,50,"[1.0, 1.1, 1.0, 1.0, 1.0, 1.0, 0.7650000000000001, 1.6000000000000005, 0.2333333333333335, 1.4583333333333337, 1.0, 0.6000000000000001]",13.496853182709673
1,100,"[0.9, 1.3000000000000003, 0.9, 0.9, 1.0, 1.1, 0.8650000000000001, 1.6000000000000005, 0.1833333333333335, 1.4583333333333337, 1.0, 0.55]",11.745641203888281
