,weights,regret
0,"[1.0349999999999984, 1.1415094339622656, 1.4583333333333317, 0.9556451612903231, 1.025, 1.0, 1.9000000000000004, 1.5, 1.0833333333333337, 1.6875, 1.5, 0.7499999999999994]",25.851962943948173
