,labelled data,weights,regret
0,50,"[3.0, 3.0, 4.0, 0.001, 2.0, 1.0, 3.001, 5.0009999999999994, 0.001, 3.0009999999999994, 3.0, 1.001]",12.671754762508122
1,100,"[1.001, 5.0, 6.0, 1.0010000000000003, 3.0, 3.0, 5.0009999999999994, 9.001, 0.001, 8.001, 5.0, 4.0009999999999994]",8.503352010850575
