,labelled data,weights,regret
0,50,"[4.0, 7.0, 5.0, 11.0, 8.001, 3.0, 3.001, 4.0009999999999994, 6.0, 4.0, 6.0, 9.0]",22.396409593141403
1,100,"[5.0, 8.0, 9.0, 12.0, 8.001, 5.0, 3.0009999999999994, 6.0009999999999994, 4.001, 5.0009999999999994, 9.0, 11.0]",19.511918386319998
