,labelled data,weights,regret
0,50,"[1.0, 1.0, 0.75, 0.75, 1.0, 1.0, 1.6000000000000003, 1.5, 0.9166666666666667, 0.8333333333333333, 1.0, 0.95]",0.8023338733584905
1,100,"[1.0, 1.0, 1.0, 0.625, 1.0, 1.0, 1.7000000000000004, 1.5, 0.75, 0.7499999999999999, 1.0, 1.0]",0.7258041729600068
