,labelled data,weights,regret
0,50,"[1.001, 4.0009999999999994, 2.001, 2.0009999999999994, 2.0, 4.0, 1.501, 4.0, 0.501, 5.0, 1.001, 1.501]",14.536389340142104
1,100,"[3.201, 7.0009999999999994, 5.0009999999999994, 0.16766666666666663, 3.0, 4.0, 4.5009999999999994, 5.0, 0.501, 7.0, 2.001, 2.251]",14.403500579994132
