,labelled data,weights,regret
0,50,"[5.0009999999999994, 14.667666666666669, 31.0, 0.0010000000000012221, 5.001000000000001, 25.001, 28.334333333333333, 38.5, 5.001000000000001, 28.750999999999998, 0.8343333333333333, 5.417666666666666]",0.12512925850944648
1,100,"[3.5724285714285715, 30.084333333333333, 37.666666666666664, 5.001000000000001, 20.001, 50.001000000000005, 48.33433333333333, 46.0, 6.251000000000001, 57.50099999999999, 3.5724285714285715, 0.001]",0.17958687172824567
