,labelled data,weights,regret
0,50,"[1.05, 1.2075471698113207, 1.4166666666666674, 1.2338709677419353, 1.3000000000000003, 1.0, 2.4, 2.0, 1.166666666666667, 0.75, 1.5000000000000002, 2.200000000000001]",18.175070808725668
1,100,"[0.98, 1.1132075471698113, 1.7500000000000009, 1.4677419354838706, 1.2500000000000002, 1.0, 2.6, 2.0, 1.3333333333333337, 0.125, 1.5000000000000002, 2.8000000000000016]",12.828772148576185
