,weights,regret
0,"[4.400000000000001, 1.899999999999999, 3.601, 0.8, 3.100000000000002, 1.1, 3.5000000000000013, 0.5000000000000009, 2.099999999999999, 2.400000000000001, 2.6999999999999993, 1.6999999999999993]",0.32890051082115296
