,labelled data,weights,regret
0,50,"[6.0, 0.001, 1.0, 0.001, 1.0, 6.0, 6.0, 1.0, 0.001, 6.0, 1.0, 6.0]",80.42485960446886
1,100,"[6.0, 0.001, 3.5, 0.001, 6.0, 6.0, 6.0, 1.0, 0.001, 11.0, 1.0, 3.5]",36.12412588062354
