,weights,regret
0,"[1.026, 5.084333333333333, 3.3333333333333335, 0.5009999999999999, 5.5, 10.0, 4.666666666666666, 6.607142857142858, 2.458333333333333, 7.708333333333333, 0.4581428571428572, 1.0426666666666666]",0.08889785279035736
