,weights,regret
0,"[0.751, 4.2509999999999994, 4.25, 0.501, 2.5, 6.5009999999999994, 5.666666666666667, 7.291666666666666, 1.6885, 6.375, 0.651, 1.4343333333333332]",0.2722766131078817
