,weights,regret
0,"[1.5000000000000004, 0.07600000000000001, 0.07600000000000001, 0.8750000000000004, 1.0, 1.0, 2.9000000000000017, 0.051000000000000004, 2.6000000000000014, 0.9821428571428573, 1.1, 0.65]",0.511552162223716
