,labelled data,weights,regret
0,50,"[1.7500000000000002, 1.660377358490566, 2.6666666666666665, 1.282258064516129, 1.0, 1.0, 8.0, 8.5, 2.666666666666668, 6.2509999999999994, 6.0, 4.0]",5.531104247943532
1,100,"[1.3000000000000003, 3.358490566037737, 3.5000000000000004, 0.7580645161290324, 1.25, 1.0, 8.0, 8.5, 2.666666666666668, 9.376, 6.0, 3.5]",3.7281606187311978
