,labelled data,weights,regret
0,50,"[0.14782539682539686, 5.9, 4.0009999999999994, 0.001, 2.001, 6.0, 3.0, 6.916666666666667, 4.0009999999999994, 5.186714285714285, 0.001, 0.8343333333333334]",0.14282670296259736
1,100,"[0.8191818181818182, 8.716666666666667, 7.0009999999999994, 2.001, 5.0009999999999994, 11.0, 7.050000000000001, 12.916666666666668, 0.6259999999999994, 10.686714285714285, 0.7152857142857143, 0.601]",0.14688022111036106
