,weights,regret
0,"[1.0999999999999999, 1.0, 0.001, 4.100000000000001, 1.0, 1.2, 0.601, 0.501, 3.9000000000000017, 3.2000000000000015, 1.7000000000000002, 2.900000000000001]",0.9888081096512156
