,labelled data,weights,regret
0,50,"[16.0, 11.0, 26.0, 10.001000000000001, 6.0, 1.0, 16.0, 0.001, 0.0010000000000012221, 15.001000000000001, 16.0, 26.0]",3.9103664527123194
1,100,"[16.0, 16.0, 36.0, 10.001000000000001, 6.0, 1.0, 21.0, 5.001, 5.0009999999999994, 15.001000000000001, 21.0, 26.0]",3.4506491885764454
