,labelled data,weights,regret
0,50,"[0.001, 3.0, 2.5, 0.001, 1.0, 1.0, 2.0, 3.0, 0.001, 4.333333333333333, 1.5, 0.5009999999999999]",1.2007380839709088
1,100,"[0.501, 5.5, 4.0, 0.001, 1.0, 1.0, 4.0, 3.5, 0.001, 5.833333333333333, 1.5, 1.501]",1.4527907461068006
