,labelled data,weights,regret
0,50,"[1.1900000000000002, 1.320754716981132, 1.5416666666666676, 1.129032258064516, 1.3500000000000003, 1.0, 2.4, 2.0, 0.6666666666666667, 1.625, 1.666666666666667, 0.8]",4.958476117489625
1,100,"[1.09, 1.4150943396226414, 1.8750000000000016, 0.8870967741935485, 1.3500000000000003, 1.0, 2.4, 2.0, 0.6666666666666667, 2.375, 1.666666666666667, 1.0999999999999999]",4.960068664162618
