,labelled data,weights,regret
0,50,"[11.0, 11.0, 11.0, 20.999999999999996, 11.0, 11.0, 2.501, 20.000999999999998, 6.000000000000002, 11.0, 11.0, 3.001]",0.361016264360106
1,100,"[11.0, 11.0, 16.0, 24.33333333333333, 5.715285714285714, 11.0, 7.5009999999999994, 20.000999999999998, 5.001, 21.0, 15.999999999999998, 4.0009999999999994]",1.0747117428813346
