,labelled data,weights,regret
0,50,"[21.0, 11.0, 11.0, 51.0, 10.001, 21.0, 30.000999999999998, 51.0, 0.001, 0.001, 31.0, 0.001]",0.28426007504864803
1,100,"[21.0, 21.0, 51.0, 71.0, 30.001, 51.0, 50.001, 71.0, 20.001, 10.001000000000005, 61.0, 0.0010000000000012221]",0.3202075371248038
