,weights,regret
0,"[0.3834675324675324, 4.25, 4.583333333333333, 0.47242857142857153, 2.0, 1.5, 2.75, 6.5009999999999994, 0.6676666666666666, 5.5, 2.5, 0.45100000000000007]",1.5684780092607484
