,labelled data,weights,regret
0,50,"[1.1, 1.1, 1.3000000000000003, 1.3500000000000003, 1.0, 1.2000000000000002, 0.1500000000000001, 1.8000000000000007, 0.65, 1.4500000000000004, 1.1, 0.7233333333333336]",14.93706161403819
1,100,"[0.9, 1.5000000000000004, 1.3000000000000003, 1.9500000000000008, 1.0, 1.2000000000000002, 0.001, 1.8000000000000007, 0.65, 0.4333333333333335, 1.1, 0.09000000000000034]",0.1352193121355151
