,labelled data,weights,regret
0,50,"[20.000999999999998, 45.001000000000005, 51.0, 41.0, 0.0010000000000012221, 71.0, 45.001000000000005, 36.0, 25.001, 0.0010000000000012221, 91.0, 20.001]",0.38323045113888277
1,100,"[10.000999999999998, 80.001, 71.0, 51.0, 0.0010000000000012221, 101.0, 65.001, 46.0, 25.001000000000005, 5.0009999999999994, 131.0, 45.001000000000005]",0.38323045113888277
