,labelled data,weights,regret
0,50,"[0.001, 14.001, 21.0, 0.001, 3.001, 15.0, 18.0, 19.0, 11.001000000000001, 16.001, 0.001, 1.001]",0.13740326381050544
1,100,"[7.001000000000001, 21.000999999999998, 24.0, 3.0009999999999994, 3.0009999999999994, 26.0, 21.0, 28.0, 4.001000000000001, 20.001, 3.001, 6.0009999999999994]",2.960812149577237
