,weights,regret
0,"[1.3000000000000003, 1.1, 1.3000000000000003, 1.9500000000000006, 1.0, 1.0, 0.8, 0.09999999999999991, 0.3999999999999999, 0.40595238095238106, 1.1, 1.7000000000000006]",4.689150153622434
