,weights,regret
0,"[1.9999999999999998, 0.1885, 2.8333333333333326, 1.5, 1.5, 0.5, 1.125, 1.5625, 1.1875, 4.125, 0.6885, 2.125]",0.09912640598132007
