,weights,regret
0,"[11.0, 6.0, 16.0, 46.0, 15.001000000000001, 10.001000000000001, 5.001, 2.501, 5.001, 39.333333333333336, 26.66766666666667, 39.16766666666666]",0.08683645429749857
