,labelled data,weights,regret
0,50,"[0.8, 0.8, 1.3000000000000003, 0.8, 1.0, 1.0, 1.2000000000000002, 0.6499999999999999, 0.5000000000000001, 0.7583333333333333, 0.8, 1.4000000000000004]",1.9353681924011286
1,100,"[1.1, 1.1, 1.4000000000000004, 0.7, 1.0, 1.0, 1.3000000000000003, 0.2, 0.25000000000000017, 0.8083333333333333, 1.1, 1.4000000000000004]",3.6143211172992324
