,weights,regret
0,"[16.0, 11.0, 0.001, 17.501, 10.001000000000001, 11.0, 23.5, 0.001, 72.66666666666666, 31.000000000000007, 11.0, 31.0]",0.4064637372507187
