,weights,regret
0,"[3.0, 2.5, 1.501, 5.458333333333333, 2.0, 1.1676666666666664, 4.25, 7.7509999999999994, 1.9166666666666665, 5.333333333333332, 1.001, 1.5259999999999998]",0.5755561914105463
