,labelled data,weights,regret
0,50,"[2.0, 2.5, 3.0, 0.25, 1.0, 1.0, 2.5, 0.001, 0.001, 1.4999999999999996, 1.5, 3.0]",1.8960259993589996
1,100,"[3.0, 3.0, 3.5, 0.5843333333333333, 1.5, 1.0, 3.0, 0.001, 0.251, 0.201, 2.0, 3.0]",5.346197931468781
