,weights,regret
0,"[3.4478174603174603, 2.7916666666666674, 1.7083333333333333, 2.001, 2.5, 1.001, 2.5, 2.876595238095238, 1.346833333333333, 1.25, 3.127190476190476, 2.1666666666666665]",0.4640236488341499
