,labelled data,weights,regret
0,50,"[0.9150000000000005, 1.0624999999999996, 1.161538461538461, 1.1, 0.7000000000000001, 1.3000000000000003, 1.3124999999999991, 1.324999999999999, 1.1250000000000002, 0.7500000000000003, 0.9875000000000003, 0.8750000000000006]",8.26904120255007
1,100,"[0.8400000000000004, 1.1124999999999996, 1.274999999999999, 0.7000000000000001, 1.1, 1.3000000000000003, 1.3999999999999988, 1.337499999999999, 1.1875, 0.7000000000000003, 0.8625000000000004, 0.8125000000000006]",4.564300854683212
