,weights,regret
0,"[0.8009999999999999, 1.0, 0.001, 6.366666666666666, 2.0, 1.0, 0.626, 6.0, 0.7509999999999999, 5.854166666666666, 1.25, 0.001]",0.040581670197342705
