,labelled data,weights,regret
0,50,"[2.001, 5.0009999999999994, 10.5, 4.5, 0.0010000000000000009, 7.5, 6.0009999999999994, 8.5, 4.0, 0.5009999999999999, 7.5, 1.5]",0.3977793224915871
1,100,"[2.0009999999999994, 6.5009999999999994, 11.5, 6.0, 0.5009999999999999, 9.5, 8.501, 10.0, 4.0009999999999994, 1.5009999999999994, 15.0, 3.0]",0.4760949366897919
