,labelled data,weights,regret
0,50,"[11.0, 11.0, 11.0, 7.666666666666667, 1.0, 11.0, 4.0009999999999994, 10.001000000000001, 11.0, 24.33333333333334, 11.0, 2.0]",69.37985863889047
1,100,"[11.0, 11.0, 11.0, 1.0000000000000009, 11.0, 11.0, 4.0009999999999994, 10.001000000000001, 11.0, 26.000000000000007, 11.0, 3.0]",49.196971734415264
