,labelled data,weights,regret
0,50,"[31.001, 41.0, 31.0, 0.001, 11.0, 21.0, 51.0, 41.0, 10.001000000000001, 13.334333333333333, 21.0, 10.001000000000001]",1.0860835391584434
1,100,"[41.001000000000005, 51.0, 41.0, 11.667666666666666, 11.0, 21.0, 51.0, 41.0, 10.001000000000001, 11.667666666666666, 21.0, 0.001000000000000334]",0.6349444827426558
