,labelled data,weights,regret
0,50,"[1.0999999999999999, 1.25, 2.3076923076923057, 2.0, 0.001, 2.001, 2.0, 2.5, 1.75, 0.25, 1.875, 0.75]",0.8863384349081873
1,100,"[1.0999999999999999, 0.875, 3.096153846153842, 2.0, 0.001, 2.001, 1.875, 2.875, 1.875, 0.125, 1.75, 1.0]",0.500182151717882
