,weights,regret
0,"[0.9600000000000002, 1.0374999999999999, 1.2019230769230762, 0.8, 1.0, 1.3000000000000003, 1.1999999999999995, 1.3249999999999993, 1.0500000000000003, 1.1374999999999997, 0.7375000000000005, 0.9000000000000006]",1.540134422644265
