,labelled data,weights,regret
0,50,"[2.0, 2.0, 3.0, 3.0, 2.0, 2.0, 1.5, 3.501, 1.5, 1.75, 3.0, 0.601]",1.5981707292346545
1,100,"[2.0, 3.0, 3.0, 4.5, 2.0, 3.0, 0.7509999999999999, 3.501, 1.0, 1.416666666666667, 4.0, 0.30100000000000005]",0.16623648641264088
