,weights,regret
0,"[0.001, 5.0, 3.5, 1.675, 1.5, 1.0, 1.501, 6.5, 0.4176666666666667, 4.761904761904762, 3.0, 6.566666666666666]",0.7756834905641837
