,labelled data,weights,regret
0,50,"[11.0, 0.001, 1.0, 0.001, 1.0, 11.0, 11.0, 1.0, 0.001, 11.0, 1.0, 11.0]",80.42485960446886
1,100,"[11.0, 0.001, 1.0, 0.001, 1.0, 11.0, 11.0, 1.0, 0.001, 11.0, 1.0, 11.0]",68.4222620214996
