,weights,regret
0,"[4.75, 3.0, 1.6676666666666664, 0.16009090909090912, 3.0, 1.5, 2.9, 5.25, 1.0833333333333335, 5.986309523809524, 4.5, 0.401]",0.782483382727812
