,weights,regret
0,"[0.9850000000000009, 1.1249999999999993, 1.023076923076923, 1.3000000000000003, 1.2000000000000002, 0.7000000000000001, 0.8500000000000003, 1.349999999999999, 1.1125, 1.2374999999999994, 0.7125000000000009, 0.8875000000000003]",1.0830916263674415
