,weights,regret
0,"[1.0129999999999988, 1.0056603773584907, 1.0083333333333333, 1.0548387096774146, 1.0, 1.0, 1.1600000000000001, 1.1, 1.0333333333333334, 1.0499999999999998, 1.1, 1.09]",5.103248352505665
