,labelled data,weights,regret
0,50,"[1.09, 1.0943396226415094, 1.2083333333333337, 1.1370967741935483, 1.0, 1.0, 1.0010000000000001, 1.001, 0.9999999999999999, 0.375, 1.001, 0.401]",9.319858653796146
1,100,"[1.1900000000000002, 1.150943396226415, 1.333333333333334, 1.2983870967741933, 1.0, 1.0, 1.201, 1.001, 0.8333333333333333, 0.876, 1.001, 0.40100000000000013]",18.75433774020543
