,weights,regret
0,"[1.4000000000000004, 1.7000000000000006, 1.3000000000000003, 0.8999999999999999, 1.0, 1.1, 0.6000000000000001, 1.7000000000000006, 0.7333333333333336, 1.5500000000000005, 1.1, 0.15000000000000022]",0.11637346069803572
