,labelled data,weights,regret
0,50,"[1.001, 5.0, 4.0, 0.8333333333333333, 1.0, 2.0, 3.5, 3.501, 0.001, 3.166666666666666, 2.0, 3.0]",18.682700298068077
1,100,"[1.001, 5.0, 4.0, 1.1666666666666665, 1.0, 2.0, 3.5, 3.501, 0.8343333333333334, 3.166666666666666, 2.0, 3.0]",19.34734067621609
