,weights,regret
0,"[0.0010000000000000286, 2.4000000000000012, 1.7000000000000006, 1.3000000000000003, 1.0, 0.9, 0.44999999999999996, 1.8000000000000007, 0.5833333333333334, 1.3000000000000003, 1.0, 1.8000000000000007]",0.6594929380352189
