,weights,regret
0,"[0.10000000000000021, 2.0, 1.2944444444444447, 1.5, 1.5, 0.5, 0.875, 2.25, 1.5, 2.875, 0.0010000000000000009, 0.358142857142857]",0.13579056034917286
