,labelled data,weights,regret
0,50,"[0.9, 1.4000000000000004, 1.4000000000000004, 0.7499999999999998, 0.8, 1.0, 0.7000000000000001, 1.8000000000000007, 0.001, 1.9750000000000008, 0.9, 0.6833333333333333]",11.000565889909721
1,100,"[0.3800000000000001, 2.000000000000001, 1.7000000000000006, 0.4199999999999998, 0.8, 1.0, 0.9, 2.300000000000001, 0.08433333333333334, 2.1750000000000007, 0.9, 0.18333333333333346]",1.4361000880157337
