,labelled data,weights,regret
0,50,"[0.8999999999999999, 0.6749999999999999, 1.4699999999999998, 1.3000000000000003, 0.5000000000000001, 1.3000000000000003, 1.0875, 1.4124999999999988, 1.175, 0.5249999999999997, 1.3499999999999999, 0.8250000000000003]",1.2506071387715496
1,100,"[0.96, 0.5799999999999998, 1.684999999999999, 1.3000000000000003, 0.40000000000000013, 1.4000000000000004, 1.2499999999999998, 1.5124999999999984, 1.1375000000000002, 0.5964285714285712, 1.3499999999999999, 0.7250000000000002]",0.007255428053209749
