,weights,regret
0,"[2.1000000000000005, 0.5, 0.001, 3.200000000000002, 1.3000000000000003, 1.2000000000000002, 1.3, 0.001, 5.799999999999995, 3.4000000000000017, 1.6, 1.8999999999999995]",0.2881146216087539
