,weights,regret
0,"[1.1541666666666668, 2.1583333333333337, 2.6818181818181817, 3.5, 3.0, 0.001, 0.04166666666666652, 1.541666666666667, 3.5, 1.0083333333333333, 1.5666666666666669, 0.34166666666666673]",0.5448779281654165
