,labelled data,weights,regret
0,50,"[0.6833333333333327, 4.734333333333334, 5.0, 4.0009999999999994, 1.0, 7.0, 6.95, 4.183333333333334, 1.001, 0.001, 8.1, 0.3176666666666663]",0.7699282010509181
1,100,"[2.384333333333333, 8.551, 9.333333333333334, 6.0009999999999994, 1.001, 14.0, 11.733333333333333, 8.183333333333334, 1.334333333333333, 1.6795714285714283, 14.859523809523807, 2.6986190476190477]",0.3710414630684022
