,labelled data,weights,regret
0,50,"[6.375, 23.500999999999998, 18.5, 5.001000000000001, 6.0, 15.001000000000001, 26.833333333333332, 33.54266666666667, 16.667666666666666, 37.25, 0.001, 4.167666666666667]",0.1264325859682493
1,100,"[0.001, 51.001, 30.0, 10.001000000000001, 15.001000000000001, 45.001000000000005, 53.49999999999999, 56.876000000000005, 12.126000000000001, 53.08333333333333, 3.001, 0.001]",0.19135776726424988
