,labelled data,weights,regret
0,50,"[0.6, 1.7000000000000006, 1.5000000000000002, 1.1, 1.0, 1.1, 1.2, 2.300000000000001, 0.49999999999999967, 1.7, 1.6, 1.3999999999999995]",29.743744630327672
1,100,"[0.5, 1.9000000000000008, 1.5000000000000002, 0.9, 1.0, 1.1, 1.4000000000000001, 2.300000000000001, 0.49999999999999967, 1.7, 1.6, 1.2999999999999994]",25.811701957992952
