,labelled data,weights,regret
0,50,"[1.5, 1.5, 1.5, 1.5, 1.0, 1.0, 2.5, 2.5, 0.4176666666666667, 0.7083333333333334, 1.5, 0.08333333333333326]",0.3734440570029398
1,100,"[1.5, 1.5, 1.5, 3.0, 0.5, 1.0, 1.5, 2.5, 0.4176666666666667, 1.2083333333333335, 1.0, 1.1833333333333331]",6.459706998738693
