,labelled data,weights,regret
0,50,"[2.001, 7.0, 3.001, 0.001, 3.501, 5.0, 3.5, 5.5, 1.001, 6.5009999999999994, 2.501, 0.5009999999999999]",3.434952778901021
1,100,"[0.001, 12.5, 5.0009999999999994, 1.001, 3.0009999999999994, 7.0, 5.5, 9.0, 1.501, 4.0009999999999994, 0.001, 2.501]",0.17722536936447073
