,labelled data,weights,regret
0,50,"[0.001, 1.5, 2.5, 1.25, 1.5, 1.0, 4.5, 0.501, 0.29266666666666663, 0.4385, 3.0, 4.0]",1.8708183329117523
1,100,"[1.8343333333333334, 3.0, 4.0, 1.333333333333333, 1.5, 1.0, 4.5, 0.001, 0.251, 0.4384999999999999, 3.0, 4.0]",1.4422360168724033
