,labelled data,weights,regret
0,50,"[3.85, 2.0867142857142857, 4.5, 4.0, 0.001, 4.0009999999999994, 4.521238095238095, 2.8343333333333334, 0.001, 2.001, 4.625, 0.001]",1.189403229285044
1,100,"[5.791666666666666, 2.4867142857142857, 6.633333333333333, 6.0, 1.001, 10.001, 6.6712380952380945, 6.834333333333333, 0.501, 3.5176666666666665, 7.291666666666668, 2.167666666666667]",0.4127299861945449
