,labelled data,weights,regret
0,50,"[11.0, 21.0, 21.0, 31.0, 11.0, 21.0, 10.001000000000001, 31.0, 0.001, 25.000999999999998, 11.0, 0.001]",420.57292198537783
1,100,"[0.001, 61.0, 51.0, 0.001, 11.0, 21.0, 30.001, 41.0, 5.001, 58.334333333333326, 26.0, 10.001]",0.4825644444558822
