,labelled data,weights,regret
0,50,"[0.001, 16.250999999999998, 16.96153846153846, 1.0, 1.0, 10.001, 28.5, 28.5, 26.0, 1.251, 0.001000000000000334, 7.501]",1.3840885921941763
1,100,"[9.001, 17.500999999999998, 25.615384615384617, 21.0, 0.001, 20.000999999999998, 42.25, 33.5, 22.25, 25.000999999999998, 5.001000000000001, 1.2509999999999994]",7.125817502414374
