,labelled data,weights,regret
0,50,"[1.5, 1.5, 2.0, 2.5, 1.0, 1.5, 0.251, 3.0, 0.251, 1.4176666666666666, 1.5, 0.251]",0.236410714239971
1,100,"[1.5, 1.5, 2.0, 2.5, 1.0, 2.5, 0.001, 3.0, 0.251, 0.7926666666666666, 1.5, 0.001]",0.1352247463656784
