,labelled data,weights,regret
0,50,"[1.5, 1.5, 1.5, 0.001, 1.0, 1.0, 0.9009999999999999, 2.0, 1.0000000000000004, 3.5000000000000018, 1.5, 0.4999999999999993]",49.05181734487287
1,100,"[2.0, 1.5, 1.75, 0.001, 1.0, 1.0, 0.9009999999999999, 2.0, 1.0000000000000004, 5.333333333333331, 1.5, 0.6499999999999994]",47.05145191284251
