,labelled data,weights,regret
0,50,"[4.2, 1.3676666666666668, 0.8866013071895424, 3.0, 0.001, 2.001, 0.7093333333333334, 2.75, 0.24147619047619046, 2.5, 3.0, 5.0]",10.894601175747743
1,100,"[4.533333333333333, 2.1343333333333336, 2.8866013071895424, 3.0, 0.001, 3.001, 2.1093333333333333, 3.75, 0.3998095238095239, 1.4166666666666667, 4.366666666666667, 3.5]",1.8421906815617153
