,labelled data,weights,regret
0,50,"[11.0, 21.0, 11.0, 16.0, 10.001, 1.0, 10.001, 25.001, 1.0, 18.5, 21.0, 6.0]",13.46899288351962
1,100,"[11.0, 21.0, 11.0, 16.0, 10.001, 1.0, 10.001, 25.001, 0.001, 18.5, 21.0, 6.0]",13.45529130735341
