,weights,regret
0,"[1.1499999999999992, 0.3135, 2.076923076923077, 2.0, 1.5, 0.001, 0.9375, 1.1875, 1.4375, 3.0625, 0.126, 2.25]",0.257241950549328
