,weights,regret
0,"[1.0050000000000003, 1.0375, 1.0384615384615383, 1.2000000000000002, 1.1, 0.7000000000000001, 0.9875000000000005, 1.1999999999999997, 1.2374999999999994, 1.0250000000000001, 0.9375000000000002, 0.9625]",1.3793844777130102
