,labelled data,weights,regret
0,50,"[3.3343333333333334, 30.785714285714274, 22.500999999999998, 0.001, 20.000999999999998, 21.0, 41.0, 31.999999999999996, 12.501000000000001, 25.001, 0.001, 0.001]",0.3312702491864804
1,100,"[0.001, 66.5, 27.500999999999998, 0.001, 0.001, 31.0, 4.0, 56.28571428571426, 7.501000000000001, 29.000999999999998, 6.2509999999999994, 0.001]",0.018134739255354453
