,labelled data,weights,regret
0,50,"[1.7000000000000004, 1.9433962264150941, 1.833333333333333, 4.306451612903225, 1.5, 3.0, 15.0, 11.0, 6.000000000000002, 1.0, 11.0, 10.0]",18.419614667434427
1,100,"[1.8000000000000005, 2.8867924528301883, 1.833333333333333, 6.9677419354838825, 1.5, 3.0, 15.0, 11.0, 6.000000000000002, 1.0, 11.0, 10.0]",18.746594052799264
