,weights,regret
0,"[1.001, 5.0, 4.0, 2.408333333333333, 3.0, 1.5, 3.0, 4.5, 1.0426666666666666, 2.4385, 3.0, 7.5]",0.2641160973785068
