,weights,regret
0,"[2.0, 2.0, 2.5, 4.5, 1.0333333333333332, 3.0, 0.751, 0.0010000000000000009, 0.08433333333333332, 0.5416666666666666, 0.5, 4.5]",0.15144199671937147
