,labelled data,weights,regret
0,50,"[0.001, 2.2000000000000006, 1.8000000000000003, 0.6000000000000001, 1.1, 1.7000000000000006, 1.4000000000000006, 2.3, 0.601, 1.6000000000000008, 0.001, 0.30100000000000016]",0.11748325803209447
1,100,"[0.5009999999999999, 2.700000000000001, 1.9000000000000001, 0.10000000000000014, 1.6000000000000005, 3.0000000000000018, 1.9000000000000008, 2.4, 0.40100000000000036, 3.0000000000000018, 0.001, 1.001]",0.20802340582481568
