,weights,regret
0,"[0.9, 1.1, 0.8, 1.3000000000000003, 1.2000000000000002, 0.8, 0.6750000000000002, 1.7000000000000006, 0.7500000000000002, 1.516666666666667, 1.0, 1.2766666666666675]",0.9441196628427404
