,labelled data,weights,regret
0,50,"[5.11547619047619, 0.670047619047619, 3.9833333333333343, 4.0009999999999994, 0.001, 4.0, 2.9129047619047617, 2.5009999999999994, 0.0010000000000000009, 2.601, 5.0, 2.5833333333333335]",0.9983456741875336
1,100,"[4.382142857142856, 0.5533809523809523, 7.983333333333334, 11.001, 0.001, 8.0, 2.5129047619047613, 5.5009999999999994, 0.001, 1.101, 7.866666666666667, 1.0500000000000003]",2.93213656167357e-05
