,weights,regret
0,"[0.8950000000000004, 1.05, 1.228846153846153, 0.6000000000000001, 1.2000000000000002, 1.3000000000000003, 1.2249999999999994, 1.2499999999999996, 1.15, 1.0875, 0.6250000000000004, 0.9000000000000005]",1.7514307033278542
