,labelled data,weights,regret
0,50,"[31.0, 41.0, 41.0, 3.334333333333333, 1.0, 11.0, 31.0, 56.0, 15.001000000000001, 85.001, 21.0, 15.001000000000005]",6.249830663466464
1,100,"[25.667666666666666, 51.0, 61.0, 0.001, 21.0, 21.0, 61.0, 86.0, 0.001, 105.001, 51.0, 25.001000000000005]",1.5217942309958234
