,labelled data,weights,regret
0,50,"[1.0, 1.0333333333333334, 1.0, 1.4499999999999995, 1.0, 1.0, 0.4399999999999995, 1.1, 0.8499999999999999, 1.0249999999999997, 1.0, 0.7999999999999998]",1.1760799249119305
1,100,"[1.0, 1.0333333333333334, 1.0, 1.9749999999999976, 1.0, 1.0, 0.27999999999999936, 1.1, 0.8499999999999999, 0.2916666666666659, 1.0, 0.3499999999999994]",0.1747371630613768
