,labelled data,weights,regret
0,50,"[0.9099999999999998, 0.8750000000000004, 1.182692307692307, 1.2000000000000002, 0.5000000000000001, 1.3000000000000003, 0.8999999999999999, 1.2374999999999994, 1.0124999999999997, 0.7249999999999999, 1.0875, 0.9499999999999998]",5.015220350809181
1,100,"[0.9349999999999998, 0.7750000000000005, 1.2865384615384605, 1.2000000000000002, 0.5000000000000001, 1.3000000000000003, 0.9624999999999998, 1.337499999999999, 1.0624999999999996, 0.7125, 1.1374999999999997, 0.9749999999999998]",2.9279324944901823
