,weights,regret
0,"[0.9900000000000018, 0.9622641509433961, 1.3333333333333328, 1.0967741935483886, 1.025, 1.0, 1.8000000000000003, 1.5, 1.166666666666667, 1.375, 1.5833333333333333, 3.299999999999996]",2.2512306718529103
