,labelled data,weights,regret
0,50,"[0.001, 2.5094339622641506, 8.5, 0.5161290322580647, 3.5, 1.0, 9.0, 6.0, 1.6676666666666664, 5.0009999999999994, 4.333333333333333, 4.0]",3.6188902928961784
1,100,"[1.600999999999999, 5.528301886792454, 10.58333333333333, 1.9677419354838714, 4.0, 1.0, 9.0, 6.0, 3.334333333333333, 13.751, 4.333333333333333, 8.001]",4.289492028253487
