,labelled data,weights,regret
0,50,"[0.001, 55.001000000000005, 46.0, 10.001000000000001, 11.0, 46.0, 40.001000000000005, 55.001000000000005, 20.001, 45.001, 0.0010000000000012221, 15.000999999999998]",0.11750878635075504
1,100,"[0.001, 95.001, 81.0, 0.0010000000000012221, 31.0, 71.0, 50.001000000000005, 85.001, 20.001, 65.001, 10.001, 0.001]",0.11747226015690863
