,labelled data,weights,regret
0,50,"[1.0, 21.0, 51.0, 31.0, 1.0, 11.0, 31.0, 70.001, 41.0, 41.0, 61.0, 101.0]",111.27340640982446
1,100,"[30.001, 31.0, 81.0, 11.0, 190.001, 31.0, 41.0, 80.001, 21.0, 61.0, 61.0, 91.0]",77.29782933193975
