,weights,regret
0,"[7.001, 47.54861904761905, 55.16666666666667, 111.0, 161.0, 10.000999999999998, 42.25, 61.41666666666666, 121.0, 8.334333333333333, 0.001, 5.001]",0.9365378190679515
