,labelled data,weights,regret
0,50,"[1.179166666666667, 0.7149999999999996, 0.9333333333333333, 1.3000000000000003, 0.20000000000000015, 1.4000000000000004, 0.8500000000000002, 1.2500000000000002, 0.46666666666666656, 0.8050000000000003, 1.5242857142857147, 1.1866666666666668]",0.006377817109227374
1,100,"[1.191666666666667, 0.7149999999999996, 1.222222222222222, 1.2000000000000002, 0.30000000000000016, 1.4000000000000004, 0.9500000000000004, 1.2500000000000002, 0.6416666666666666, 0.8175000000000004, 1.538571428571429, 1.0666666666666667]",0.0063393655818143905
