,labelled data,weights,regret
0,50,"[6.0, 11.0, 11.0, 16.0, 5.001, 11.0, 16.250999999999998, 16.0, 2.501, 12.501000000000001, 5.001, 0.001]",416.3898724510621
1,100,"[0.001, 16.0, 11.0, 2.0, 15.455545454545458, 6.0, 18.750999999999998, 16.0, 0.001, 27.501, 12.501000000000001, 3.0009999999999994]",0.14009867971759218
