,labelled data,weights,regret
0,50,"[0.5, 1.0, 1.0, 1.5, 1.0, 1.0, 0.0010000000000000009, 1.75, 0.251, 1.25, 0.5, 0.401]",2.3584012534558103
1,100,"[0.5, 1.0, 1.0, 2.0, 0.001, 1.5, 0.126, 1.75, 0.0010000000000000009, 1.5833333333333337, 1.0, 1.001]",0.15084447044419202
