,labelled data,weights,regret
0,50,"[41.0, 41.0, 61.0, 31.0, 11.0, 1.0, 61.0, 0.001, 10.001, 40.001, 31.0, 51.0]",4.687795768433973
1,100,"[31.0, 71.0, 91.0, 31.0, 11.0, 11.0, 51.0, 10.000999999999998, 10.000999999999998, 30.000999999999998, 41.0, 51.0]",1.311036970902254
