,weights,regret
0,"[1.1, 1.4000000000000004, 1.3000000000000003, 2.000000000000001, 1.0, 1.0, 0.6010000000000004, 0.40000000000000013, 2.0000000000000004, 0.001, 1.0, 0.3010000000000001]",0.3622785425238113
