,weights,regret
0,"[8.0, 2.0843333333333334, 0.001, 3.7926666666666655, 1.0, 1.5, 5.0, 0.0010000000000000009, 19.0, 8.803571428571429, 1.5, 3.25]",0.2877249541110631
