,weights,regret
0,"[0.7999999999999996, 1.8000000000000007, 2.4, 1.5000000000000004, 2.000000000000001, 1.1, 1.200000000000001, 2.6, 2.600000000000001, 3.8000000000000016, 0.201, 0.9999999999999996]",0.6757941983103007
