,weights,regret
0,"[1.3999999999999948, 1.1226415094339626, 1.5416666666666652, 1.0241935483870972, 1.025, 1.0, 0.8999999999999997, 1.5, 1.833333333333333, 1.125, 1.5, 0.0010000000000000009]",5.781225087520985
