,labelled data,weights,regret
0,50,"[31.0, 10.001, 21.0, 0.001000000000000334, 11.0, 1.0, 41.0, 35.001000000000005, 5.001, 15.001000000000001, 21.0, 5.001]",71.91613014731247
1,100,"[0.001, 100.001, 81.0, 0.001, 31.0, 21.0, 71.0, 75.001, 10.001000000000001, 125.001, 51.0, 30.001000000000005]",0.5468197354084213
