,weights,regret
0,"[11.0, 16.0, 11.0, 1.4295714285714292, 18.334333333333333, 11.0, 8.001000000000001, 16.0, 17.666666666666664, 42.501, 19.333333333333332, 6.0009999999999994]",6.120430787658521
