,weights,regret
0,"[35.16766666666667, 29.000999999999994, 1.6717598275104013, 41.0, 0.001, 41.0, 12.167666666666669, 10.001, 0.001, 16.834333333333333, 10.834333333333333, 32.501]",0.5553953504168119
