,weights,regret
0,"[7.477190476190476, 112.33433333333332, 101.0, 0.001, 50.001, 90.001, 102.99999999999999, 111.83333333333334, 30.417666666666662, 91.49999999999999, 14.33433333333333, 0.001]",0.36529782542852995
