,labelled data,weights,regret
0,50,"[14.0, 15.000999999999998, 17.666666666666668, 11.0, 0.001, 11.0, 16.0, 12.25, 7.25, 11.251, 16.0, 2.8581428571428567]",11.03238765372502
1,100,"[16.0, 10.000999999999998, 24.33333333333334, 11.0, 0.001, 11.0, 16.0, 13.5, 2.25, 22.500999999999998, 0.001, 5.715285714285715]",8.029275171225603
