,weights,regret
0,"[1.2199999999999975, 1.2075471698113232, 1.0624999999999998, 1.100806451612904, 1.0, 1.0, 1.3000000000000003, 1.0, 0.7499999999999998, 0.4375, 1.0, 0.4010000000000001]",0.6880406944665507
