,labelled data,weights,regret
0,50,"[22.501, 27.167666666666666, 53.99999999999999, 0.001, 40.001, 51.0, 41.66766666666667, 12.001000000000001, 0.001, 6.6676666666666655, 76.83333333333334, 5.001]",0.6743272561000956
1,100,"[3.38988888888889, 56.667666666666676, 77.33333333333333, 0.001, 30.000999999999998, 91.0, 70.001, 15.001, 5.001, 26.14385714285714, 73.50000000000001, 4.500999999999998]",0.4899929586215113
