,labelled data,weights,regret
0,50,"[1.0949999999999993, 1.198113207547172, 1.3541666666666654, 1.1008064516129046, 1.1999999999999993, 1.0, 1.7000000000000006, 2.0, 0.5833333333333331, 1.125, 1.4999999999999996, 0.95]",9.629204246915508
1,100,"[1.074999999999999, 1.2358490566037763, 1.4166666666666652, 1.0241935483870972, 1.1999999999999993, 1.0, 1.8000000000000007, 2.0, 0.49999999999999983, 1.6875, 1.4999999999999996, 0.8499999999999999]",4.813816662224739
