,labelled data,weights,regret
0,50,"[2.5, 3.0, 4.0, 2.5, 1.5, 1.0, 5.5, 1.001, 2.501, 3.0, 4.0, 6.0]",10.31522170393018
1,100,"[3.0, 3.5, 5.0, 3.0, 1.5, 1.5, 5.5, 0.001, 1.001, 2.0, 4.0, 6.0]",4.014628654965092
