,labelled data,weights,regret
0,50,"[0.2079545454545454, 1.125, 2.0, 1.001, 2.0, 3.0, 2.875, 2.875, 0.001, 1.1428571428571428, 1.25, 0.001]",5.264438335108322
1,100,"[0.9996212121212122, 1.625, 2.0, 0.001, 2.0, 2.5, 3.125, 2.875, 0.29266666666666663, 1.476190476190476, 1.1666666666666667, 0.126]",3.6198188584294106
