,labelled data,weights,regret
0,50,"[6.0, 6.0, 6.0, 6.0, 6.0, 6.0, 16.0, 10.001, 3.5, 1.8760000000000003, 11.0, 1.0]",1.2354842161595383
1,100,"[6.0, 6.0, 11.0, 6.0, 6.0, 6.0, 16.0, 10.001, 3.5, 4.584333333333333, 11.0, 7.167666666666666]",6.984764217131352
