,labelled data,weights,regret
0,50,"[6.0, 6.0, 6.0, 10.999999999999998, 6.0, 5.001, 2.001, 7.5009999999999994, 1.8333333333333346, 6.0, 6.833333333333333, 7.5]",2.2668448460673347
1,100,"[6.0, 6.0, 6.0, 15.999999999999996, 6.0, 10.001000000000001, 2.001, 7.5009999999999994, 4.167666666666667, 4.749999999999999, 11.833333333333336, 2.001]",0.1519450685447155
