,weights,regret
0,"[7.0, 1.001, 0.0010000000000000009, 7.233333333333333, 1.0, 2.0, 8.65, 4.2509999999999994, 12.333333333333334, 5.1380952380952385, 3.0, 6.8916666666666675]",1.2139847800608718
