,labelled data,weights,regret
0,50,"[0.001, 80.001, 86.0, 5.001, 15.001000000000001, 76.0, 66.0, 86.0, 36.0, 76.0, 0.001, 10.000999999999998]",0.11757054182453522
1,100,"[0.001, 135.001, 101.0, 10.001000000000001, 25.001000000000005, 101.0, 86.0, 126.0, 50.001000000000005, 86.0, 0.001000000000000334, 0.001]",0.1256666191386063
