,weights,regret
0,"[2.049999999999999, 1.5625, 0.09715384615384615, 0.001, 1.5, 2.0, 0.6884999999999999, 0.001, 0.126, 1.6875, 2.5625, 2.25]",1.8476649211903315
