,weights,regret
0,"[31.0, 1.6676666666666669, 0.001, 27.084333333333333, 1.0, 1.0, 12.500999999999998, 5.001, 151.0, 45.38790476190476, 6.0, 10.001000000000001]",0.3200376622563361
