,labelled data,weights,regret
0,50,"[4.834333333333333, 60.16766666666666, 41.0, 31.0, 40.001, 61.0, 43.001, 57.66666666666667, 25.000999999999998, 81.001, 0.001, 5.000999999999998]",0.21183161872019227
1,100,"[9.362111111111112, 101.66766666666663, 72.0, 31.0, 40.001, 121.0, 73.001, 117.66666666666667, 10.001000000000001, 114.33433333333333, 8.334333333333333, 18.334333333333333]",0.2065659764827648
