,weights,regret
0,"[7.0, 1.5, 0.001, 2.501, 3.0, 1.001, 5.5, 0.2509999999999999, 11.584333333333333, 4.6136904761904765, 2.5, 5.817666666666667]",1.2565327706914584
