,weights,regret
0,"[0.001, 51.834333333333326, 29.0, 0.001, 26.0, 60.001000000000005, 23.416666666666668, 41.833333333333336, 20.000999999999998, 51.0, 0.001, 6.1676666666666655]",0.08654644629256245
