,labelled data,weights,regret
0,50,"[41.0, 26.0, 46.0, 52.666666666666664, 11.0, 31.0, 0.001, 80.001, 8.334333333333333, 11.0, 21.0, 8.001]",0.15390110019109554
1,100,"[41.0, 16.0, 46.0, 92.66666666666666, 21.0, 41.0, 7.501000000000001, 120.001, 6.6676666666666655, 7.666666666666664, 91.0, 4.0009999999999994]",0.21384844882409634
