,labelled data,weights,regret
0,50,"[30.000999999999998, 31.0, 31.0, 1.0, 11.0, 31.0, 41.0, 45.001000000000005, 13.334333333333333, 27.500999999999998, 21.0, 9.001]",3.5178160049883225
1,100,"[30.000999999999998, 71.0, 61.0, 6.001000000000001, 21.0, 31.0, 61.0, 45.001000000000005, 18.334333333333333, 27.500999999999998, 31.0, 19.000999999999998]",0.5240113554682123
