,labelled data,weights,regret
0,50,"[6.0, 3.501, 8.5, 3.5, 0.001, 4.0, 4.0, 5.5, 3.5, 1.0, 5.5, 3.0]",2.124096561231197
1,100,"[7.0, 3.001, 8.0, 5.5, 0.001, 3.5, 3.001, 6.5, 3.0, 0.5, 7.0, 3.0]",1.2213986090129063
