,labelled data,weights,regret
0,50,"[1.0, 21.0, 16.0, 6.0, 10.001000000000001, 6.0, 10.001000000000001, 31.0, 5.001, 30.001, 16.0, 20.001]",9.33208907783019
1,100,"[15.001000000000001, 46.0, 21.0, 6.0, 10.001000000000001, 6.0, 15.001000000000001, 36.0, 5.001000000000001, 35.001000000000005, 21.0, 20.001]",12.938567416108464
