,weights,regret
0,"[1.4099999999999953, 1.0188679245283019, 1.0624999999999998, 1.0524193548387104, 1.0, 1.0, 2.2000000000000006, 1.5, 0.8333333333333337, 1.375, 1.5, 0.501]",7.62242492444954
