,labelled data,weights,regret
0,50,"[3.0009999999999994, 12.001, 18.0, 7.0, 0.001, 10.001, 13.0, 15.0, 6.001000000000001, 1.001, 18.0, 4.0009999999999994]",0.39785909623645216
1,100,"[1.0009999999999994, 22.000999999999998, 20.0, 11.0, 0.001, 23.000999999999998, 14.0, 26.0, 5.001, 1.0009999999999994, 25.0, 8.001]",0.3954781756647258
