,weights,regret
0,"[3.0, 5.0, 2.001, 6.75, 1.8732222222222221, 2.5, 1.0, 1.751, 0.16766666666666666, 1.8035714285714286, 1.5, 4.0]",1.468749873924503
