,labelled data,weights,regret
0,50,"[3.0, 6.0, 6.0, 5.0, 2.0, 2.001, 5.0, 6.0009999999999994, 3.0, 8.001000000000001, 7.0, 11.0]",118.62315999841907
1,100,"[0.001, 6.0, 7.0, 2.0, 3.0, 3.001, 5.0, 9.001, 3.0, 8.001000000000001, 7.0, 11.0]",67.9689100579561
