,labelled data,weights,regret
0,50,"[3.0, 3.0, 4.0, 1.0, 1.0, 1.0, 6.0, 0.001, 0.501, 1.001, 5.0, 5.0]",3.3592118850228023
1,100,"[0.3343333333333333, 5.0, 6.0, 0.9176666666666666, 2.0, 1.0, 6.0, 2.501, 0.5009999999999999, 2.501, 5.0, 5.0]",1.34506979679017
