,weights,regret
0,"[70.28671428571428, 0.001, 38.76181301739196, 40.001000000000005, 41.0, 5.001, 4.346238095238094, 6.2509999999999994, 42.501000000000005, 40.001000000000005, 23.94147619047619, 30.000999999999998]",0.6966731164178501
