,labelled data,weights,regret
0,50,"[1.3500000000000005, 1.9433962264150941, 2.4583333333333335, 0.838709677419355, 1.0, 1.0, 10.0, 8.5, 1.8333333333333346, 8.126, 6.0, 3.0]",5.654287993781113
1,100,"[1.4500000000000002, 2.8867924528301896, 3.916666666666668, 0.3145161290322583, 1.5, 1.0, 10.0, 8.5, 2.666666666666668, 9.376, 6.0, 3.5]",5.305434433861979
