,labelled data,weights,regret
0,50,"[11.0, 11.0, 11.0, 4.333333333333334, 10.001, 11.0, 31.0, 10.001, 11.0, 12.501, 14.333333333333332, 15.0]",0.6258791487698889
1,100,"[11.0, 21.0, 11.0, 10.000999999999998, 10.001, 11.0, 31.0, 10.001, 12.666666666666666, 15.001, 14.333333333333332, 15.0]",0.6727924828622541
