,weights,regret
0,"[1.0399999999999998, 1.2264150943396233, 1.1666666666666665, 1.2096774193548396, 1.0749999999999997, 1.0, 1.6, 1.5, 1.3333333333333335, 0.6885, 1.5, 2.0500000000000003]",1.0411271032087621
