,weights,regret
0,"[0.6828181818181818, 3.7000000000000024, 1.7999999999999992, 1.501, 0.001, 2.0, 2.875, 3.4375, 1.625, 0.0635, 2.491666666666667, 0.6676666666666661]",1.2024642906083873
