,weights,regret
0,"[1.1350000000000016, 1.3207547169811333, 1.2291666666666659, 1.05241935483871, 1.0, 1.0, 2.0000000000000004, 1.5, 1.0000000000000004, 1.6875, 1.5, 2.449999999999999]",0.9323681568157596
