,weights,regret
0,"[1.9000000000000006, 0.5010000000000001, 0.101, 1.6000000000000012, 1.0, 1.0, 1.4000000000000001, 0.10100000000000003, 6.099999999999994, 3.5000000000000018, 1.6, 1.3999999999999992]",0.2965136587369701
