,labelled data,weights,regret
0,50,"[5.001, 55.001, 91.0, 40.001000000000005, 0.0010000000000012221, 60.001000000000005, 56.0, 61.0, 45.001000000000005, 5.001, 96.0, 1.0]",0.7014718300993312
1,100,"[25.000999999999998, 65.001, 106.0, 50.001000000000005, 5.001, 110.001, 96.0, 96.0, 20.001000000000005, 25.000999999999998, 151.0, 0.001]",0.5327136615832279
