,weights,regret
0,"[1.0949999999999998, 0.8875, 1.069230769230769, 1.3000000000000003, 1.2000000000000002, 0.7000000000000001, 1.1499999999999997, 0.8375000000000002, 1.0875000000000001, 0.9250000000000002, 1.2999999999999996, 1.0999999999999999]",1.0266816448935072
