,weights,regret
0,"[1.0550000000000004, 0.9624999999999999, 1.113461538461538, 1.2000000000000002, 1.2000000000000002, 0.8, 1.1624999999999996, 0.9875000000000004, 1.15, 0.9500000000000003, 1.1875, 0.9875]",1.1000399983481421
