,weights,regret
0,"[10.001, 10.001, 5.001, 20.000999999999998, 4.286714285714285, 11.0, 4.0009999999999994, 11.0, 3.3343333333333347, 0.001, 1.6676666666666673, 24.000999999999998]",2.0740862781856735
