,labelled data,weights,regret
0,50,"[10.000999999999998, 40.001, 96.0, 36.0, 0.0010000000000012221, 66.0, 51.0, 76.0, 46.0, 10.000999999999998, 66.0, 10.000999999999998]",0.39565861280858794
1,100,"[10.001, 75.001, 111.0, 66.0, 10.001000000000001, 111.0, 56.0, 91.0, 31.0, 0.001, 131.0, 40.001]",0.38318426633922403
