,labelled data,weights,regret
0,50,"[6.0, 8.5, 6.0, 15.999999999999996, 5.001, 6.0, 5.0009999999999994, 5.001, 2.666666666666668, 9.75, 10.166666666666668, 4.0]",0.7817493825244881
1,100,"[6.0, 8.5, 6.0, 17.666666666666664, 7.501, 6.0, 6.2509999999999994, 5.001, 1.0000000000000013, 6.5, 12.66666666666667, 1.501]",0.1686300406742812
