,labelled data,weights,regret
0,50,"[11.0, 21.0, 21.0, 61.0, 10.001, 41.0, 0.001, 50.001, 0.001, 11.0, 21.0, 20.000999999999998]",1.4242459768094964
1,100,"[11.0, 21.0, 21.0, 91.0, 30.000999999999998, 51.0, 20.000999999999998, 50.001, 10.001, 0.001, 31.0, 0.001]",0.28243980955215653
