,labelled data,weights,regret
0,50,"[91.0, 60.001, 151.0, 10.001, 21.0, 31.0, 81.0, 111.0, 21.0, 71.0, 1.0, 21.0]",7.251755943317895
1,100,"[20.001000000000005, 130.001, 141.0, 10.000999999999998, 51.0, 71.0, 101.0, 141.0, 61.0, 111.0, 0.001, 20.000999999999998]",0.1263485106777087
