,weights,regret
0,"[2.501, 3.75, 2.001, 6.7509999999999994, 1.501, 2.5, 0.3343333333333333, 0.501, 6.0009999999999994, 4.484333333333333, 3.5009999999999994, 8.767666666666667]",1.0035791567233199
