,weights,regret
0,"[0.8009999999999998, 3.4166666666666714, 0.13333333333333386, 2.0, 1.5, 0.001, 2.4375, 2.9375, 3.625, 0.9642857142857142, 1.6071428571428568, 0.0010000000000000009]",0.25705089727629593
