,weights,regret
0,"[1.9000000000000008, 0.5000000000000001, 0.101, 0.9250000000000005, 1.0, 1.0, 2.5000000000000013, 0.30100000000000005, 3.0000000000000018, 0.975, 0.9, 1.9000000000000008]",1.249478096970118
