,weights,regret
0,"[6.0, 1.25, 0.001, 5.167666666666666, 3.001, 2.0, 6.625, 1.501, 13.583333333333332, 5.855952380952381, 5.0, 7.526]",1.2480332712522202
