,weights,regret
0,"[1.0109999999999988, 1.0169811320754725, 1.0041666666666667, 1.0580645161290276, 1.0, 1.0, 1.2000000000000002, 1.1, 1.0000000000000002, 0.9750000000000001, 1.1, 1.1400000000000001]",1.1900784174880943
