,labelled data,weights,regret
0,50,"[10.001, 13.334333333333333, 10.001, 17.500999999999998, 9.0, 11.0, 4.0009999999999994, 11.0, 5.001000000000001, 10.001000000000001, 11.667666666666666, 7.0009999999999994]",0.8898116946414845
1,100,"[10.001, 13.334333333333333, 10.001, 22.500999999999998, 11.0, 11.0, 6.001, 11.0, 3.334333333333333, 5.001000000000001, 13.334333333333332, 1.0009999999999994]",0.21791372971139417
