,labelled data,weights,regret
0,50,"[2.0, 2.0, 2.0, 1.6666666666666667, 1.0, 1.0, 2.5, 1.501, 1.6666666666666665, 2.1666666666666665, 2.0, 2.4000000000000004]",0.9824655817391751
1,100,"[2.0, 2.0, 1.5, 0.6666666666666667, 1.0, 1.0, 3.5, 2.001, 1.4999999999999998, 2.333333333333333, 2.0, 2.2]",1.4364683397898501
