,labelled data,weights,regret
0,50,"[0.5, 1.3333333333333333, 1.0, 0.001, 1.0, 2.0, 2.0, 2.0, 0.001, 1.0, 0.5, 0.5]",0.2891939010875816
1,100,"[0.5, 1.3333333333333333, 1.0, 0.001, 1.0, 2.0, 2.0, 2.0, 0.001, 1.0, 0.5, 0.5]",3.6806996495689583
