,weights,regret
0,"[0.9959999999999987, 1.0150943396226422, 1.0041666666666667, 1.0451612903225762, 1.0, 1.0, 1.2000000000000002, 1.1, 1.0000000000000002, 0.9500000000000002, 1.1, 1.1800000000000002]",1.1900784174880943
