,labelled data,weights,regret
0,50,"[1.001, 19.75, 10.23076923076923, 0.001, 10.001, 11.0, 12.25, 16.0, 11.251, 3.751, 0.001, 5.0009999999999994]",1.076575330337824
1,100,"[4.0009999999999994, 24.75, 20.615384615384613, 0.001, 20.000999999999998, 21.0, 24.75, 31.0, 17.500999999999998, 17.500999999999998, 0.001, 7.5009999999999994]",1.1211962393171375
