,weights,regret
0,"[0.126, 2.9375, 1.3076923076923075, 1.001, 1.0, 1.5, 1.875, 3.0625, 1.5, 0.1885, 1.875, 0.376]",1.2562637546071542
