,labelled data,weights,regret
0,50,"[1.0510000000000002, 2.7, 5.333333333333334, 4.0009999999999994, 1.0, 4.0009999999999994, 4.0009999999999994, 3.601, 2.501, 0.9176666666666666, 7.058333333333334, 0.001]",0.4969564623640463
1,100,"[0.401, 6.516666666666666, 6.333333333333334, 5.0009999999999994, 0.001, 11.001, 4.867666666666666, 6.601, 2.3343333333333334, 0.401, 9.891666666666667, 2.7009999999999996]",0.4585870490594171
