,weights,regret
0,"[4.0, 2.0, 0.08333333333333304, 6.458333333333333, 2.001, 1.5, 1.751, 1.251, 7.416666666666667, 7.583333333333333, 3.5, 7.0]",1.009608884932851
