,labelled data,weights,regret
0,50,"[3.7509999999999994, 20.916666666666668, 30.001, 0.001, 15.001000000000001, 36.0, 28.5, 26.0, 10.001000000000001, 40.41766666666667, 2.31647619047619, 7.1676666666666655]",0.19170615147804876
1,100,"[5.2390952380952385, 47.999999999999986, 40.501000000000005, 15.001000000000001, 20.001, 51.0, 36.0, 67.25, 5.001000000000001, 56.251, 8.572428571428572, 0.001]",0.1382678312076051
