,weights,regret
0,"[0.10000000000000012, 2.625, 2.8000000000000007, 1.5, 1.5, 0.5, 1.3125, 1.875, 1.0625, 1.0, 0.001, 1.7499999999999998]",1.232655184684728
