,weights,regret
0,"[1.1, 1.3000000000000003, 1.5000000000000004, 2.000000000000001, 1.1, 0.001, 0.5500000000000002, 1.7000000000000008, 1.5000000000000004, 0.5892857142857143, 1.1, 0.4416666666666668]",3.0291294827432713
