,labelled data,weights,regret
0,50,"[0.8100000000000002, 1.1624999999999994, 1.1499999999999995, 0.7000000000000001, 1.0, 1.3000000000000003, 1.2499999999999993, 1.4124999999999992, 1.2124999999999997, 0.9999999999999999, 0.4750000000000004, 0.8000000000000005]",4.402088526759976
1,100,"[0.7400000000000001, 1.224999999999999, 1.2596153846153837, 0.7000000000000001, 1.0, 1.3000000000000003, 1.337499999999999, 1.5874999999999986, 1.3124999999999993, 1.0625, 0.20000000000000037, 0.6750000000000008]",0.9761002836839333
