,labelled data,weights,regret
0,50,"[21.0, 16.0, 51.0, 31.0, 25.001, 21.0, 25.000999999999998, 56.0, 15.001000000000001, 40.001, 36.0, 36.0]",21.09380876258144
1,100,"[36.0, 41.0, 51.0, 16.0, 25.001, 21.0, 40.001, 56.0, 15.001000000000001, 50.001, 36.0, 36.0]",17.10310321841304
