,labelled data,weights,regret
0,50,"[6.0, 6.0, 6.0, 16.0, 6.0, 11.0, 0.001, 16.0, 0.001, 7.501000000000001, 11.0, 5.0009999999999994]",2.377106181745618
1,100,"[6.0, 6.0, 6.0, 21.0, 11.0, 11.0, 5.001, 16.0, 3.751, 7.667666666666666, 16.0, 0.001]",0.2631675458120668
