,weights,regret
0,"[1.9500000000000004, 0.001, 1.998684210526316, 1.5, 0.001, 2.0, 0.5634999999999999, 1.9375, 3.8125, 1.625, 1.75, 1.5]",2.17257927439601
