,labelled data,weights,regret
0,50,"[0.001, 10.001, 17.0, 0.001, 2.001, 8.001, 14.0, 20.0, 7.001000000000001, 14.0, 0.001, 2.0009999999999994]",0.11771232065700321
1,100,"[6.001000000000001, 16.000999999999998, 23.0, 2.0009999999999994, 9.001, 20.000999999999998, 21.0, 22.0, 4.001, 20.0, 1.0010000000000003, 6.0009999999999994]",2.9707141273628084
