,labelled data,weights,regret
0,50,"[4.25, 2.5009999999999994, 8.499999999999998, 6.0, 6.0, 0.001, 16.625, 2.875, 9.75, 0.375, 9.125, 3.1259999999999994]",5.436453094968341
1,100,"[7.25, 5.6259999999999994, 15.13461538461538, 0.001, 11.0, 10.001000000000001, 18.5, 7.25, 7.25, 3.126, 16.625, 3.7509999999999994]",3.131728554680732
