,labelled data,weights,regret
0,50,"[0.1885, 2.2916666666666674, 3.875, 2.501, 0.001, 2.5, 1.75, 2.6000000000000005, 1.4176666666666666, 0.126, 3.5625, 1.3499999999999996]",0.14252525427620744
1,100,"[0.0635, 2.4583333333333353, 3.625, 2.501, 1.001, 3.0, 2.833333333333334, 2.6000000000000005, 2.4176666666666664, 0.0635, 5.125, 2.5499999999999994]",0.14798847907251642
