,weights,regret
0,"[0.6000000000000001, 0.9, 0.001, 2.1500000000000004, 1.0, 0.8, 1.0, 1.9000000000000008, 0.19999999999999998, 2.1666666666666674, 1.1, 0.001]",0.12300486032836631
