,labelled data,weights,regret
0,50,"[8.5, 3.751, 10.8076923076923, 0.001, 11.0, 11.0, 12.25, 8.5, 9.75, 6.0, 11.0, 4.75]",9.26872675757477
1,100,"[9.5, 5.0009999999999994, 16.192307692307672, 0.001, 11.0, 11.0, 11.0, 8.5, 9.75, 6.0, 14.75, 1.251]",4.390397678897065
