,labelled data,weights,regret
0,50,"[1.0, 1.0, 1.0, 1.0, 0.9, 1.1, 1.0, 1.1, 0.9, 1.0, 1.0, 1.0]",9.934353955207778
1,100,"[1.0, 1.0, 1.0, 1.0, 0.9, 1.1, 1.0, 1.1, 0.9, 1.0, 1.0, 1.0]",9.934353955207778
