,labelled data,weights,regret
0,50,"[2.5, 1.5, 5.0, 4.5, 2.0, 2.0, 4.0, 0.001, 1.0, 1.5, 4.0, 7.0]",7.0536575174994764
1,100,"[3.0, 2.5, 6.0, 2.5, 2.5, 2.0, 4.0, 0.001, 0.5, 2.0, 4.5, 7.0]",1.4306314419759236
