,weights,regret
0,"[1.876, 42.50099999999999, 45.166666666666664, 0.001, 31.0, 55.001000000000005, 62.25, 66.91666666666667, 12.500999999999998, 56.70833333333332, 2.0843333333333334, 2.048619047619046]",0.1339478322715759
