,labelled data,weights,regret
0,50,"[0.001, 13.001, 18.0, 2.001, 2.001, 13.0, 12.0, 19.0, 8.0, 14.0, 0.001, 2.001]",0.11748325803209447
1,100,"[0.001, 25.000999999999998, 16.0, 3.0009999999999994, 4.0009999999999994, 21.0, 18.0, 26.0, 6.0, 25.0, 1.001, 0.001]",0.11605798470251125
