,weights,regret
0,"[1.0309999999999984, 1.0056603773584907, 1.0041666666666667, 1.0548387096774157, 1.0, 1.0, 1.2400000000000002, 1.1, 0.9666666666666668, 1.0499999999999998, 1.1, 1.05]",5.103248352505665
