,labelled data,weights,regret
0,50,"[21.0, 11.0, 31.0, 0.001, 1.0, 1.0, 27.501, 40.001000000000005, 10.000999999999998, 41.0, 11.0, 11.0]",24.004475997945494
1,100,"[10.001000000000001, 41.0, 31.0, 10.001, 10.001, 1.0, 32.501000000000005, 60.001000000000005, 5.001, 71.0, 11.0, 3.3343333333333334]",1.1363114008470059
