,labelled data,weights,regret
0,50,"[1.6557619047619045, 62.35814285714285, 34.0, 30.000999999999998, 10.001, 51.0, 54.501, 20.333333333333332, 56.251000000000005, 0.40576190476190543, 55.16666666666667, 0.001]",1.3205370091046862
1,100,"[13.858142857142855, 74.6914761904762, 61.5, 50.001, 30.000999999999998, 81.0, 96.16766666666665, 50.33333333333333, 53.751000000000005, 9.94147619047619, 128.0, 0.001]",0.4072830474394327
