,weights,regret
0,"[4.000000000000001, 2.701000000000001, 2.4010000000000002, 2.4000000000000012, 0.001, 3.300000000000002, 0.701, 1.7, 0.30100000000000016, 2.3000000000000003, 2.3000000000000003, 2.8000000000000007]",6.928406785985331
