,weights,regret
0,"[0.001, 2.300000000000001, 2.2000000000000006, 1.1999999999999995, 1.1, 1.1, 0.401, 2.100000000000001, 0.1999999999999997, 2.1999999999999997, 1.5, 2.0]",0.6594239071139093
