,weights,regret
0,"[0.9299999999999999, 1.1874999999999998, 1.021153846153846, 1.0, 1.2000000000000002, 0.8, 0.7999999999999998, 1.1624999999999994, 0.9625000000000004, 1.1624999999999992, 0.7125000000000004, 0.8750000000000002]",1.0830916263674415
