,labelled data,weights,regret
0,50,"[1.0, 1.0, 1.0, 1.0, 0.001, 6.0, 1.0, 6.0, 0.001, 1.0, 1.0, 1.0]",6.623604641443184
1,100,"[1.0, 1.0, 1.0, 1.0, 0.001, 6.0, 1.0, 6.0, 0.001, 1.0, 1.0, 1.0]",6.95212948743258
