,labelled data,weights,regret
0,50,"[4.348222222222226, 26.58433333333333, 18.5, 16.0, 10.001000000000001, 30.001, 23.167666666666666, 14.501, 7.501000000000001, 0.001, 48.125, 0.001000000000000334]",0.07292287113961013
1,100,"[3.2510000000000003, 48.66766666666666, 40.166666666666664, 26.0, 5.001, 55.001000000000005, 44.58433333333333, 34.501, 10.001, 0.001, 60.32738095238095, 0.001]",0.9005875270399007
