,labelled data,weights,regret
0,50,"[18.215285714285713, 11.012904761904762, 37.501, 0.001, 21.0, 20.000999999999998, 1.6676666666666708, 17.500999999999998, 4.0009999999999994, 4.501000000000001, 42.001, 16.000999999999998]",5.259677031258562
1,100,"[15.715285714285713, 21.012904761904764, 42.501, 0.001, 21.0, 20.000999999999998, 2.501, 22.500999999999998, 3.334333333333333, 3.7509999999999994, 56.001, 2.001]",5.237178672722054
