,weights,regret
0,"[6.937499999999999, 3.30695238095238, 0.5069202059202059, 1.001, 5.0, 1.001, 5.625, 1.640285714285713, 0.6009999999999996, 3.7093333333333334, 3.8666666666666667, 0.8333333333333333]",0.07585306162297423
