,weights,regret
0,"[0.49999999999999956, 2.5000000000000004, 2.5, 1.9000000000000008, 1.5000000000000004, 0.40000000000000013, 0.9, 2.4000000000000004, 2.7000000000000006, 1.2000000000000004, 0.8999999999999997, 0.401]",0.41706961032281786
