,weights,regret
0,"[0.001, 2.875, 3.533333333333334, 0.001, 0.5, 1.5, 2.0, 2.4375, 2.4375, 0.47421428571428553, 0.001, 2.275]",0.4695892044375168
