,labelled data,weights,regret
0,50,"[11.0, 21.0, 11.0, 6.0, 11.0, 11.0, 13.0, 15.001000000000001, 1.0, 29.333333333333336, 11.0, 6.0]",9.703241034010798
1,100,"[5.0, 21.0, 11.0, 6.667666666666666, 11.0, 11.0, 23.0, 15.001000000000001, 13.334333333333333, 39.333333333333336, 11.0, 0.001]",4.508470034848071
