,labelled data,weights,regret
0,50,"[6.0, 11.0, 11.0, 21.0, 6.0, 16.0, 2.501, 22.500999999999998, 5.0009999999999994, 6.6676666666666655, 11.0, 1.6676666666666664]",0.8548139182862233
1,100,"[6.0, 16.0, 11.0, 26.0, 0.001, 16.0, 5.001, 22.500999999999998, 2.5009999999999994, 13.334333333333333, 11.0, 3.7509999999999994]",0.2009810967484514
