,weights,regret
0,"[0.48135714285714315, 2.7857142857142856, 1.011111111111111, 1.001, 3.5, 1.001, 1.5301666666666665, 2.083333333333333, 0.6666666666666667, 5.25, 0.16766666666666666, 1.1676666666666666]",1.0142828509295498
