,labelled data,weights,regret
0,50,"[1.5, 2.0, 2.5, 3.0, 1.0, 2.5, 0.3343333333333333, 3.0, 1.1676666666666666, 1.6250000000000002, 1.5, 0.20100000000000007]",0.18805208999233264
1,100,"[1.5, 2.5, 2.5, 4.0, 0.3898888888888889, 3.0, 0.501, 3.0, 0.9176666666666666, 1.125, 1.5, 0.001]",0.20791156794518753
