,labelled data,weights,regret
0,50,"[1.6500000000000006, 1.5660377358490565, 3.2916666666666674, 2.370967741935485, 1.0, 1.0, 8.0, 8.5, 3.500000000000001, 0.6259999999999999, 6.0, 2.5]",12.315354291951975
1,100,"[2.250000000000001, 1.7547169811320753, 4.333333333333334, 2.935483870967745, 0.75, 1.0, 8.0, 8.5, 3.500000000000001, 0.001, 6.0, 0.001]",4.864948037814644
