,labelled data,weights,regret
0,50,"[1.0, 1.0, 1.0, 1.0, 1.0, 1.0, 3.5, 0.001, 1.0, 0.001, 6.0, 1.0]",24.811495968478425
1,100,"[1.0, 1.0, 1.0, 1.0, 1.0, 1.0, 3.5, 0.001, 1.0, 0.001, 6.0, 1.0]",24.773769984701605
