,weights,regret
0,"[0.19999999999999996, 2.600000000000001, 2.5, 2.100000000000001, 1.4000000000000004, 0.30000000000000016, 1.4, 2.4000000000000004, 2.6000000000000005, 0.6999999999999998, 0.9999999999999999, 0.101]",3.195145098674191
