,weights,regret
0,"[0.8700000000000003, 1.1624999999999994, 1.0288461538461537, 1.3000000000000003, 0.5000000000000001, 1.2000000000000002, 1.1499999999999997, 1.3124999999999991, 1.1125, 0.5625, 1.1874999999999996, 0.8375000000000002]",1.1462339969498039
