,weights,regret
0,"[31.251, 31.0, 0.001, 73.5, 5.001, 15.001000000000001, 23.750999999999998, 5.001, 135.83433333333335, 75.16666666666667, 15.001000000000001, 69.001]",1.2114017737267704
