,labelled data,weights,regret
0,50,"[1.501, 5.0, 3.0, 1.0, 1.0, 1.5, 1.501, 4.5, 1.001, 3.001, 1.5, 1.501]",17.91126502856928
1,100,"[1.501, 5.5, 4.5, 0.501, 1.5, 1.5, 2.501, 5.0, 1.501, 5.5009999999999994, 2.0, 0.001]",12.578853706293232
