,labelled data,weights,regret
0,50,"[56.0, 20.001, 81.0, 45.001000000000005, 0.001, 45.001000000000005, 16.0, 86.0, 20.001, 10.001000000000005, 71.0, 41.0]",0.00637781710922737
1,100,"[86.0, 40.001000000000005, 96.0, 60.001000000000005, 0.001000000000000334, 70.001, 56.0, 91.0, 15.001000000000001, 15.001000000000005, 101.0, 36.0]",2.1197332609836335
