,weights,regret
0,"[0.49999999999999967, 3.000000000000002, 3.0, 2.8000000000000016, 3.0000000000000018, 0.101, 1.300000000000001, 1.4000000000000017, 4.700000000000002, 1.299999999999999, 0.8999999999999997, 0.001]",0.3159860714284842
