,weights,regret
0,"[4.100000000000001, 0.001, 3.2000000000000006, 0.6000000000000001, 1.8000000000000007, 0.701, 2.9000000000000004, 0.101, 4.7, 2.8000000000000007, 1.6000000000000003, 3.0000000000000013]",0.25582251928502514
