,weights,regret
0,"[1.0319999999999983, 0.9924528301886791, 0.9916666666666667, 1.0661290322580599, 1.0, 1.0, 1.12, 1.1, 1.0666666666666667, 1.0624999999999998, 1.1, 1.05]",236.8027301422923
