,weights,regret
0,"[1.0050000000000006, 0.875, 1.2269230769230761, 0.7000000000000001, 1.2000000000000002, 1.3000000000000003, 1.2374999999999994, 1.125, 1.1624999999999996, 1.075, 0.8250000000000002, 1.0750000000000002]",1.8336684792610203
