,labelled data,weights,regret
0,50,"[1.001, 7.0009999999999994, 10.001, 2.0010000000000012, 1.0, 1.0, 4.0009999999999994, 8.0, 3.0010000000000012, 13.001000000000001, 6.001, 6.0009999999999994]",9.69082429716026
1,100,"[39.001, 15.001, 7.0009999999999994, 37.001, 11.001, 3.001, 10.001, 15.0, 2.0010000000000012, 19.001, 6.001, 1.0009999999999994]",340.4785091078041
