,weights,regret
0,"[2.273412698412698, 2.5500000000000003, 3.0, 1.001, 2.5, 2.501, 4.0, 3.916666666666667, 2.4375, 1.2047619047619045, 3.1952380952380954, 0.27023809523809517]",0.913802923006835
