,weights,regret
0,"[3.1875, 0.5511904761904762, 0.8062499999999999, 2.5, 0.501, 3.0, 0.5902857142857142, 1.25, 0.29266666666666663, 2.5, 1.6875, 2.083333333333333]",6.616147108844698
