,labelled data,weights,regret
0,50,"[15.001000000000001, 35.001, 35.001, 45.001000000000005, 35.001, 6.0, 30.001, 56.0, 10.001000000000001, 5.000999999999998, 30.001, 15.000999999999998]",1.8449015356929523
1,100,"[15.001000000000001, 30.000999999999998, 40.001, 70.001, 40.001, 56.0, 5.001000000000001, 56.0, 35.001000000000005, 30.000999999999998, 40.001000000000005, 35.001000000000005]",9.399873714519057
