,weights,regret
0,"[0.7099999999999997, 1.1226415094339637, 0.9999999999999999, 1.0362903225806446, 1.0499999999999998, 1.0, 1.4000000000000004, 1.0, 0.4999999999999997, 0.5635, 0.9999999999999999, 2.799999999999998]",0.5919346624415573
