,labelled data,weights,regret
0,50,"[2.400000000000001, 2.6981132075471694, 6.0, 0.5967741935483871, 1.0, 1.0, 15.0, 16.0, 4.333333333333336, 8.751, 11.0, 7.0]",4.264747814099413
1,100,"[2.7, 4.39622641509434, 6.416666666666667, 0.35483870967741926, 1.5, 1.0, 17.0, 16.0, 4.333333333333336, 18.750999999999998, 11.0, 6.0]",4.097020725715864
