,labelled data,weights,regret
0,50,"[0.001, 2.3000000000000003, 1.2999999999999998, 0.30000000000000016, 1.0, 1.7000000000000006, 1.9000000000000004, 2.1, 0.30100000000000005, 2.0000000000000004, 0.001, 0.6010000000000001]",0.11759985359957535
1,100,"[0.6010000000000002, 3.3000000000000007, 1.9000000000000001, 0.7000000000000001, 1.0, 2.5000000000000013, 2.2000000000000006, 2.7000000000000006, 0.0010000000000000286, 2.600000000000001, 0.30100000000000005, 0.30100000000000016]",0.14713980504753307
