,labelled data,weights,regret
0,50,"[1.0449999999999993, 1.0660377358490571, 1.1041666666666663, 1.1129032258064544, 1.0, 1.0, 2.0000000000000004, 1.5, 1.0000000000000004, 1.0, 1.5, 1.3499999999999999]",4.744980178044021
1,100,"[1.0349999999999993, 1.0754716981132082, 1.1041666666666663, 1.2016129032258116, 1.0, 1.0, 2.0000000000000004, 1.5, 1.0000000000000004, 0.9375, 1.5, 1.4]",4.744980178044021
