,labelled data,weights,regret
0,50,"[3.001, 2.0009999999999994, 5.5, 1.501, 2.0, 4.5, 5.0009999999999994, 0.001, 2.501, 2.001, 6.5, 2.501]",2.0973657881664294
1,100,"[1.501, 5.5009999999999994, 5.5, 4.0009999999999994, 0.001, 7.5, 2.0009999999999994, 7.0009999999999994, 0.001, 0.501, 12.0, 0.5009999999999999]",0.4615877355962202
