,labelled data,weights,regret
0,50,"[1.1, 1.2000000000000002, 1.3000000000000003, 1.4000000000000004, 1.0, 1.0, 1.6000000000000005, 1.3000000000000003, 0.7000000000000001, 0.6166666666666668, 1.1, 0.7333333333333333]",0.7001117282661745
1,100,"[1.3000000000000003, 1.4000000000000004, 1.6000000000000005, 0.9, 1.0, 1.0, 1.9000000000000008, 1.3000000000000003, 0.6, 0.7904761904761902, 1.1, 0.3083333333333331]",1.2641703555624526
