,labelled data,weights,regret
0,50,"[4.0, 3.0, 5.0, 9.0, 0.001, 2.0, 4.0009999999999994, 13.0, 1.001, 8.001, 7.0, 3.0]",9.011647200764791
1,100,"[4.0, 3.0, 8.0, 15.0, 4.001, 8.0, 0.001, 13.0, 2.001, 1.0009999999999994, 8.0, 1.001]",0.2213544180311838
