,labelled data,weights,regret
0,50,"[11.0, 11.0, 11.0, 13.5, 5.001, 11.0, 11.0, 17.500999999999998, 6.667666666666667, 7.084333333333333, 6.0, 3.334333333333334]",0.4362333012226087
1,100,"[11.0, 11.0, 11.0, 23.5, 2.667666666666667, 16.0, 5.001, 17.500999999999998, 6.667666666666667, 14.750999999999998, 11.0, 4.334333333333333]",0.2616875210212203
