,labelled data,weights,regret
0,50,"[0.40000000000000013, 1.8000000000000007, 1.3000000000000003, 0.6499999999999998, 1.0, 1.1, 0.8250000000000001, 1.8000000000000007, 0.06666666666666675, 1.8000000000000007, 1.1, 0.5833333333333335]",13.593069276277038
1,100,"[0.061, 2.4000000000000012, 1.7000000000000006, 0.2399999999999997, 1.0, 1.1, 1.0250000000000001, 2.000000000000001, 0.16766666666666669, 2.200000000000001, 1.1, 0.4333333333333335]",0.4822523643285183
