,weights,regret
0,"[0.30100000000000005, 2.400000000000001, 2.6, 1.3000000000000003, 1.3000000000000003, 2.4000000000000012, 2.500000000000001, 3.9000000000000017, 0.7000000000000006, 0.30100000000000005, 2.3010000000000015, 0.30100000000000005]",1.0635198525652203
