,weights,regret
0,"[0.001, 3.5, 5.0, 3.7750000000000004, 3.0, 2.0, 0.7509999999999999, 7.0, 1.4166666666666667, 6.095238095238095, 4.5, 5.733333333333333]",0.765299933046648
