,labelled data,weights,regret
0,50,"[10.001, 10.001, 20.000999999999998, 50.001, 31.0, 20.000999999999998, 0.001, 60.001, 30.000999999999998, 11.0, 30.000999999999998, 0.001]",1.1042343088264759
1,100,"[10.001, 20.000999999999998, 40.001, 90.001, 31.0, 70.001, 10.001, 60.001, 0.001, 20.001000000000005, 40.001, 20.001]",0.6995593842793589
