,labelled data,weights,regret
0,50,"[1.1, 1.1, 1.1, 1.1, 1.0, 1.1, 0.6499999999999999, 1.7000000000000006, 0.4500000000000001, 1.5000000000000002, 1.1, 0.6700000000000002]",1.3428634320298483
1,100,"[1.1, 1.1, 1.1, 1.5000000000000004, 1.0, 1.5000000000000004, 0.3999999999999998, 1.7000000000000006, 0.5000000000000001, 1.1949999999999998, 1.1, 0.16999999999999987]",0.18342381951635756
