,weights,regret
0,"[14.501000000000001, 51.0, 36.0, 3.077923076923077, 16.0, 6.0, 20.500999999999998, 32.501, 4.167666666666667, 55.001, 26.0, 0.001]",0.8590862504534045
