,labelled data,weights,regret
0,50,"[2.001, 22.25, 14.167666666666667, 0.001, 10.001000000000001, 16.0, 16.0, 31.0, 11.251, 16.501, 1.251, 1.001]",0.13293937702364383
1,100,"[7.0009999999999994, 26.33333333333333, 28.334333333333333, 10.001000000000001, 15.001000000000001, 26.0, 19.04761904761905, 41.0, 12.500999999999998, 22.167666666666662, 4.3759999999999994, 5.6259999999999994]",0.12099211228257986
