,labelled data,weights,regret
0,50,"[24.458333333333332, 10.33433333333333, 27.666666666666668, 15.001000000000001, 0.001, 30.001, 24.001, 25.626, 0.001, 9.209333333333333, 19.75, 17.166666666666664]",0.4127299861945449
1,100,"[31.839285714285715, 21.501, 32.66666666666667, 45.001000000000005, 0.001, 30.001000000000005, 34.33433333333333, 40.626000000000005, 3.334333333333333, 18.42361904761905, 33.45238095238095, 19.666666666666664]",0.0038326422254435937
