,weights,regret
0,"[10.001, 10.001, 10.001, 17.500999999999998, 12.001, 11.0, 12.001000000000001, 11.0, 15.000999999999998, 0.001, 1.6676666666666682, 17.000999999999998]",4.938346597100949
