,weights,regret
0,"[1.1, 1.3000000000000003, 1.5000000000000004, 1.9000000000000008, 1.0, 1.0, 0.30000000000000016, 0.8000000000000002, 1.9000000000000008, 0.45869047619047587, 1.1, 0.5333333333333337]",0.31034476288273943
