,labelled data,weights,regret
0,50,"[4.0009999999999994, 5.5009999999999994, 12.166666666666666, 4.916666666666666, 0.75, 2.0, 3.501, 2.501, 1.3343333333333334, 2.001, 4.0, 12.0]",6.759403522387487
1,100,"[10.001, 7.5009999999999994, 13.166666666666666, 3.5833333333333326, 2.5, 3.0, 7.5009999999999994, 0.001, 4.6676666666666655, 4.667666666666666, 9.0, 13.0]",3.598604362294367
