,labelled data,weights,regret
0,50,"[8.88195238095238, 1.6676666666666664, 32.501, 40.001, 0.001, 11.0, 0.001, 25.000999999999998, 50.001, 0.001, 41.16766666666666, 5.001000000000001]",2.96803687894356
1,100,"[37.21528571428571, 16.501, 64.501, 60.001, 0.001, 81.0, 27.66766666666667, 45.001, 0.001, 36.83433333333333, 57.501, 24.001]",0.4127299861945449
