,labelled data,weights,regret
0,50,"[6.0, 6.0, 11.0, 11.0, 1.0, 11.0, 3.5, 7.5009999999999994, 6.0, 11.876000000000001, 6.0, 6.0]",29.48787299045393
1,100,"[11.0, 6.0, 11.0, 16.0, 5.001, 11.0, 3.5, 7.5009999999999994, 6.0, 9.376000000000001, 6.0, 1.0]",732.864353900617
