,labelled data,weights,regret
0,50,"[30.001, 51.0, 51.0, 20.001000000000005, 130.001, 1.0, 51.0, 150.001, 21.0, 111.0, 51.0, 81.0]",12.954488393553119
1,100,"[30.001000000000005, 101.0, 81.0, 70.001, 130.001, 21.0, 121.0, 180.001, 20.000999999999998, 121.0, 71.0, 81.0]",13.390023808987367
