,labelled data,weights,regret
0,50,"[0.001, 21.0, 31.0, 0.001, 1.0, 11.0, 20.001, 45.001000000000005, 5.001, 46.0, 11.0, 10.001000000000001]",0.20818183448865535
1,100,"[0.001, 31.0, 31.0, 0.001, 1.0, 11.0, 45.001000000000005, 45.001000000000005, 5.001, 61.0, 11.0, 0.0010000000000012221]",0.10474315602968932
