,labelled data,weights,regret
0,50,"[2.0, 2.0, 2.0, 1.3333333333333335, 1.0, 1.0, 3.75, 1.001, 1.9999999999999998, 1.25, 2.1666666666666665, 2.3000000000000003]",0.9130407311739205
1,100,"[2.0, 3.0, 2.0, 1.001, 1.0, 1.0, 3.75, 1.001, 1.833333333333333, 1.75, 2.1666666666666665, 2.2]",0.8637119288810949
