,weights,regret
0,"[1.0, 21.0, 11.0, 7.666666666666667, 11.0, 11.0, 4.0009999999999994, 15.001000000000001, 7.666666666666666, 23.5, 14.333333333333332, 23.0]",0.3173439583833305
