,labelled data,weights,regret
0,50,"[1.2500000000000002, 1.849056603773585, 4.125000000000001, 2.774193548387099, 2.5, 1.0, 6.0, 3.5, 2.6666666666666665, 0.626, 4.333333333333333, 5.5]",12.003365898527353
1,100,"[3.0, 1.6603773584905661, 4.125000000000001, 4.104838709677423, 2.5, 1.0, 6.0, 3.5, 3.5, 1.876, 4.333333333333333, 1.001]",15.273293813113515
