,labelled data,weights,regret
0,50,"[0.001, 13.751, 17.153846153846153, 11.0, 11.0, 0.001, 21.0, 21.0, 16.0, 4.75, 0.001, 0.001]",7.136161011669635
1,100,"[3.001, 21.250999999999998, 26.96153846153846, 11.0, 21.0, 0.001, 26.0, 33.5, 23.5, 11.0, 5.001, 2.501]",7.40341603809899
