,weights,regret
0,"[1.0209999999999995, 0.990566037735849, 0.9916666666666667, 1.071774193548382, 1.0, 1.0, 1.06, 1.1, 1.1166666666666665, 1.0374999999999999, 1.1, 1.09]",2.1735903368247467
