,weights,regret
0,"[0.30000000000000016, 1.3000000000000003, 1.6000000000000005, 1.3500000000000003, 1.0, 1.1, 0.8, 1.05, 0.4666666666666667, 0.9833333333333334, 1.0, 1.6000000000000005]",0.9010561060870627
