,labelled data,weights,regret
0,50,"[1.2, 0.9, 2.0000000000000004, 1.4000000000000004, 1.0, 1.1, 0.6999999999999997, 2.1000000000000005, 1.1999999999999997, 1.8000000000000003, 1.6, 1.1999999999999993]",27.405672761943958
1,100,"[0.9999999999999999, 1.1, 2.1000000000000005, 0.7000000000000001, 1.0, 1.1, 0.8999999999999997, 2.2000000000000006, 1.0999999999999996, 2.1000000000000005, 1.6, 1.2999999999999994]",14.306507301168086
