,labelled data,weights,regret
0,50,"[0.7000000000000002, 3.264150943396226, 2.2499999999999996, 0.16229032258064519, 1.0, 1.0, 17.0, 11.0, 8.334333333333333, 15.001000000000001, 11.0, 7.0]",4.221735600894664
1,100,"[0.7010000000000001, 4.39622641509434, 4.333333333333332, 0.1622903225806453, 4.5, 1.0, 17.0, 11.0, 8.334333333333333, 17.501, 11.0, 9.0]",3.9938326560011537
