,labelled data,weights,regret
0,50,"[20.000999999999998, 31.0, 1.0, 6.667666666666666, 11.0, 11.0, 31.0, 25.001, 10.001000000000001, 23.334333333333333, 21.0, 0.001000000000000334]",9.561114318598802
1,100,"[40.001, 41.0, 31.0, 5.001000000000001, 11.0, 21.0, 41.0, 35.001000000000005, 5.001000000000001, 5.834333333333333, 21.0, 15.000999999999998]",0.4850170271601651
