,weights,regret
0,"[51.0, 0.001, 0.001, 47.501, 6.0, 6.0, 25.251000000000005, 5.001, 136.0, 42.501, 16.0, 12.001000000000001]",0.1578815318471743
