,weights,regret
0,"[1.1, 1.3000000000000003, 0.9, 0.8000000000000003, 1.0, 1.0, 1.0, 1.8000000000000007, 0.4, 1.4000000000000004, 1.0, 0.001]",0.22926896289885637
