,weights,regret
0,"[2.2000000000000006, 1.3000000000000003, 0.7, 1.9000000000000004, 1.3000000000000003, 1.3000000000000003, 2.1000000000000005, 1.1, 1.6, 1.3, 1.6, 1.9]",1.7738198838160215
