,weights,regret
0,"[2.5839285714285714, 0.16766666666666666, 2.875, 1.5, 2.0, 2.501, 2.916666666666667, 0.376, 2.875, 2.0, 2.3625000000000003, 1.8250000000000002]",0.42765431505026097
