,labelled data,weights,regret
0,50,"[8.5, 0.001, 17.53846153846154, 11.0, 11.0, 0.001, 13.751000000000001, 6.251000000000001, 17.25, 6.2509999999999994, 9.75, 7.5009999999999994]",37.08708959470904
1,100,"[10.0, 5.0009999999999994, 24.461538461538456, 11.0, 0.001, 20.000999999999998, 18.751, 13.751000000000001, 17.25, 6.2509999999999994, 9.75, 13.750999999999998]",0.006377817109227374
