,labelled data,weights,regret
0,50,"[3.001, 12.584333333333332, 14.333333333333336, 11.0, 0.001, 6.0, 17.25, 11.625, 7.875, 0.6259999999999999, 8.5, 6.6676666666666655]",0.1515787143116749
1,100,"[2.001, 18.417666666666662, 22.333333333333336, 16.0, 0.001, 11.0, 20.375, 12.875, 8.5, 2.501, 13.5, 7.500999999999997]",0.15246392387250104
