,labelled data,weights,regret
0,50,"[0.001, 1.8000000000000005, 1.7, 0.40000000000000013, 1.0, 1.6000000000000005, 2.0000000000000004, 1.8999999999999997, 0.30100000000000016, 1.7000000000000002, 0.0010000000000000009, 0.601]",0.11742667825270703
1,100,"[0.30100000000000005, 2.6000000000000014, 2.0, 0.40000000000000013, 1.1, 2.4000000000000012, 2.0000000000000004, 2.4, 0.30100000000000005, 2.600000000000001, 0.0010000000000000009, 0.6010000000000002]",0.13935678492201897
