,labelled data,weights,regret
0,50,"[1.0, 1.0, 1.0, 1.0, 1.0, 1.0, 1.25, 0.75, 1.0, 0.5, 1.5, 1.0]",12.49532851036552
1,100,"[1.025, 1.25, 1.0, 1.0, 1.0, 1.0, 1.625, 0.75, 1.0, 0.525, 1.5, 1.25]",11.908598922299856
