,labelled data,weights,regret
0,50,"[0.001, 3.6666666666666656, 4.0, 0.001, 5.0009999999999994, 4.0, 4.334333333333333, 6.0, 2.3343333333333334, 4.166666666666666, 0.001, 0.7428571428571429]",0.0777102875523554
1,100,"[0.001, 6.166666666666669, 5.4, 1.001, 5.0009999999999994, 4.0, 6.634333333333334, 6.0, 3.500999999999999, 5.791666666666666, 0.001, 1.6000000000000003]",0.15015751476771944
