,weights,regret
0,"[1.2999999999999994, 1.7000000000000008, 2.1999999999999997, 1.6000000000000005, 1.8000000000000007, 1.2000000000000002, 1.500000000000001, 2.900000000000001, 2.5000000000000004, 3.1000000000000014, 0.40100000000000013, 0.4999999999999999]",0.4602178072129645
