,labelled data,weights,regret
0,50,"[3.0, 4.0, 9.0, 13.0, 1.0, 3.0, 5.001, 5.0009999999999994, 6.0, 1.001, 8.0, 7.0]",8.40512197901899
1,100,"[4.0, 4.0, 10.0, 18.0, 15.001, 10.0, 3.0010000000000012, 12.001, 5.0009999999999994, 4.0009999999999994, 10.0, 0.001]",0.33871351366900443
