,labelled data,weights,regret
0,50,"[2.0, 2.0, 6.0, 3.0, 1.0, 1.0, 4.0, 0.001, 0.001, 1.167666666666666, 4.0, 5.0]",1.7561059734459685
1,100,"[5.0, 5.0, 6.0, 1.5, 1.0, 1.0, 5.0, 0.001, 0.501, 1.667666666666666, 5.0, 5.0]",3.2428278524197114
