,labelled data,weights,regret
0,50,"[6.555555555555554, 16.334333333333333, 17.666666666666668, 0.001, 1.0, 21.0, 21.0, 31.0, 8.5, 16.0, 3.7380952380952372, 5.001000000000001]",0.1175448919200811
1,100,"[18.751, 22.167666666666662, 17.666666666666668, 10.001, 11.0, 11.0, 27.666666666666664, 41.0, 6.0, 24.333333333333332, 17.97719047619048, 0.001]",3.5907770391180676
