,labelled data,weights,regret
0,50,"[1.0010000000000001, 1.0226415094339634, 1.0416666666666665, 0.9846774193548389, 1.0, 1.0, 1.2600000000000002, 1.1500000000000001, 0.9333333333333333, 1.0624999999999998, 1.1, 1.06]",9.828275699917455
1,100,"[1.0089999999999997, 1.0320754716981149, 1.0499999999999998, 0.9814516129032261, 1.0, 1.0, 1.3200000000000003, 1.1500000000000001, 0.8833333333333332, 1.1749999999999994, 1.1, 0.9099999999999999]",7.4363329668714755
