,labelled data,weights,regret
0,50,"[0.9700000000000002, 0.9250000000000002, 1.1346153846153841, 1.3000000000000003, 0.6000000000000001, 1.2000000000000002, 1.0875, 1.2249999999999994, 1.125, 0.7125000000000002, 1.1999999999999995, 1.0375000000000003]",5.015220350809181
1,100,"[0.9150000000000001, 0.8875000000000003, 1.2596153846153837, 1.3000000000000003, 0.5000000000000001, 1.3000000000000003, 1.1999999999999995, 1.324999999999999, 1.1749999999999998, 0.5375000000000004, 1.2249999999999994, 1.0000000000000004]",1.6973243520047328
