,labelled data,weights,regret
0,50,"[0.9649999999999999, 0.7750000000000005, 1.2673076923076914, 1.4000000000000004, 1.1, 0.7000000000000001, 1.0624999999999998, 1.0999999999999996, 1.299999999999999, 0.9999999999999999, 0.9999999999999997, 0.8624999999999997]",41.66549060275492
1,100,"[0.9399999999999998, 0.7625000000000005, 1.3249999999999988, 1.4000000000000004, 0.6000000000000001, 1.2000000000000002, 1.1499999999999992, 1.1999999999999993, 1.2624999999999993, 0.8499999999999998, 1.0999999999999994, 0.8624999999999993]",5.015224576251754
