,labelled data,weights,regret
0,50,"[2.001, 3.001, 3.001, 5.5009999999999994, 3.0, 3.0, 0.001, 6.5009999999999994, 0.8343333333333334, 4.0, 3.001, 1.401]",11.083563051254632
1,100,"[2.001, 3.001, 3.001, 6.5009999999999994, 3.0, 5.0, 0.001, 6.5009999999999994, 0.8343333333333334, 3.166666666666667, 3.001, 0.651]",0.18226828495829328
