,labelled data,weights,regret
0,50,"[0.5, 3.5, 3.0, 0.001, 2.0, 2.0, 3.4000000000000004, 4.0, 1.3333333333333333, 3.001, 2.333333333333333, 2.0999999999999996]",1.4426187067531124
1,100,"[0.4176666666666667, 6.5, 3.0, 0.07792307692307693, 2.0, 2.0, 5.400000000000002, 5.5, 0.9999999999999999, 3.001, 2.333333333333333, 2.3]",1.0629297229013954
