,labelled data,weights,regret
0,50,"[1.5, 2.0, 2.0, 3.25, 1.0, 1.0, 0.626, 3.251, 0.5, 1.25, 1.5, 0.6666666666666666]",0.8585670999519815
1,100,"[1.5, 2.0, 2.0, 3.5, 1.0, 2.0, 0.126, 3.251, 0.75, 1.5500000000000003, 1.5, 0.001]",0.14081221245903316
