,labelled data,weights,regret
0,50,"[29.58333333333333, 10.000999999999998, 41.666666666666664, 11.0, 30.000999999999998, 51.0, 25.667666666666662, 41.5, 0.001, 24.41766666666667, 42.16666666666667, 65.66666666666666]",6.7196379886918525
1,100,"[72.91666666666666, 18.500999999999998, 63.666666666666664, 81.0, 10.001, 81.0, 61.001000000000005, 63.5, 0.001, 38.83433333333333, 85.83333333333334, 63.999999999999986]",0.019561395033310853
