,labelled data,weights,regret
0,50,"[1.501, 5.0, 5.0, 0.001, 1.0, 1.5, 3.0, 6.0, 0.001, 5.5, 4.5, 3.0]",11.803345972744873
1,100,"[0.001, 10.0, 6.5, 0.001, 1.5, 1.5, 4.5, 7.0, 2.001, 9.0, 4.5, 2.0]",0.5414228196407881
