,weights,regret
0,"[16.0, 3.3343333333333347, 11.0, 4.445444444444446, 1.0, 11.0, 25.0, 15.001000000000001, 21.0, 24.33333333333333, 11.0, 13.0]",6.375782976235795
