,labelled data,weights,regret
0,50,"[4.441476190476191, 44.16766666666666, 27.0, 50.001, 0.001, 61.0, 55.45238095238096, 37.001000000000005, 26.667666666666662, 6.441476190476191, 68.5, 0.001]",0.8589182750456458
1,100,"[0.001, 69.16766666666666, 61.0, 60.001, 10.000999999999998, 101.0, 92.11904761904762, 38.001000000000005, 33.33433333333333, 2.501, 124.5, 6.739095238095237]",0.4515846509923204
