,weights,regret
0,"[5.001, 15.001000000000001, 10.001000000000001, 36.0, 11.0, 10.001000000000001, 25.000999999999998, 37.501, 6.667666666666667, 58.5, 21.0, 26.501]",0.7962763793017845
