,labelled data,weights,regret
0,50,"[11.0, 11.0, 11.0, 1.0000000000000009, 11.0, 10.001, 23.5, 15.001000000000001, 7.666666666666668, 11.0, 14.333333333333332, 8.0]",1.1712590048858806
1,100,"[16.0, 21.0, 11.0, 5.001, 11.0, 10.001, 33.5, 15.001000000000001, 9.333333333333334, 16.0, 14.333333333333332, 6.0]",0.6791575425150922
