,weights,regret
0,"[0.9, 1.5000000000000004, 1.3000000000000003, 0.75, 1.0, 1.0, 0.7000000000000001, 1.7000000000000006, 0.38333333333333336, 1.6857142857142862, 1.1, 0.55]",25.72508020271737
