,weights,regret
0,"[0.9400000000000008, 1.1749999999999994, 1.0403846153846152, 1.1, 1.2000000000000002, 0.8, 1.0875000000000001, 1.2499999999999993, 1.2624999999999993, 1.0375, 0.7750000000000008, 0.8000000000000009]",0.527616605778583
