,weights,regret
0,"[2.5499999999999985, 1.1676666666666673, 0.11211111111111116, 2.0, 1.5, 0.001, 0.4375, 0.125, 0.625, 3.25, 2.25, 2.75]",13.396136582928932
