,labelled data,weights,regret
0,50,"[0.6000000000000015, 3.8301886792452824, 7.250000000000001, 1.1612903225806457, 3.5, 1.0, 11.0, 6.0, 0.001, 7.5009999999999994, 4.333333333333333, 3.001]",4.7925711431638165
1,100,"[0.001, 6.094339622641513, 8.916666666666666, 0.001, 3.5, 1.0, 11.0, 6.0, 3.334333333333333, 8.751, 4.333333333333333, 5.0009999999999994]",6.59532860467548
