,weights,regret
0,"[0.20100000000000004, 2.5000000000000013, 2.8000000000000003, 0.001, 2.300000000000001, 3.300000000000002, 2.1999999999999997, 2.400000000000001, 1.200000000000001, 3.700000000000002, 0.101, 1.2]",0.06867435536108173
