,weights,regret
0,"[0.0010000000000000009, 2.000000000000001, 2.2000000000000006, 0.6000000000000001, 1.0, 1.0, 1.4000000000000001, 2.3000000000000007, 0.401, 1.1999999999999997, 1.2999999999999998, 3.300000000000001]",0.12936100387395807
