,labelled data,weights,regret
0,50,"[1.501, 5.0009999999999994, 13.66666666666667, 0.001, 6.0, 6.0, 5.375, 4.125, 3.5, 1.4295714285714283, 15.25, 5.0009999999999994]",0.5688793576265249
1,100,"[1.5009999999999994, 10.001, 13.333333333333337, 5.001, 1.0, 6.0, 9.75, 7.25, 9.125, 1.2509999999999994, 16.25, 3.715285714285714]",0.15162489911133364
