,weights,regret
0,"[21.0, 21.0, 11.0, 11.667666666666666, 11.0, 10.001, 33.5, 20.001, 27.66666666666667, 18.750999999999998, 19.333333333333332, 0.001]",0.7045344969946035
