,labelled data,weights,regret
0,50,"[6.0, 3.751, 11.576923076923068, 11.0, 11.0, 0.001, 11.0, 6.0, 14.75, 2.25, 8.5, 4.75]",34.280641612768214
1,100,"[4.0, 6.2509999999999994, 19.653846153846146, 11.0, 11.0, 0.001, 14.75, 4.75, 11.0, 2.501, 8.5, 8.5]",28.47833939864174
