,weights,regret
0,"[0.7999999999999996, 1.8249999999999997, 2.8666666666666645, 0.5, 1.501, 2.0, 2.0, 2.125, 1.75, 2.625, 0.001, 0.375]",1.1867014747104372
