,labelled data,weights,regret
0,50,"[1.6, 2.320754716981132, 3.499999999999999, 3.3387096774193536, 1.0, 1.0, 15.0, 11.0, 6.000000000000002, 1.2509999999999994, 11.0, 7.0]",14.800654148419929
1,100,"[5.699999999999998, 1.7547169811320753, 7.666666666666667, 6.56451612903226, 0.501, 1.0, 15.0, 11.0, 6.000000000000002, 0.001, 11.0, 0.001]",4.866015083180121
