,labelled data,weights,regret
0,50,"[0.001000000000000334, 26.0, 16.0, 6.876000000000001, 6.0, 1.0, 20.001, 27.500999999999998, 1.6676666666666673, 24.333333333333332, 11.0, 9.501000000000001]",3.539778809585589
1,100,"[0.0010000000000012221, 46.0, 36.0, 1.2509999999999994, 11.0, 11.0, 35.001000000000005, 37.501, 1.6676666666666673, 49.33333333333333, 21.0, 22.001]",0.515025378573944
