,labelled data,weights,regret
0,50,"[1.1189285714285715, 1.0783333333333338, 1.2333333333333336, 1.5000000000000004, 0.40000000000000013, 1.3000000000000003, 0.8200000000000003, 1.7166666666666672, 0.21666666666666667, 0.6101190476190477, 1.5033333333333336, 0.8116666666666665]",0.4127299861945449
1,100,"[1.645595238095238, 0.8300000000000012, 1.658333333333334, 1.8000000000000007, 0.30000000000000016, 1.7000000000000006, 1.4183333333333343, 1.8166666666666673, 0.034333333333333334, 1.0584523809523811, 1.973333333333334, 0.735]",2.93213656167357e-05
