,weights,regret
0,"[1.339999999999996, 1.1415094339622656, 1.1249999999999996, 1.2016129032258067, 1.0, 1.0, 1.6, 1.5, 1.3333333333333335, 0.1885, 1.5, 0.35100000000000003]",317.8313896059226
