,labelled data,weights,regret
0,50,"[1.1, 1.2000000000000002, 1.3000000000000003, 1.7000000000000006, 1.0, 1.2000000000000002, 0.5000000000000001, 1.8000000000000007, 0.35000000000000003, 1.125, 1.1, 0.33333333333333337]",1.3581774707567544
1,100,"[1.1, 1.2000000000000002, 1.3000000000000003, 1.7000000000000006, 1.0, 1.7000000000000006, 0.101, 1.8000000000000007, 0.2833333333333334, 1.144999999999999, 1.1, 0.001]",0.13576920875495066
