,weights,regret
0,"[1.0239999999999991, 1.0094339622641508, 1.0, 1.0685483870967696, 1.0, 1.0, 1.08, 1.1, 1.0999999999999999, 1.0, 1.1, 1.09]",2.1735903368247467
