,weights,regret
0,"[1.3000000000000003, 1.2000000000000002, 0.30000000000000016, 1.3833333333333344, 1.0, 1.0, 2.200000000000001, 0.7500000000000002, 1.8000000000000007, 0.8000000000000002, 1.1, 0.9]",1.0907461786119599
