,weights,regret
0,"[0.49999999999999933, 2.1, 3.2, 1.1, 1.8000000000000007, 2.100000000000001, 2.0, 2.5000000000000004, 1.7000000000000006, 2.5000000000000004, 0.30100000000000005, 1.5000000000000002]",0.083434020295206
