,weights,regret
0,"[0.001, 3.1932619047619046, 2.458333333333333, 4.5, 6.5, 1.501, 0.14266666666666672, 4.416666666666666, 0.001, 6.500000000000001, 0.001, 1.3968333333333334]",0.10527030283456296
