,labelled data,weights,regret
0,50,"[16.0, 16.0, 21.0, 0.001, 6.0, 1.0, 7.5009999999999994, 20.001, 0.001, 17.501, 11.0, 2.5009999999999994]",14.227598944936581
1,100,"[0.001, 41.0, 26.0, 1.6676666666666664, 6.0, 1.0, 27.500999999999998, 25.001, 2.501, 37.501000000000005, 11.0, 10.001000000000001]",1.0487246176737037
