,labelled data,weights,regret
0,50,"[5.001, 5.001, 15.001000000000001, 22.500999999999998, 1.0, 6.0, 5.001, 21.0, 0.001, 5.001000000000001, 10.001000000000001, 2.5010000000000003]",0.20287359624669943
1,100,"[5.001, 5.001, 15.001000000000001, 27.500999999999998, 6.0, 11.0, 10.001000000000001, 31.0, 5.0009999999999994, 16.250999999999998, 20.001, 1.6676666666666664]",0.25338550519612996
