,labelled data,weights,regret
0,50,"[0.9700000000000004, 1.0624999999999996, 1.113461538461538, 1.0, 0.8, 1.2000000000000002, 1.2749999999999992, 1.3374999999999992, 1.0750000000000004, 0.9750000000000002, 0.9375000000000004, 0.8000000000000004]",7.373624288447236
1,100,"[0.9300000000000004, 1.1124999999999994, 1.1961538461538455, 0.8, 1.0, 1.2000000000000002, 1.324999999999999, 1.387499999999999, 1.1000000000000003, 1.0125000000000004, 0.7750000000000004, 0.7750000000000006]",4.58781533285785
