,labelled data,weights,regret
0,50,"[10.001, 10.001, 10.001, 20.000999999999998, 11.0, 21.0, 30.000999999999998, 21.0, 5.001000000000001, 20.83433333333333, 20.000999999999998, 0.001]",1.5330835277050414
1,100,"[40.001, 40.001, 30.000999999999998, 0.001, 11.0, 21.0, 40.001, 21.0, 0.001, 7.500999999999998, 20.000999999999998, 20.000999999999998]",3.4495997222808463
