,labelled data,weights,regret
0,50,"[0.5, 2.5, 5.5, 3.0, 0.5, 2.5, 1.501, 5.5, 3.5, 4.0, 4.0, 3.5]",9.251054327923596
1,100,"[1.001, 6.0, 6.0, 5.0, 2.5, 2.5, 1.501, 6.0, 2.0, 3.0, 4.5, 0.5009999999999999]",6.150792272137099
