,weights,regret
0,"[0.101, 0.6875, 2.346153846153845, 2.0, 1.5, 0.001, 0.6875, 2.875, 1.6875, 1.9375, 0.1885, 1.25]",1.6514296648701452
