,labelled data,weights,regret
0,50,"[1.2000000000000002, 1.4000000000000004, 1.2000000000000002, 1.5000000000000004, 1.0, 1.0, 0.4500000000000002, 1.7000000000000006, 0.4000000000000003, 0.8, 1.1, 0.75]",4.820350054055572
1,100,"[1.2000000000000002, 1.4000000000000004, 1.2000000000000002, 1.7000000000000006, 1.0, 1.5000000000000004, 0.101, 1.7000000000000006, 0.35833333333333367, 0.8166666666666669, 1.1, 0.03833333333333335]",0.13576920875495066
