,labelled data,weights,regret
0,50,"[0.6777777777777774, 3.0583333333333336, 2.25, 2.501, 0.001, 4.0, 2.25, 1.501, 2.4176666666666664, 0.001, 4.175, 0.251]",0.8221398816135087
1,100,"[1.9718333333333338, 4.983333333333333, 4.875, 5.0009999999999994, 0.001, 7.0, 4.091666666666667, 3.5009999999999994, 1.251, 0.589690476190476, 7.108928571428571, 0.43433333333333335]",0.3737407515359621
