,labelled data,weights,regret
0,50,"[3.5009999999999994, 9.167666666666667, 12.999999999999998, 11.0, 0.001, 6.0, 14.125, 10.375, 4.125, 8.001, 4.3759999999999994, 3.0009999999999994]",8.119398045711351
1,100,"[0.001, 18.334333333333337, 17.333333333333332, 11.0, 5.001, 1.0, 16.625, 14.125, 4.75, 14.001, 0.001, 0.001]",3.266011279270234
