,weights,regret
0,"[0.101, 2.200000000000001, 1.8000000000000007, 0.7499999999999998, 1.0, 1.0, 1.3000000000000003, 2.050000000000001, 0.47600000000000003, 1.4750000000000005, 1.2000000000000002, 2.4000000000000012]",0.1784152434895956
