,weights,regret
0,"[7.5, 2.5, 0.001, 4.941666666666666, 3.5, 1.5, 5.0, 2.251, 13.583333333333334, 5.803571428571429, 4.5, 5.483333333333333]",1.7489609150370067
