,labelled data,weights,regret
0,50,"[16.0, 16.0, 26.0, 3.5, 6.0, 1.0, 21.0, 2.501, 3.751, 2.501, 21.0, 28.334333333333333]",1.5982683988692155
1,100,"[31.0, 26.0, 31.0, 7.5009999999999994, 11.0, 1.0, 26.0, 2.5010000000000003, 6.6676666666666655, 3.667666666666667, 26.0, 28.334333333333333]",1.3130209447229817
