,labelled data,weights,regret
0,50,"[11.0, 16.0, 21.0, 16.0, 1.0, 11.0, 21.0, 5.001, 6.0, 22.501, 11.0, 20.000999999999998]",0.7752546414424141
1,100,"[11.0, 26.0, 21.0, 11.0, 14.333333333333332, 11.0, 11.0, 10.001, 16.0, 28.751, 11.0, 23.33433333333333]",1.2567893512249606
