,labelled data,weights,regret
0,50,"[1.5, 2.0, 2.0, 3.0, 1.0, 2.5, 0.251, 3.5, 1.251, 1.666666666666667, 1.5, 0.001]",0.1881082180541184
1,100,"[1.5, 2.0, 2.0, 3.5, 1.5, 3.5, 0.501, 3.5, 1.126, 1.8499999999999996, 2.0, 0.001]",0.16623648641264088
