,labelled data,weights,regret
0,50,"[0.151, 2.916666666666667, 3.25, 0.5009999999999999, 2.501, 3.0, 3.2916666666666665, 4.0, 0.9676666666666668, 3.391666666666667, 0.1885, 0.7375]",0.10602983722568922
1,100,"[0.251, 4.499999999999999, 4.083333333333334, 1.001, 2.501, 3.5, 4.2666666666666675, 4.5, 2.1462380952380955, 3.808333333333335, 0.0635, 0.8625]",0.1100397900350214
