,labelled data,weights,regret
0,50,"[7.501, 44.001, 16.786714285714286, 1.0, 20.000999999999998, 50.001, 61.501000000000005, 53.501, 0.001, 58.84623809523809, 8.667666666666666, 0.001]",0.13093570582051414
1,100,"[0.001, 99.83433333333333, 31.786714285714282, 0.001, 30.000999999999998, 80.001, 114.83433333333333, 95.16766666666668, 42.501000000000005, 65.01290476190476, 0.001, 0.001]",0.23899375008388787
