,labelled data,weights,regret
0,50,"[1.650000000000001, 2.1320754716981134, 3.083333333333334, 1.4435483870967736, 2.75, 1.0, 7.0, 3.5, 0.8343333333333333, 7.5009999999999994, 3.5, 2.5]",9.055520443420525
1,100,"[0.3500000000000012, 2.9811320754717, 4.333333333333334, 0.4758064516129025, 2.75, 1.0, 7.0, 3.5, 0.8343333333333333, 8.126, 3.5, 4.5]",10.559785365564425
