,weights,regret
0,"[1.0219999999999985, 1.0132075471698119, 1.0, 1.070161290322576, 1.0, 1.0, 1.1400000000000001, 1.1, 1.05, 0.9375000000000002, 1.1, 1.1600000000000001]",14.932785749452155
