,labelled data,weights,regret
0,50,"[0.29999999999999977, 1.625, 2.192307692307692, 0.001, 1.001, 3.0, 3.5, 2.875, 2.125, 2.375, 0.001, 1.125]",0.45728330090050184
1,100,"[0.3510000000000001, 3.125, 2.8269230769230766, 0.001, 2.001, 3.0, 3.25, 4.75, 2.5, 3.25, 1.001, 0.001]",0.7416115244874442
