,labelled data,weights,regret
0,50,"[1.0109999999999995, 1.0660377358490598, 1.0916666666666663, 1.0104838709677422, 1.0749999999999984, 1.02, 1.2200000000000002, 1.2000000000000002, 0.7999999999999994, 1.0624999999999998, 1.0999999999999996, 1.1300000000000001]",10.997646250212723
1,100,"[1.0119999999999991, 1.073584905660381, 1.0916666666666663, 1.0008064516129034, 1.0749999999999984, 1.02, 1.2400000000000002, 1.2000000000000002, 0.7833333333333327, 1.262499999999999, 1.0999999999999996, 1.03]",5.1111600420236085
