,labelled data,weights,regret
0,50,"[3.5, 1.001, 13.0, 2.501, 0.001, 5.5, 3.0, 9.5, 4.501, 1.001, 5.5, 6.5]",0.4222186487958196
1,100,"[6.0, 3.5009999999999994, 13.5, 6.0009999999999994, 0.0010000000000000009, 10.5, 2.5, 14.5, 3.001, 1.501, 9.0, 7.0]",0.00637781710922737
