,weights,regret
0,"[1.0559999999999985, 0.9792452830188678, 0.9916666666666667, 1.065322580645159, 1.0, 1.0, 0.9199999999999999, 1.1, 1.2166666666666661, 1.1249999999999996, 1.1, 0.96]",7.389995684454749
