,labelled data,weights,regret
0,50,"[1.0999999999999999, 0.7000000000000001, 2.0, 1.9000000000000008, 0.30000000000000016, 1.5000000000000004, 0.6, 1.5999999999999999, 0.3000000000000002, 0.601, 2.4000000000000004, 0.30000000000000027]",0.8346399658237562
1,100,"[1.2000000000000002, 0.6000000000000001, 2.4000000000000004, 1.9000000000000008, 0.101, 1.9000000000000008, 0.8010000000000002, 2.4000000000000004, 0.0010000000000000009, 0.801, 2.7000000000000006, 0.101]",0.6037875412920556
