,weights,regret
0,"[1.2075476190476198, 3.3678571428571424, 2.416666666666667, 2.001, 2.0, 3.5, 1.6071428571428572, 3.630952380952381, 2.1833333333333336, 2.5, 1.4777857142857147, 0.2509999999999999]",2.117097270865976
