,labelled data,weights,regret
0,50,"[2.1990519480519484, 4.566666666666666, 3.6676666666666664, 2.001, 3.0009999999999994, 7.0, 5.25, 1.7333333333333338, 1.417666666666667, 1.001, 9.934333333333333, 3.6676666666666664]",0.8374744443004429
1,100,"[1.6914761904761906, 8.666666666666666, 7.167666666666666, 5.0009999999999994, 4.0009999999999994, 11.0, 8.583333333333332, 3.433333333333334, 1.576, 0.8343333333333334, 13.801, 6.0843333333333325]",0.11799717034830835
