,weights,regret
0,"[0.6000000000000001, 1.6000000000000005, 1.7000000000000006, 0.5499999999999996, 1.0, 1.0, 0.85, 1.8000000000000007, 0.5666666666666668, 1.9357142857142864, 1.1, 0.5000000000000001]",25.66405240176648
