,labelled data,weights,regret
0,50,"[0.9699999999999999, 0.9250000000000005, 1.1961538461538457, 1.3000000000000003, 0.5000000000000001, 1.3000000000000003, 1.1624999999999996, 1.2624999999999993, 1.0625000000000002, 0.8125000000000002, 1.1249999999999998, 0.9999999999999998]",8.331498960545776
1,100,"[0.9449999999999998, 0.8250000000000006, 1.2846153846153838, 1.3000000000000003, 0.5000000000000001, 1.3000000000000003, 1.2124999999999995, 1.3874999999999988, 1.125, 0.6500000000000002, 1.1874999999999996, 1.0624999999999996]",1.6845807837718425
