,weights,regret
0,"[11.0, 21.0, 1.0, 36.0, 16.0, 5.001, 5.251000000000001, 12.500999999999998, 46.0, 11.32242857142857, 5.001, 27.834333333333333]",0.885053486438146
