,weights,regret
0,"[3.501, 2.001, 0.001, 7.375, 1.4583333333333335, 2.5, 1.001, 0.501, 9.292666666666666, 5.666666666666667, 2.0, 5.301]",0.23586817096791435
