,weights,regret
0,"[51.833333333333336, 34.33433333333333, 4.604174603174602, 10.001, 31.0, 50.001, 6.251, 15.834333333333333, 0.8343333333333343, 21.0, 36.0, 6.0]",1.7537800439783322
