,labelled data,weights,regret
0,50,"[101.0, 30.000999999999998, 151.0, 31.0, 1.0, 30.000999999999998, 71.0, 51.0, 81.0, 31.0, 71.0, 21.0]",17.71521534353976
1,100,"[81.0, 60.001, 151.0, 61.0, 0.001, 80.001, 61.0, 81.0, 51.0, 0.001, 91.0, 81.0]",0.006609796587236277
