,labelled data,weights,regret
0,50,"[0.001, 4.0, 3.0, 0.001, 1.0, 1.0, 3.0, 4.0, 0.501, 4.0009999999999994, 1.5, 1.501]",0.9153636266910852
1,100,"[1.501, 4.0, 3.5, 1.501, 1.5, 2.0, 4.0, 5.5, 0.501, 6.5009999999999994, 2.0, 3.001]",22.20285164036066
