,labelled data,weights,regret
0,50,"[1.0139999999999993, 1.064150943396229, 1.070833333333333, 1.0088709677419356, 1.049999999999999, 1.04, 1.2000000000000002, 1.1500000000000001, 0.8333333333333328, 0.9875, 1.0666666666666664, 1.03]",3.11522538149777
1,100,"[1.007999999999999, 1.083018867924532, 1.095833333333333, 1.0016129032258063, 1.049999999999999, 1.04, 1.2400000000000002, 1.1500000000000001, 0.7999999999999994, 0.9750000000000001, 1.0666666666666664, 1.1]",3.099397357858955
