,labelled data,weights,regret
0,50,"[2.501, 9.501, 18.5, 10.001000000000001, 1.0, 11.0, 10.999999999999996, 13.167666666666666, 5.0009999999999994, 0.001, 23.25, 4.0009999999999994]",0.13467845681418814
1,100,"[1.251, 18.667666666666662, 19.75, 10.001000000000001, 6.0, 16.0, 17.666666666666657, 21.167666666666666, 4.3343333333333325, 1.251, 33.25, 4.0009999999999994]",0.13579949100203584
