,weights,regret
0,"[0.9200476190476192, 1.616666666666667, 1.4166666666666665, 1.501, 1.501, 3.501, 3.0625, 4.625, 1.3458333333333334, 0.03671428571428548, 2.363690476190476, 0.33433333333333315]",1.1522746697669475
