,weights,regret
0,"[1.1, 1.1, 1.4000000000000004, 2.4000000000000012, 0.8000000000000002, 1.2000000000000002, 0.55, 0.15000000000000022, 0.2593333333333333, 0.22226190476190488, 0.5500000000000002, 2.300000000000001]",1.491765877716129
