,weights,regret
0,"[1.0950000000000015, 1.1792452830188698, 1.1458333333333328, 1.0846774193548394, 1.0, 1.0, 2.2000000000000006, 1.5, 0.9166666666666671, 1.875, 1.5, 2.1]",0.9325255503161202
