,weights,regret
0,"[1.4449999999999938, 1.0094339622641508, 1.083333333333333, 1.2137096774193565, 1.0, 1.0, 2.1000000000000005, 1.5, 0.9166666666666671, 0.626, 1.5, 0.001]",84.6932827166307
