,weights,regret
0,"[0.9149999999999999, 1.1249999999999996, 1.1653846153846148, 0.8, 0.9, 1.3000000000000003, 1.2624999999999993, 1.1874999999999998, 0.925, 0.8750000000000006, 0.8875000000000004, 0.762500000000001]",6.081798349930494
