,labelled data,weights,regret
0,50,"[2.0, 2.0, 2.0, 4.0, 2.0, 3.0, 4.0009999999999994, 5.0, 1.501, 0.501, 4.0, 0.8343333333333331]",0.7814562909830631
1,100,"[5.0, 5.0, 5.0, 0.3343333333333333, 4.0, 4.0, 5.0009999999999994, 5.0, 1.501, 3.0843333333333334, 4.0, 0.5009999999999999]",3.0026197387948588
