,weights,regret
0,"[0.8999999999999999, 0.7000000000000001, 1.8000000000000005, 2.2000000000000006, 1.1, 1.1, 0.5999999999999999, 0.6000000000000001, 1.7000000000000002, 2.1000000000000005, 1.6, 2.0]",1.0058787307988382
