,weights,regret
0,"[22.500999999999998, 26.0, 26.0, 0.001, 6.0, 6.0, 15.001000000000001, 26.0, 8.334333333333333, 29.376, 16.0, 12.001000000000001]",23.928407992548927
