,weights,regret
0,"[0.6232222222222223, 5.0, 4.5, 0.13433333333333336, 2.0, 3.0, 3.251, 4.5, 0.33433333333333337, 4.416666666666667, 2.5, 1.551]",3.8210311263247676
