,weights,regret
0,"[1.1, 1.1, 1.5000000000000004, 2.200000000000001, 0.9333333333333333, 1.4000000000000004, 0.8, 0.30000000000000016, 0.2916666666666668, 0.2980952380952382, 1.1500000000000001, 2.100000000000001]",4.431086024578446
