,weights,regret
0,"[2.7499999999999987, 0.6166666666666667, 2.1333333333333337, 1.5, 2.0, 0.001, 2.0, 1.1875, 3.8125, 2.5, 2.375, 1.7]",0.6678837493309191
