,labelled data,weights,regret
0,50,"[16.0, 16.0, 21.0, 2.501, 1.0, 1.0, 26.0, 0.001000000000000334, 0.001, 0.001, 16.0, 21.0]",5.022253612106546
1,100,"[16.0, 16.0, 31.0, 15.001, 1.0, 1.0, 26.0, 0.001, 0.001, 10.000999999999998, 16.0, 21.0]",2.018713361922447
