,labelled data,weights,regret
0,50,"[0.201, 2.208333333333333, 2.4333333333333336, 1.5, 0.001, 2.0, 2.375, 2.0, 1.8125, 0.1885, 2.125, 0.201]",0.15162489911133364
1,100,"[0.2509999999999999, 2.7083333333333353, 3.3000000000000003, 1.5, 0.001, 2.0, 3.125, 2.0625, 2.0625, 0.1885, 2.5, 0.14385714285714285]",0.1349588208372677
