,labelled data,weights,regret
0,50,"[2.3888888888888884, 18.667666666666666, 16.0, 5.001000000000001, 0.001, 1.0, 16.0, 16.416666666666664, 9.75, 18.0, 6.25, 1.001]",2.0461113276401712
1,100,"[1.3888888888888884, 18.667666666666666, 16.0, 5.001000000000001, 15.001000000000001, 16.0, 16.0, 16.416666666666664, 7.501, 23.0, 5.75, 0.001]",0.178907057646652
