,labelled data,weights,regret
0,50,"[21.0, 11.0, 11.0, 11.0, 20.000999999999998, 20.000999999999998, 41.0, 40.001, 5.001, 29.16766666666667, 21.0, 7.501]",0.9214442405776766
1,100,"[31.0, 51.0, 41.0, 8.334333333333333, 20.000999999999998, 20.000999999999998, 31.0, 50.001, 18.334333333333333, 44.16766666666667, 21.0, 25.334333333333333]",4.62451170390537
