,weights,regret
0,"[4.087878787878788, 2.5249999999999995, 0.1397959866220735, 2.501, 0.001, 2.5, 0.3325476190476191, 0.16766666666666663, 0.376, 2.166666666666667, 3.125, 3.0666666666666664]",0.2190563422448492
