,weights,regret
0,"[0.8700000000000001, 1.1037735849056614, 1.354166666666666, 1.0282258064516139, 1.0499999999999998, 1.0, 2.1000000000000005, 1.5, 0.666666666666667, 0.75, 1.5833333333333333, 3.0999999999999965]",0.5919346624415573
