,labelled data,weights,regret
0,50,"[2.0, 0.75, 1.0, 0.001, 1.0, 2.0, 2.0, 1.0, 0.001, 2.0, 1.0, 2.0]",85.03014920559644
1,100,"[2.0, 0.75, 1.0, 0.001, 1.0, 2.0, 2.0, 1.0, 0.001, 2.0, 1.0, 2.0]",23.495657069622318
