,labelled data,weights,regret
0,50,"[0.0010000000000000009, 9.583333333333332, 6.333333333333333, 1.001, 5.0, 7.0, 5.375, 10.958333333333332, 4.917666666666666, 6.133333333333334, 0.001, 0.6676666666666666]",0.12685012823760064
1,100,"[1.851, 11.000000000000002, 11.333333333333332, 0.001, 7.0, 12.0, 14.575000000000001, 15.958333333333332, 1.0843333333333334, 10.316666666666666, 0.6843333333333335, 0.001]",0.1383526496436675
