,weights,regret
0,"[1.027999999999999, 1.0037735849056606, 0.9916666666666667, 1.0120967741935487, 1.0, 1.0, 0.9000000000000001, 0.8500000000000001, 0.8499999999999998, 0.975, 0.8, 0.71]",0.7041508422293595
