,labelled data,weights,regret
0,50,"[0.001, 30.001000000000005, 30.333333333333332, 11.0, 11.0, 0.001, 11.0, 24.75, 6.0, 11.0, 0.001, 12.501]",3.2257539795738106
1,100,"[5.001, 43.33433333333332, 36.333333333333336, 1.0, 21.0, 20.000999999999998, 18.5, 28.5, 12.501000000000001, 18.5, 5.0009999999999994, 7.5009999999999994]",0.5977220129205859
