,labelled data,weights,regret
0,50,"[1.0, 1.0, 1.0, 0.5, 1.5, 1.0, 1.5, 0.5, 1.0, 1.0, 1.0, 1.0]",3.5469455915537274
1,100,"[1.0, 1.0, 1.0, 0.5, 1.5, 1.0, 1.5, 0.5, 1.0, 1.0, 1.0, 1.0]",3.5469455915537274
