,labelled data,weights,regret
0,50,"[1.0749999999999986, 1.1320754716981145, 1.1249999999999996, 1.0564516129032269, 1.0, 1.0, 2.0000000000000004, 1.75, 0.9166666666666671, 0.5625, 1.5, 1.0999999999999996]",3.530205360169473
1,100,"[1.1099999999999977, 1.1415094339622656, 1.166666666666666, 1.0403225806451624, 1.0, 1.0, 2.0000000000000004, 1.75, 0.9166666666666671, 0.75, 1.5, 0.6499999999999992]",2.82888742067623
