,labelled data,weights,regret
0,50,"[1.2999999999999996, 0.875, 2.3269230769230753, 2.0, 0.001, 2.001, 2.5, 2.375, 1.75, 1.375, 1.25, 0.75]",9.739022952673128
1,100,"[0.9999999999999993, 1.5, 3.0961538461538423, 2.0, 0.001, 2.001, 2.875, 2.375, 1.5, 1.5, 0.5, 0.375]",7.951716699437303
