,labelled data,weights,regret
0,50,"[5.0, 1.501, 11.5, 2.5, 0.001, 1.501, 5.0, 6.0, 1.5, 0.5, 4.0, 3.5]",10.034901279530434
1,100,"[5.0, 1.501, 11.5, 2.5, 0.001, 1.501, 5.0, 6.0, 1.5, 0.5, 4.0, 3.5]",10.034901279530434
