,labelled data,weights,regret
0,50,"[0.7499999999999998, 1.7666666666666664, 2.399999999999999, 0.5, 1.5, 1.5, 1.9375, 2.125, 1.625, 1.9500000000000002, 0.251, 0.5]",0.5498825863794533
1,100,"[0.9000000000000005, 2.0999999999999996, 2.766666666666665, 0.5, 1.5, 1.5, 2.0, 2.1875, 1.75, 1.75, 0.5635, 0.5]",0.4040908767111472
