,labelled data,weights,regret
0,50,"[1.001, 6.0, 4.0009999999999994, 0.501, 1.0, 3.0, 2.0009999999999994, 4.0009999999999994, 0.001, 6.5, 2.0, 0.001]",2.845959477736733
1,100,"[3.262111111111111, 7.0, 7.0009999999999994, 0.6676666666666669, 1.0, 3.0, 5.0009999999999994, 5.0009999999999994, 1.501, 8.5, 2.0, 3.001]",8.817553955056137
