,labelled data,weights,regret
0,50,"[11.0, 21.0, 21.0, 6.0, 21.0, 1.0, 31.0, 45.001000000000005, 1.0, 38.33433333333333, 21.0, 8.334333333333333]",8.424960460254303
1,100,"[6.001, 61.0, 41.0, 1.6676666666666664, 21.0, 1.0, 71.0, 55.001000000000005, 8.5, 68.33433333333333, 21.0, 0.001]",1.0944535417377033
