,weights,regret
0,"[1.2363095238095236, 3.152380952380952, 2.5, 1.5, 2.5, 2.501, 1.5, 4.041666666666666, 1.5833333333333335, 3.75, 0.501, 2.1749999999999994]",1.9117405382716284
