,weights,regret
0,"[6.251000000000001, 138.548619047619, 101.0, 221.0, 201.0, 0.001, 60.143857142857144, 74.501, 151.0, 6.001000000000001, 8.334333333333333, 0.001]",0.7959476920676191
