,labelled data,weights,regret
0,50,"[13.167666666666667, 16.0, 16.0, 2.501, 6.0, 6.0, 18.5, 26.0, 1.6676666666666673, 19.376, 1.0, 2.5010000000000012]",10.943208516926504
1,100,"[8.167666666666669, 21.0, 26.0, 1.251, 16.0, 11.0, 28.5, 26.0, 0.001, 29.376, 16.0, 14.501000000000001]",9.977511700494341
