,labelled data,weights,regret
0,50,"[0.40000000000000013, 1.8000000000000007, 0.8, 0.44999999999999984, 1.0, 1.0, 0.9, 1.6000000000000005, 0.0500000000000001, 2.383333333333334, 1.1, 0.5333333333333334]",9.64413166795129
1,100,"[0.261, 1.9000000000000008, 1.3000000000000003, 0.2066666666666665, 1.0, 1.0, 1.4000000000000004, 1.8000000000000007, 0.034333333333333355, 2.4833333333333343, 1.1, 0.3333333333333336]",5.862560210935398
