,labelled data,weights,regret
0,50,"[10.001, 31.0, 21.0, 15.999999999999998, 1.0, 11.0, 11.0, 35.001000000000005, 13.334333333333333, 8.5, 11.0, 8.001]",0.675295367452439
1,100,"[20.000999999999998, 31.0, 21.0, 26.0, 11.0, 11.0, 6.0, 35.001000000000005, 13.334333333333333, 5.999999999999998, 21.0, 0.33433333333333426]",0.24420042982735343
