,weights,regret
0,"[2.1313492063492063, 2.6750000000000003, 2.8499999999999996, 1.0, 2.5, 3.501, 2.8750000000000004, 2.958333333333333, 0.5416666666666666, 1.9916666666666671, 0.7271904761904762, 0.6869047619047619]",6.024562453634774
