,labelled data,weights,regret
0,50,"[6.0, 11.0, 16.0, 21.0, 6.0, 11.0, 0.001000000000000334, 22.500999999999998, 6.667666666666667, 12.084333333333333, 11.0, 4.501]",6.139798501102923
1,100,"[6.0, 11.0, 16.0, 26.0, 11.0, 21.0, 5.001, 22.500999999999998, 6.667666666666667, 13.989095238095237, 16.0, 1.251]",0.20683337032749716
