,labelled data,weights,regret
0,50,"[2.0, 2.0, 4.0, 4.0, 1.0, 2.0, 3.5, 2.001, 0.5, 1.2333333333333334, 2.0, 1.5]",1.0243058521140098
1,100,"[2.0, 2.0, 4.0, 3.0, 2.301, 3.0, 4.5, 1.001, 1.6676666666666666, 0.8892857142857143, 3.0, 2.333333333333333]",2.931072195369976
