,weights,regret
0,"[0.8900000000000003, 1.1874999999999996, 1.1673076923076917, 0.8, 1.0, 1.2000000000000002, 1.2499999999999991, 1.3624999999999994, 1.1250000000000002, 1.05, 0.6750000000000003, 0.8125000000000007]",6.059950622463506
