,weights,regret
0,"[4.300000000000001, 0.9010000000000005, 3.500000000000001, 2.9000000000000017, 2.100000000000001, 0.001, 0.8010000000000002, 0.7000000000000005, 3.8000000000000016, 4.000000000000001, 1.2, 1.9]",1.025150655634452
