,labelled data,weights,regret
0,50,"[0.34999999999999987, 2.25, 2.566666666666667, 0.5, 1.5, 1.5, 1.875, 2.375, 1.8125, 2.5, 0.126, 0.75]",0.5508211663920645
1,100,"[0.6510000000000001, 2.9000000000000004, 3.4333333333333336, 1.5, 1.001, 2.5, 2.25, 3.4375, 1.75, 2.291666666666667, 0.4385, 0.501]",0.34838128341781854
