,labelled data,weights,regret
0,50,"[1.7000000000000006, 3.3584905660377387, 4.958333333333333, 2.008064516129032, 4.5, 1.0, 10.0, 8.5, 3.3343333333333334, 6.2509999999999994, 5.999999999999999, 5.5]",4.175907596641603
1,100,"[1.4000000000000015, 4.018867924528306, 5.583333333333332, 1.6854838709677415, 4.5, 1.0, 10.0, 8.5, 4.167666666666666, 5.0009999999999994, 5.999999999999999, 6.5]",4.596534761089225
