,weights,regret
0,"[0.001, 39.012904761904764, 3.221500721500721, 40.001000000000005, 26.0, 0.001, 13.167666666666666, 36.41666666666667, 0.001, 63.5, 0.001, 12.167666666666666]",0.06871703614410267
