,labelled data,weights,regret
0,50,"[0.9258333333333332, 1.7133333333333345, 1.6000000000000005, 0.7000000000000001, 1.0, 1.8000000000000007, 2.3625000000000007, 1.5891666666666668, 0.4, 0.8616666666666666, 1.4425000000000003, 0.7699999999999998]",1.1256720613950326
1,100,"[1.1349999999999998, 1.9766666666666681, 2.100000000000001, 0.7000000000000001, 1.8000000000000007, 2.5000000000000013, 3.0625000000000013, 1.3591666666666664, 0.32500000000000007, 0.5691666666666667, 2.100833333333334, 0.863333333333333]",0.2754569215102551
