,labelled data,weights,regret
0,50,"[0.8999999999999999, 0.25, 1.6153846153846152, 1.001, 0.001, 1.5, 0.8125, 1.6875, 1.125, 0.875, 1.125, 0.6875]",0.006813882782746017
1,100,"[0.8749999999999999, 0.3135, 2.1153846153846145, 1.001, 0.001, 1.5, 1.5625, 2.1875, 1.3125, 0.875, 1.125, 0.625]",0.01911715989954427
