,labelled data,weights,regret
0,50,"[0.301, 4.5, 3.5, 0.16766666666666666, 1.0, 1.0, 1.0, 3.0, 0.501, 3.5, 1.5, 0.41766666666666674]",0.4639799195891114
1,100,"[0.701, 4.5, 4.0, 0.001, 1.0, 1.5, 3.0, 3.0, 0.7509999999999999, 5.0, 2.0, 0.45933333333333326]",0.436101907887373
