,labelled data,weights,regret
0,50,"[0.001, 7.0, 5.0009999999999994, 0.2574102564102563, 2.0, 3.0, 1.501, 6.5009999999999994, 1.8343333333333334, 5.75, 3.0, 2.301]",1.742864060531672
1,100,"[0.001, 10.0, 6.0009999999999994, 0.9962380952380954, 2.0, 3.0, 5.5009999999999994, 8.501, 2.8343333333333334, 8.75, 3.0, 2.801]",1.4891240078864418
