,labelled data,weights,regret
0,50,"[1.327380952380952, 4.611904761904762, 5.4, 3.0009999999999994, 3.0, 6.0, 4.834333333333333, 1.284333333333333, 2.6676666666666664, 0.001, 9.333333333333332, 1.001]",1.731943166667379
1,100,"[1.9248095238095235, 7.7785714285714285, 7.65, 7.0009999999999994, 2.001, 10.0, 9.917666666666666, 0.001, 1.8676666666666661, 1.001, 13.235714285714282, 4.5009999999999994]",0.2857816643425413
