,labelled data,weights,regret
0,50,"[2.0, 9.0, 7.0, 8.0, 4.001, 6.0, 3.001, 11.0, 1.0010000000000003, 9.001000000000001, 7.0, 7.001000000000001]",34.08262325309092
1,100,"[1.0, 14.0, 10.0, 3.0, 4.001, 6.0, 2.001, 12.0, 3.0010000000000003, 12.001000000000001, 7.0, 10.001000000000001]",20.20570415451202
