,labelled data,weights,regret
0,50,"[3.0009999999999994, 1.001, 8.001, 5.0009999999999994, 0.001, 6.0, 2.0009999999999994, 5.0, 2.001, 0.5009999999999999, 6.0009999999999994, 2.501]",0.0025744962494005127
1,100,"[6.5009999999999994, 2.001, 11.001, 9.001, 0.001, 8.0, 2.001, 8.5, 0.501, 2.501, 7.5009999999999994, 3.5009999999999994]",0.4127299861945449
