,labelled data,weights,regret
0,50,"[6.2509999999999994, 26.33433333333334, 37.66666666666667, 30.000999999999998, 0.001, 21.0, 27.666666666666668, 26.501, 10.000999999999998, 3.7509999999999994, 41.0, 15.001000000000001]",0.13943591104085304
1,100,"[2.3621111111111115, 46.33433333333332, 64.66666666666667, 30.000999999999998, 0.001, 31.0, 54.33333333333335, 40.501000000000005, 36.66766666666666, 1.251, 44.333333333333336, 18.001]",0.1603621621428833
