,weights,regret
0,"[1.4199999999999948, 1.188679245283019, 1.3749999999999991, 1.076612903225806, 1.0, 1.0, 0.9999999999999997, 1.5, 1.6666666666666665, 1.375, 1.5, 0.001]",5.750555490070226
