,labelled data,weights,regret
0,50,"[1.4873015873015878, 4.834333333333333, 3.0, 1.001, 3.0, 5.0, 4.0, 3.583333333333333, 3.4166666666666665, 3.3333333333333335, 0.001, 0.6676666666666666]",0.1943378147746301
1,100,"[2.5063492063492068, 3.0843333333333334, 3.0, 2.001, 4.0, 6.0, 3.0, 5.083333333333333, 1.2499999999999998, 4.333333333333334, 3.403380952380952, 1.001]",8.401321658988625
