,labelled data,weights,regret
0,50,"[1.4, 1.625, 2.307692307692308, 2.0, 0.001, 3.0, 3.25, 2.125, 1.0, 2.125, 0.875, 0.876]",9.653988256562972
1,100,"[1.0999999999999985, 1.5, 3.9230769230769242, 3.0, 0.001, 3.0, 4.75, 2.625, 1.25, 1.875, 0.125, 0.126]",8.797811066056964
