,labelled data,weights,regret
0,50,"[31.0, 1.0, 71.0, 31.0, 21.0, 21.0, 81.0, 51.0, 20.000999999999998, 51.0, 61.0, 101.0]",5.645703175574105
1,100,"[61.0, 41.0, 91.0, 51.0, 41.0, 21.0, 81.0, 0.001, 10.000999999999998, 31.0, 71.0, 101.0]",4.256615785329298
