,labelled data,weights,regret
0,50,"[1.1, 1.1, 1.1, 1.5333333333333337, 1.0, 1.0, 0.3500000000000001, 1.0, 0.9833333333333337, 1.3249999999999988, 1.1, 0.8999999999999999]",1.1211354468810477
1,100,"[1.1, 1.1, 1.1, 2.200000000000001, 1.0, 1.0, 0.001, 1.0, 0.9833333333333337, 0.6449999999999999, 1.1833333333333331, 0.23999999999999932]",0.13908376851413498
