,labelled data,weights,regret
0,50,"[70.001, 70.001, 171.0, 80.001, 0.001, 140.001, 101.0, 151.0, 80.001, 40.001, 191.0, 61.0]",1.0904322913522064
1,100,"[0.001, 140.001, 131.0, 80.001, 30.000999999999998, 190.001, 171.0, 91.0, 100.001, 0.001, 321.0, 51.0]",0.45396557156404665
