,weights,regret
0,"[1.065999999999998, 0.9792452830188678, 0.9875, 1.0758064516129004, 1.0, 1.0, 0.9199999999999999, 1.1, 1.2166666666666661, 1.1249999999999996, 1.1, 0.95]",7.389995684454749
