,labelled data,weights,regret
0,50,"[1.1, 1.1, 1.1, 0.8, 1.0, 0.8, 1.2000000000000002, 1.7500000000000007, 0.5000000000000001, 1.4000000000000001, 1.1, 0.3333333333333335]",248.12607385224052
1,100,"[1.1, 1.1, 1.1, 0.0010000000000000009, 1.0, 0.8, 1.3000000000000003, 1.8500000000000008, 0.5000000000000001, 2.200000000000001, 1.1, 0.3666666666666668]",32.90522063793476
