,labelled data,weights,regret
0,50,"[101.0, 30.001, 151.0, 31.0, 1.0, 40.001, 61.0, 51.0, 91.0, 11.0, 91.0, 1.0]",17.52415778844225
1,100,"[161.0, 10.001, 131.0, 41.0, 1.0, 40.001, 11.0, 21.0, 81.0, 31.0, 131.0, 1.0]",15.462836819189452
