,weights,regret
0,"[1.251, 26.250999999999998, 10.001000000000001, 35.001000000000005, 35.001000000000005, 31.0, 9.166666666666671, 59.75, 27.917666666666666, 4.5009999999999994, 37.625, 0.001]",0.6776773482412217
