,labelled data,weights,regret
0,50,"[3.001, 6.0, 4.0, 2.001, 1.0, 2.0, 4.0, 5.0009999999999994, 1.001, 3.001, 2.0, 3.0]",28.018924388016295
1,100,"[5.0009999999999994, 7.0, 7.0, 0.001, 2.0, 3.0, 3.0, 6.0009999999999994, 1.001, 8.001, 4.0, 4.0009999999999994]",11.794717491336232
