,weights,regret
0,"[1.001, 2.9000000000000012, 2.4, 0.9, 2.000000000000001, 1.9000000000000008, 2.6000000000000005, 4.000000000000002, 0.4000000000000005, 1.199999999999999, 1.4000000000000017, 0.401]",0.5068132169293559
