,labelled data,weights,regret
0,50,"[6.0, 6.0, 6.0, 6.0, 1.0, 6.0, 13.5, 10.001, 5.166666666666667, 4.376, 6.0, 4.0]",0.9766418826628457
1,100,"[6.0, 6.0, 6.0, 5.0009999999999994, 6.0, 6.0, 13.5, 10.001, 3.500000000000001, 8.126000000000001, 6.833333333333333, 5.5]",0.5564090970122336
