,weights,regret
0,"[0.5000000000000001, 1.5000000000000004, 1.6000000000000005, 1.5000000000000007, 1.0, 1.0, 0.6000000000000001, 1.5000000000000004, 0.55, 1.2833333333333334, 1.1, 1.2000000000000002]",0.6581413638275032
