,labelled data,weights,regret
0,50,"[1.013999999999999, 1.0377358490566058, 1.0374999999999999, 0.9919354838709676, 1.0, 1.0, 1.3400000000000003, 1.1, 0.8833333333333332, 1.025, 1.1, 0.99]",9.871287913122204
1,100,"[1.0229999999999984, 1.0509433962264179, 1.0583333333333331, 0.9846774193548383, 1.0, 1.0, 1.4400000000000004, 1.1, 0.7999999999999996, 1.0999999999999996, 1.1, 0.94]",9.871287913122204
