,labelled data,weights,regret
0,50,"[15.001000000000001, 21.0, 21.0, 5.001000000000001, 5.001, 10.001000000000001, 5.001000000000001, 30.001, 3.751, 22.501, 15.001000000000001, 8.5]",11.339677402433923
1,100,"[15.001000000000001, 31.0, 31.0, 0.001, 5.001, 10.001000000000001, 30.001, 40.001000000000005, 0.001, 47.501000000000005, 15.001000000000001, 6.0]",1.0899368732351873
