,weights,regret
0,"[3.625, 5.0, 4.0, 1.2295714285714285, 1.0, 3.5, 1.875, 6.0, 1.2500000000000002, 4.84047619047619, 4.0, 0.8260000000000001]",0.0841100206278334
