,weights,regret
0,"[16.0, 11.0, 6.0, 11.0, 11.0, 11.0, 2.0009999999999994, 6.0, 12.666666666666666, 34.333333333333336, 14.333333333333332, 25.0]",2.221950778888654
