,weights,regret
0,"[2.5, 0.7509999999999999, 0.001, 4.958333333333333, 2.0, 2.0, 3.5, 7.5009999999999994, 1.4166666666666665, 7.083333333333333, 3.0, 0.401]",0.15115841651456516
