,weights,regret
0,"[0.9400000000000008, 1.1874999999999996, 1.1076923076923073, 0.8, 1.0, 1.2000000000000002, 1.2874999999999994, 1.424999999999999, 1.0500000000000003, 1.0250000000000004, 0.8, 0.7875000000000008]",0.6227896656157107
