,weights,regret
0,"[0.9650000000000002, 0.9875000000000002, 1.2096153846153839, 0.7000000000000001, 1.2000000000000002, 1.2000000000000002, 1.1624999999999999, 1.3124999999999991, 1.1125000000000003, 1.1749999999999996, 0.7250000000000005, 0.9000000000000004]",1.5743038733839154
