,weights,regret
0,"[0.001, 2.4000000000000004, 3.4000000000000004, 1.1, 0.8, 1.5000000000000004, 2.2000000000000006, 2.8000000000000007, 1.5000000000000009, 1.8999999999999997, 0.30100000000000005, 0.001]",0.24001243686136342
