,weights,regret
0,"[0.6509999999999999, 2.5, 3.8000000000000016, 0.5, 1.001, 2.0, 2.75, 3.5625, 1.9375, 2.25, 0.6885, 0.30100000000000005]",0.41690835759251615
