,labelled data,weights,regret
0,50,"[6.0, 16.0, 11.0, 36.0, 21.0, 21.0, 5.001, 26.0, 5.001, 5.001000000000001, 11.0, 5.001000000000001]",0.42461497285161676
1,100,"[6.0, 5.001, 26.0, 46.0, 21.0, 41.0, 5.001, 31.0, 10.001000000000001, 5.001, 16.0, 0.001]",0.21445407430153293
