,labelled data,weights,regret
0,50,"[6.0, 6.0, 6.0, 4.333333333333334, 6.0, 6.0, 11.0, 5.001, 6.0, 6.000000000000001, 7.666666666666666, 8.0]",0.6405189027530945
1,100,"[8.5, 6.0, 8.5, 1.0000000000000009, 6.0, 6.0, 11.0, 5.001, 6.833333333333333, 8.5, 7.666666666666666, 11.0]",1.041770042160373
