,weights,regret
0,"[0.501, 4.5, 6.083333333333333, 0.7059523809523816, 2.5, 2.5, 0.501, 6.2509999999999994, 0.9176666666666666, 6.916666666666666, 3.0, 1.7343333333333328]",0.09467631906301002
