,labelled data,weights,regret
0,50,"[1.501, 8.334333333333332, 11.333333333333332, 0.001, 6.0, 6.0, 5.375, 6.625, 1.0, 2.1438571428571427, 13.5, 6.0009999999999994]",0.5778392087603198
1,100,"[0.501, 8.33433333333333, 13.333333333333332, 0.001, 6.0, 6.0, 8.5, 6.625, 2.25, 0.7152857142857147, 13.5, 5.0009999999999994]",0.4852625679427516
