,weights,regret
0,"[1.9999999999999996, 0.8, 2.6, 1.4000000000000004, 1.6000000000000005, 0.6000000000000001, 1.3999999999999997, 1.5999999999999999, 2.3000000000000003, 2.6000000000000005, 0.49999999999999967, 0.9999999999999999]",1.0962656304291745
