,labelled data,weights,regret
0,50,"[1.4499999999999995, 1.2750000000000004, 2.566666666666666, 1.5, 0.001, 2.0, 2.0, 1.8125, 1.25, 0.9375, 1.5, 0.125]",9.319840162182462
1,100,"[1.0999999999999994, 1.975000000000001, 2.7666666666666657, 0.001, 1.001, 2.0, 2.5, 2.0625, 1.5, 1.5, 0.4385, 0.151]",0.24928509992669184
