,weights,regret
0,"[1.2000000000000002, 1.4000000000000004, 1.1, 0.9000000000000002, 1.1, 1.1, 0.8999999999999999, 1.7000000000000006, 0.30000000000000016, 1.4, 1.1, 0.30100000000000027]",0.5106137609813113
