,weights,regret
0,"[5.7509999999999994, 100.66766666666663, 67.66666666666666, 20.001000000000005, 51.0, 130.001, 81.001, 91.41666666666666, 27.250999999999998, 157.66666666666669, 0.001, 16.42957142857143]",0.09873518427251098
