,weights,regret
0,"[1.134999999999999, 0.8874999999999998, 0.9461538461538463, 1.2000000000000002, 1.1, 0.8, 0.9750000000000003, 0.9125000000000004, 0.9875000000000003, 1.0999999999999999, 1.1375, 1.3124999999999998]",20.297058737940265
