,labelled data,weights,regret
0,50,"[11.0, 11.500999999999998, 11.0, 11.0, 1.0, 10.001, 9.751, 23.5, 7.501, 21.0, 1.0, 11.0]",6.123210375322352
1,100,"[20.333333333333332, 9.000999999999998, 17.0, 1.0, 11.0, 10.001, 19.750999999999998, 20.166666666666664, 1.6676666666666673, 26.0, 15.001000000000001, 21.0]",10.065470967219301
