,labelled data,weights,regret
0,50,"[1.6000000000000003, 1.7547169811320753, 1.833333333333333, 1.9677419354838703, 1.5, 3.0, 15.0, 11.0, 6.000000000000002, 1.0, 11.0, 10.0]",59.60859826586016
1,100,"[1.7000000000000004, 1.7547169811320753, 1.833333333333333, 2.2903225806451606, 1.5, 3.0, 15.0, 11.0, 6.000000000000002, 1.0, 11.0, 10.0]",59.60859826586016
