,weights,regret
0,"[3.4000000000000004, 1.2, 3.701, 1.2000000000000002, 0.8, 1.6000000000000005, 0.8999999999999999, 1.8999999999999997, 0.5000000000000002, 1.7999999999999998, 2.2, 1.9]",6.930678938204349
