,weights,regret
0,"[1.6670634920634924, 3.158333333333333, 2.25, 1.0, 4.5, 2.001, 2.2291666666666665, 2.9791666666666674, 2.441666666666667, 4.0, 0.1379047619047619, 1.1749999999999996]",1.0235955588315078
