,weights,regret
0,"[0.6, 1.7000000000000006, 2.3000000000000007, 1.4000000000000001, 1.2000000000000002, 1.1, 0.19999999999999982, 1.9000000000000004, 1.0999999999999996, 1.7000000000000002, 1.6, 1.6999999999999997]",1.1104409028682678
