,labelled data,weights,regret
0,50,"[2.0, 3.5, 2.0, 4.5, 1.0, 2.001, 0.001, 4.0009999999999994, 0.501, 1.001, 2.0, 0.401]",0.189672146382814
1,100,"[2.0, 3.5, 2.0, 4.5, 1.0, 3.001, 0.501, 4.0009999999999994, 0.751, 1.1176666666666664, 2.0, 0.0010000000000000009]",0.13528592191503486
