,weights,regret
0,"[0.8649999999999999, 1.1749999999999994, 0.9173076923076924, 1.0, 1.2000000000000002, 0.6000000000000001, 0.7000000000000002, 1.0749999999999997, 1.1249999999999996, 1.0624999999999998, 0.6500000000000005, 0.7625000000000002]",0.5636368990677177
