,labelled data,weights,regret
0,50,"[3.077923076923077, 6.0, 8.5, 1.3343333333333331, 5.001, 6.0, 3.0010000000000003, 10.001000000000001, 6.0, 23.499999999999993, 6.833333333333333, 2.5009999999999994]",1.6721101221069417
1,100,"[3.0779230769230774, 11.0, 11.0, 0.6676666666666671, 5.001, 6.0, 7.001000000000001, 10.001000000000001, 6.0, 33.499999999999986, 8.5, 9.501]",1.433747772090605
