,weights,regret
0,"[1.0179999999999987, 0.9849056603773584, 1.0166666666666666, 1.033870967741933, 1.0, 1.0, 0.94, 1.1, 1.2166666666666661, 1.0624999999999998, 1.1, 1.06]",7.389995684454749
