,labelled data,weights,regret
0,50,"[6.0, 6.0, 6.0, 12.666666666666664, 6.0, 5.001, 3.001, 5.001, 4.333333333333334, 6.833333333333336, 5.166666666666666, 2.0]",0.695559377376675
1,100,"[6.0, 6.0, 6.0, 15.999999999999996, 6.0, 5.001, 2.001, 5.001, 4.333333333333334, 5.166666666666668, 7.666666666666665, 0.001]",0.18723382993597473
