,labelled data,weights,regret
0,50,"[2.5000000000000004, 0.8010000000000002, 3.2666666666666675, 2.0, 0.001, 3.0, 2.375, 3.25, 1.375, 1.2000000000000002, 3.5, 1.5]",0.0068603626510474235
1,100,"[2.8000000000000003, 0.4676666666666669, 4.266666666666667, 3.0, 0.001, 3.0, 3.125, 4.25, 1.125, 2.126, 3.75, 1.5]",1.251063486569418
