,labelled data,weights,regret
0,50,"[0.001, 36.0, 6.0, 6.001000000000001, 11.0, 6.0, 21.0, 17.500999999999998, 3.5, 35.001, 11.0, 0.7509999999999994]",1.1842971341914983
1,100,"[0.001, 61.0, 36.0, 0.6676666666666664, 16.0, 6.0, 36.0, 52.501, 5.0009999999999994, 80.001, 16.0, 15.000999999999998]",0.486382721132203
