,labelled data,weights,regret
0,50,"[1.5, 1.5, 1.5, 1.5, 1.5, 0.5, 3.0, 3.5, 0.16766666666666663, 1.7718333333333334, 2.0, 0.001]",511.1628686833567
1,100,"[1.101, 4.0, 3.5, 0.35814285714285715, 1.5, 0.5, 4.5, 4.0, 0.5009999999999999, 4.105166666666667, 2.0, 0.001]",1.4558529445882578
