,labelled data,weights,regret
0,50,"[0.9399999999999998, 0.6875000000000011, 1.2096153846153839, 1.4000000000000004, 0.7000000000000001, 1.1, 0.9125000000000003, 1.187499999999999, 1.3124999999999991, 0.7124999999999999, 1.1624999999999996, 1.0124999999999997]",1.2759302518217968
1,100,"[0.9899999999999999, 0.5750000000000013, 1.299999999999999, 1.4000000000000004, 0.6000000000000001, 1.2000000000000002, 0.9500000000000002, 1.3374999999999984, 1.2999999999999992, 0.8124999999999999, 1.1999999999999995, 1.0249999999999997]",1.2725891943794405
