,labelled data,weights,regret
0,50,"[1.001, 12.001, 21.0, 10.0, 1.001, 12.001, 9.0, 14.0, 9.0, 0.001, 18.0, 3.0009999999999994]",0.5047867784273042
1,100,"[3.0010000000000003, 18.000999999999998, 24.0, 12.0, 2.001, 23.000999999999998, 15.0, 18.0, 9.001000000000001, 3.0010000000000003, 28.0, 9.001]",0.38318426633922403
