,weights,regret
0,"[31.833333333333332, 0.001, 0.001, 20.000999999999998, 18.737263736263735, 16.0, 76.0, 0.001, 101.0, 29.125, 16.0, 51.0]",1.482318771144717
