,labelled data,weights,regret
0,50,"[1.5, 2.5, 1.5, 2.5, 1.0, 2.0, 0.501, 3.5, 0.0010000000000000009, 1.501, 1.5, 0.001]",296.7965845189326
1,100,"[2.001, 5.0, 3.5, 0.5009999999999999, 2.0, 3.0, 1.001, 5.0, 1.501, 4.0009999999999994, 2.5, 1.001]",11.31806778239675
