,labelled data,weights,regret
0,50,"[1.55, 3.0754716981132098, 5.166666666666666, 2.129032258064516, 2.5, 1.0, 6.0, 8.5, 1.6676666666666662, 5.6259999999999994, 4.333333333333333, 5.5]",11.388040409053744
1,100,"[1.2, 4.679245283018872, 6.208333333333332, 1.645161290322581, 2.5, 1.0, 8.0, 8.5, 0.8343333333333331, 9.376, 4.333333333333333, 5.0]",10.496523223498295
