,weights,regret
0,"[4.4, 1.1999999999999988, 0.3999999999999999, 0.20000000000000015, 2.8000000000000016, 1.6000000000000005, 3.1000000000000014, 0.9000000000000009, 1.0, 2.3000000000000007, 2.799999999999999, 1.5999999999999996]",0.06663082983736476
