,labelled data,weights,regret
0,50,"[0.5000000000000001, 1.6000000000000005, 1.2000000000000002, 0.8999999999999999, 1.0, 1.0, 0.9, 1.6000000000000005, 0.5500000000000002, 1.9500000000000006, 1.1, 0.65]",20.00006311085377
1,100,"[0.40000000000000013, 2.100000000000001, 1.6000000000000005, 0.5999999999999996, 1.0, 1.0, 1.1, 1.9000000000000008, 0.35000000000000014, 1.8500000000000005, 1.1, 0.5000000000000001]",12.566812791492346
