,labelled data,weights,regret
0,50,"[1.1400000000000001, 1.2264150943396226, 1.5000000000000009, 1.161290322580645, 1.0, 1.0, 2.8000000000000007, 2.5, 0.8333333333333333, 0.501, 2.0, 0.9999999999999992]",3.3681176088540976
1,100,"[1.2700000000000002, 1.3018867924528301, 1.5000000000000009, 1.193548387096774, 1.0, 1.0, 2.8000000000000007, 2.5, 0.8333333333333333, 0.376, 2.0, 0.001]",0.6460790254763275
