,labelled data,weights,regret
0,50,"[31.0, 41.0, 71.0, 71.0, 11.0, 1.0, 101.0, 0.001, 60.001, 50.001000000000005, 71.0, 121.0]",12.187225952354552
1,100,"[81.0, 71.0, 111.0, 41.0, 180.001, 21.0, 111.0, 0.001, 50.001, 50.001000000000005, 81.0, 131.0]",5.617367347289842
