,labelled data,weights,regret
0,50,"[0.6000000000000001, 1.5000000000000004, 1.3000000000000003, 0.5499999999999998, 1.0, 1.0, 0.7000000000000001, 1.8000000000000007, 0.051000000000000004, 2.150000000000001, 1.1, 0.6333333333333334]",13.66469785990887
1,100,"[0.06655555555555556, 1.9000000000000008, 1.5000000000000004, 0.2533333333333332, 1.0, 1.0, 1.0, 1.9000000000000008, 0.11766666666666667, 2.6500000000000012, 1.1, 0.8333333333333334]",1.5804655711132105
