,labelled data,weights,regret
0,50,"[29.167666666666666, 20.000999999999998, 46.0, 16.48248148148148, 10.001, 41.0, 20.000999999999998, 70.001, 13.334333333333333, 56.928571428571416, 31.0, 21.334333333333333]",10.738391260292088
1,100,"[2.0009999999999994, 65.001, 96.0, 5.834333333333334, 50.001, 41.0, 40.001, 90.001, 15.000999999999998, 116.92857142857142, 61.0, 51.33433333333333]",3.23119769418469
