,labelled data,weights,regret
0,50,"[0.8250000000000006, 1.1874999999999993, 1.1326923076923072, 0.7000000000000001, 1.1, 1.3000000000000003, 1.3124999999999991, 1.3874999999999988, 1.1749999999999998, 1.1625000000000003, 0.3625000000000006, 0.7750000000000007]",1.4229244507555616
1,100,"[0.7150000000000005, 1.2249999999999992, 1.2865384615384605, 0.8, 1.0, 1.3000000000000003, 1.4874999999999985, 1.4874999999999985, 1.3374999999999992, 1.1875000000000004, 0.0885, 0.7000000000000011]",1.0703291881690202
