,weights,regret
0,"[0.8204444444444444, 2.275, 1.875, 0.5009999999999999, 1.5, 3.5, 2.0, 3.625, 0.8134999999999999, 1.9057619047619048, 1.0375, 0.45933333333333326]",4.983176811971022
