,weights,regret
0,"[2.6500000000000004, 0.8343333333333331, 2.127083333333334, 1.5, 2.0, 0.001, 1.8125, 1.625, 3.4375, 2.125, 2.5, 1.9249999999999994]",0.6874510145939384
