,weights,regret
0,"[2.501190476190476, 0.03433333333333344, 2.0, 3.0, 3.0, 0.001, 1.0583333333333336, 0.9083333333333337, 1.8333333333333333, 4.0, 0.9593333333333334, 2.0833333333333335]",0.6235615860493756
