,weights,regret
0,"[0.8999999999999999, 1.6000000000000005, 2.0000000000000004, 0.6000000000000002, 1.0, 1.0, 1.2000000000000002, 2.1000000000000005, 0.2999999999999998, 1.8000000000000003, 1.7000000000000002, 1.3999999999999995]",27.25993245141508
