,weights,regret
0,"[9.0, 1.1676666666666669, 0.001, 3.7260000000000004, 1.5, 1.5, 3.7509999999999994, 0.001, 14.5, 6.5, 2.0, 1.0]",0.13230425773703866
