,labelled data,weights,regret
0,50,"[1.0175, 0.9216666666666666, 1.4811198945981559, 1.0, 1.0, 1.7000000000000006, 1.3883333333333334, 1.101666666666667, 0.48833333333333323, 0.001, 2.3266666666666675, 1.1500000000000001]",0.9072092469758245
1,100,"[0.5061904761904761, 1.4966666666666673, 1.6061198945981559, 0.9, 0.6000000000000001, 2.4000000000000012, 2.0466666666666673, 1.5016666666666674, 0.27166666666666656, 0.001, 2.930000000000001, 0.9916666666666666]",0.4529783659414317
