,labelled data,weights,regret
0,50,"[2.0, 3.0, 3.0, 6.0, 2.0, 3.0, 1.001, 6.0, 1.001, 2.0009999999999994, 3.0, 1.001]",2.219913178888633
1,100,"[2.0, 3.0, 4.0, 8.0, 4.0, 7.0, 0.001, 7.0, 0.001, 1.001, 7.0, 0.001]",0.1700719564011644
