,labelled data,weights,regret
0,50,"[0.9500000000000001, 0.4375, 1.2403846153846152, 1.5, 0.001, 1.5, 0.6875, 1.5, 0.75, 0.875, 0.9375, 1.0625]",6.65416937938457
1,100,"[0.9249999999999999, 0.375, 1.8653846153846154, 1.5, 0.001, 1.5, 1.625, 2.0, 1.0625, 0.875, 0.9375, 1.0]",0.007251202610636891
