,labelled data,weights,regret
0,50,"[1.0079999999999991, 1.0283018867924545, 1.025, 0.9870967741935484, 1.0, 1.0, 1.12, 1.0, 0.7666666666666662, 1.0874999999999997, 1.0, 0.9299999999999999]",8.673436720982105
1,100,"[0.9829999999999989, 1.0471698113207575, 1.0624999999999998, 0.9548387096774191, 1.0, 1.0, 1.1800000000000002, 1.0, 0.716666666666666, 1.2124999999999992, 1.0, 0.8799999999999999]",5.1111600420236085
