,labelled data,weights,regret
0,50,"[40.001, 20.000999999999998, 101.0, 71.0, 0.001, 80.001, 20.001000000000005, 100.001, 20.000999999999998, 10.001000000000005, 101.0, 70.001]",0.00637781710922737
1,100,"[140.001, 80.001, 121.0, 141.0, 0.001, 100.001, 100.001, 160.001, 0.001, 60.001000000000005, 161.0, 60.001000000000005]",1.4731662620910533
