,weights,regret
0,"[0.5000000000000001, 0.8, 0.7000000000000001, 1.2500000000000002, 1.0, 1.0, 0.4650000000000002, 0.4500000000000003, 1.4000000000000004, 2.008333333333334, 1.1, 1.5000000000000004]",0.1215527116170362
