,weights,regret
0,"[3.4000000000000004, 1.201, 3.801, 1.0, 0.7000000000000001, 1.8000000000000007, 1.2000000000000006, 1.9000000000000004, 0.6010000000000001, 1.4999999999999998, 2.3000000000000003, 2.5000000000000004]",6.930678938204349
