,weights,regret
0,"[1.1, 0.9, 1.3000000000000003, 1.5500000000000005, 0.7000000000000001, 0.43333333333333346, 0.10100000000000003, 1.8000000000000007, 0.5500000000000002, 2.1166666666666676, 0.9, 0.201]",0.8147431955278858
