,labelled data,weights,regret
0,50,"[0.5009999999999999, 10.001, 17.346153846153843, 0.001, 11.0, 11.0, 22.25, 27.25, 21.0, 9.75, 1.251, 6.2509999999999994]",0.486584685166669
1,100,"[10.001, 13.750999999999998, 23.692307692307686, 20.000999999999998, 10.001, 1.0, 26.0, 31.0, 29.75, 21.0, 8.751000000000001, 17.500999999999998]",7.836786406016288
