,weights,regret
0,"[0.001, 4.268857142857143, 4.8, 0.001, 2.501, 5.0, 4.064285714285715, 6.666666666666666, 1.5635, 2.680357142857142, 0.327785714285714, 3.2583333333333333]",0.4165909372413357
