,labelled data,weights,regret
0,50,"[5.001000000000001, 70.001, 50.001, 0.001000000000000334, 16.0, 50.001000000000005, 25.000999999999998, 55.001000000000005, 15.001000000000001, 61.0, 0.001, 5.000999999999998]",0.10112212076016062
1,100,"[15.001000000000001, 100.001, 100.001, 15.001000000000001, 31.0, 90.001, 50.001, 95.001, 10.000999999999998, 86.0, 10.001000000000001, 15.000999999999998]",0.14750421396865718
