,weights,regret
0,"[6.5, 2.5, 0.0010000000000000009, 7.958333333333332, 2.001, 1.5, 1.001, 0.751, 7.0, 9.75, 3.5, 8.0]",0.12367553334505506
