,labelled data,weights,regret
0,50,"[1.1, 0.9, 1.2000000000000002, 1.8500000000000008, 1.0, 1.0, 0.10000000000000014, 1.6000000000000005, 0.85, 0.875, 1.1, 0.4333333333333334]",1.4169681389510946
1,100,"[1.1, 0.9, 1.2000000000000002, 1.8500000000000008, 0.9, 1.1, 0.101, 1.6000000000000005, 0.85, 0.9750000000000001, 1.1, 0.31833333333333347]",0.1940669268260034
