,labelled data,weights,regret
0,50,"[1.0, 1.0, 1.0, 0.8249999999999998, 1.0, 1.0, 1.4000000000000004, 1.1, 0.8833333333333333, 0.5499999999999997, 1.0, 1.01]",0.8306518308324854
1,100,"[1.0, 1.0, 1.0, 0.6499999999999997, 1.0, 1.0, 1.5600000000000005, 1.1, 0.8499999999999999, 0.47499999999999964, 1.0, 1.02]",0.7258041729600068
