,weights,regret
0,"[0.20000000000000015, 2.000000000000001, 1.3000000000000003, 0.7599999999999999, 1.0, 1.1, 1.0, 2.000000000000001, 0.22599999999999998, 2.1857142857142864, 1.1, 0.5000000000000002]",17.58305253197314
