,labelled data,weights,regret
0,50,"[11.001, 7.0009999999999994, 19.0, 2.001, 3.0009999999999994, 12.001, 9.0, 20.0, 7.001000000000001, 14.0, 6.001, 9.001000000000001]",6.255258433964133
1,100,"[3.0010000000000012, 19.000999999999998, 19.0, 0.001, 5.0009999999999994, 21.000999999999998, 16.0, 25.0, 5.001000000000001, 19.0, 0.001, 7.001000000000001]",0.13935678492201897
