,weights,regret
0,"[1.2, 1.6000000000000003, 1.9000000000000008, 3.0000000000000013, 1.1, 0.7000000000000001, 0.501, 1.0999999999999999, 2.1000000000000005, 0.4010000000000002, 1.4, 0.6010000000000002]",2.44720391195435
