,weights,regret
0,"[0.501, 4.75, 4.75, 0.001, 4.0, 2.0, 2.458333333333333, 7.0, 1.5843333333333331, 7.033333333333333, 4.333333333333334, 7.7010000000000005]",0.7805111887648162
