,labelled data,weights,regret
0,50,"[0.8, 0.8, 1.1, 1.3000000000000003, 0.9, 1.2000000000000002, 0.101, 1.4000000000000004, 0.30100000000000005, 0.8, 0.3999999999999999, 0.101]",2.589219015761217
1,100,"[0.8, 0.9, 1.1, 1.6000000000000005, 0.9, 1.5000000000000004, 0.0010000000000000009, 1.4000000000000004, 0.30100000000000005, 0.30100000000000005, 0.5999999999999999, 0.001]",0.18801250743304543
