,weights,regret
0,"[2.625, 1.001, 0.0010000000000000009, 7.941666666666666, 1.5, 1.001, 2.5, 0.251, 11.5, 7.519047619047619, 3.3343333333333334, 6.5343333333333335]",1.2006943039582612
