,labelled data,weights,regret
0,50,"[1.1, 1.2, 1.2000000000000002, 1.7000000000000006, 0.9, 1.3000000000000003, 0.101, 1.7000000000000006, 0.30000000000000016, 0.9999999999999999, 1.1, 0.601]",1.364268338164516
1,100,"[1.1, 1.2, 1.2000000000000002, 1.9000000000000008, 0.9, 1.9000000000000008, 0.001, 1.7000000000000006, 0.40000000000000013, 0.3999999999999998, 1.1, 0.001]",0.28709466172671916
