,weights,regret
0,"[1.6033809523809524, 3.8033809523809534, 0.8950665276752232, 5.5, 4.5, 0.001, 1.6718333333333337, 5.083333333333333, 1.6051666666666664, 6.25, 1.458738095238095, 0.3224285714285714]",2.6625521674864236
