,labelled data,weights,regret
0,50,"[3.0, 7.5009999999999994, 12.538461538461533, 11.0, 0.001, 11.0, 12.25, 13.5, 9.75, 1.251, 8.5, 2.25]",12.224044585331635
1,100,"[4.0, 8.751, 17.538461538461526, 11.0, 0.001, 11.0, 13.5, 14.75, 4.75, 11.251, 4.75, 1.251]",8.5583741262227
