,weights,regret
0,"[26.667666666666662, 30.000999999999994, 10.001, 8.751000000000001, 11.0, 11.0, 14.001000000000001, 11.0, 13.334333333333333, 30.000999999999998, 11.667666666666666, 7.0009999999999994]",0.07417136619924178
