,weights,regret
0,"[1.8785714285714288, 2.2916666666666674, 1.5, 3.5, 4.0, 1.001, 1.9464285714285712, 3.125, 3.0, 3.333333333333333, 0.7926666666666666, 0.501]",0.9192291487420078
