,labelled data,weights,regret
0,50,"[11.0, 1.0, 11.0, 41.0, 20.001, 16.0, 5.001, 35.001000000000005, 5.0009999999999994, 6.0, 11.0, 15.001000000000001]",7.8702699999714065
1,100,"[11.0, 5.001, 16.0, 41.0, 25.001, 41.0, 5.001, 35.001000000000005, 10.001, 15.000999999999998, 21.0, 10.001000000000001]",1.931559687860176
