,weights,regret
0,"[1.1, 1.3000000000000003, 1.3000000000000003, 0.9, 1.1, 1.1, 0.40000000000000013, 1.7000000000000006, 0.5, 1.5000000000000004, 1.0, 0.40100000000000013]",0.10533739500141692
