,weights,regret
0,"[4.5, 4.5, 0.5009999999999999, 0.8581428571428571, 2.0, 2.0, 3.0, 6.5, 0.9176666666666666, 3.4166666666666665, 3.0, 0.126]",0.08911018559094094
