,labelled data,weights,regret
0,50,"[0.001, 4.666666666666666, 4.334333333333333, 0.001, 0.001, 6.0, 2.3333333333333335, 6.0, 2.1676666666666664, 1.3176666666666668, 0.5343333333333333, 2.001]",2.0190818899342005
1,100,"[0.612111111111111, 8.916666666666666, 4.334333333333333, 2.0009999999999994, 1.001, 7.0, 6.333333333333334, 9.0, 1.3343333333333334, 8.734333333333334, 0.8343333333333334, 0.501]",0.13252185838802574
