,labelled data,weights,regret
0,50,"[11.0, 11.0, 31.0, 12.666666666666664, 10.001, 11.0, 11.0, 25.001, 11.0, 28.5, 11.0, 1.0]",10.80975263419852
1,100,"[21.0, 11.0, 31.0, 12.666666666666664, 10.001, 11.0, 11.0, 25.001, 11.0, 28.5, 11.0, 9.001]",12.447817711788202
