,labelled data,weights,regret
0,50,"[0.001, 16.0, 16.0, 0.001, 6.0, 6.0, 3.001, 22.500999999999998, 4.167666666666666, 33.5, 11.0, 6.334333333333333]",0.5710480254741096
1,100,"[8.001, 21.0, 21.0, 0.8343333333333333, 6.0, 6.0, 7.0009999999999994, 32.501, 4.167666666666667, 41.0, 11.0, 7.334333333333333]",0.8858153800971871
