,labelled data,weights,regret
0,50,"[1.5, 1.5, 1.5, 0.001, 1.5, 1.5, 0.501, 2.5, 0.251, 3.25, 1.5, 0.201]",8.47935688237751
1,100,"[1.7333333333333332, 2.0, 1.0, 0.3510000000000001, 1.5, 1.5, 2.001, 2.5, 0.001, 3.75, 1.5, 0.7010000000000001]",3.380476760464727
