,weights,regret
0,"[2.5, 3.0, 2.501, 9.166666666666666, 1.3, 3.5, 2.0, 0.251, 1.917666666666667, 0.251, 1.0833333333333335, 7.425]",0.6269183488944234
