,weights,regret
0,"[4.333333333333333, 3.0, 0.501, 9.333333333333332, 2.0, 4.5, 0.751, 0.251, 3.0009999999999994, 0.7509999999999999, 1.25, 9.25]",1.0005557595496402
