,labelled data,weights,regret
0,50,"[1.1550000000000002, 1.201666666666667, 1.3429771733254707, 0.6000000000000001, 1.4000000000000004, 1.7000000000000006, 1.4800000000000002, 1.0659523809523805, 0.08833333333333325, 0.8416666666666665, 1.5166666666666666, 1.225]",1.6891261678384757
1,100,"[0.6153571428571429, 1.813333333333335, 1.4346156445034157, 0.8, 1.1, 1.9000000000000008, 1.8166666666666669, 1.2876190476190474, 0.35540476190476195, 0.18452380952380915, 2.116666666666667, 0.9450000000000001]",0.30802544908337015
