,labelled data,weights,regret
0,50,"[1.5999999999999999, 0.501, 2.153846153846152, 0.001, 2.0, 3.0, 2.0, 2.5, 1.25, 0.875, 2.625, 0.875]",9.272494098927696
1,100,"[0.6999999999999998, 0.626, 3.076923076923074, 0.001, 2.0, 3.0, 1.0, 1.875, 0.5, 0.251, 4.0, 0.875]",0.9436467849433356
