,weights,regret
0,"[4.743452380952379, 1.2021904761904765, 4.922777777777778, 6.5009999999999994, 7.0, 0.001, 1.2777857142857143, 1.383738095238095, 2.666666666666666, 10.25, 1.0069523809523808, 2.966666666666667]",0.29248238129113757
