,labelled data,weights,regret
0,50,"[0.4116666666666676, 1.7749999999999984, 1.3333333333333337, 0.30000000000000016, 0.8, 1.6000000000000005, 1.4833333333333338, 1.7166666666666672, 0.8, 1.116666666666667, 0.42250000000000043, 0.5599999999999997]",0.1614877152262181
1,100,"[0.4116666666666677, 1.7849999999999981, 1.6583333333333334, 0.5000000000000001, 1.1, 1.6000000000000005, 1.5900000000000007, 1.8833333333333346, 0.8, 1.2766666666666668, 0.2975000000000005, 0.5799999999999996]",0.15764078243249932
