,labelled data,weights,regret
0,50,"[3.3343333333333325, 30.001000000000015, 31.000000000000004, 1.0, 21.0, 10.001, 26.0, 26.0, 28.5, 13.5, 0.001, 2.5010000000000003]",0.5070314040283914
1,100,"[10.001000000000001, 40.00100000000001, 48.333333333333336, 0.001, 21.0, 30.000999999999998, 36.0, 44.75, 31.0, 23.5, 6.251, 11.251]",0.25936711225867054
