,labelled data,weights,regret
0,50,"[1.5999999999999996, 2.792452830188681, 4.750000000000001, 2.6532258064516125, 1.0, 1.0, 7.0, 2.501, 6.833333333333333, 0.001, 6.0, 0.001]",2.9202305848602066
1,100,"[2.6999999999999975, 3.1698113207547194, 4.750000000000001, 2.8951612903225805, 1.0, 1.0, 7.0, 2.501, 6.833333333333333, 1.876, 6.0, 0.001]",5.575819223313495
