,labelled data,weights,regret
0,50,"[1.0, 1.0, 1.0, 1.5, 0.5, 1.5, 0.75, 1.5, 0.5, 1.0, 1.0, 1.0]",1.0299135586398802
1,100,"[0.75, 1.0, 1.0, 2.0, 0.001, 1.5, 0.25, 1.5, 0.75, 0.5, 1.5, 1.25]",0.359975162718794
