,labelled data,weights,regret
0,50,"[6.667666666666667, 5.001, 5.0009999999999994, 5.001, 6.0, 6.0, 13.001000000000001, 6.0, 5.001, 6.876000000000001, 5.834333333333333, 4.001]",0.5668202106101665
1,100,"[8.334333333333333, 8.334333333333333, 7.5009999999999994, 2.858142857142858, 6.0, 6.0, 16.001, 6.0, 2.5010000000000012, 6.876000000000001, 5.834333333333333, 2.5010000000000003]",0.6582516895406768
