,weights,regret
0,"[0.201, 6.5, 4.5, 0.2133188405797101, 2.0, 2.0, 3.301, 4.5, 0.5009999999999999, 8.803571428571429, 2.5, 3.001]",3.47075295937744
