,labelled data,weights,regret
0,50,"[0.001, 71.0, 41.0, 10.001, 11.0, 11.0, 40.001000000000005, 51.0, 20.000999999999998, 60.001, 21.0, 30.001]",7.974225732396502
1,100,"[60.001000000000005, 81.0, 71.0, 10.001, 11.0, 31.0, 20.001000000000005, 81.0, 10.001, 90.001, 41.0, 30.001000000000005]",18.00716176691552
