,labelled data,weights,regret
0,50,"[0.05655555555555555, 2.5833333333333335, 1.2926666666666666, 0.501, 1.501, 3.0, 2.5, 3.4166666666666665, 1.9176666666666666, 2.5843333333333334, 0.001, 0.251]",0.13718170785471545
1,100,"[0.001, 5.291666666666667, 2.7926666666666664, 1.001, 3.001, 5.5, 3.6, 5.541666666666666, 1.3135, 5.417666666666666, 0.16766666666666666, 0.001]",0.1171436062641139
