,weights,regret
0,"[1.4000000000000001, 1.6000000000000003, 1.8000000000000007, 0.4, 1.0, 1.0, 1.4, 2.4000000000000012, 0.4999999999999998, 1.8000000000000003, 1.6, 0.39999999999999936]",26.16457019421274
