,weights,regret
0,"[0.001, 84.66766666666668, 82.0, 50.001, 50.001, 101.0, 81.0, 122.66666666666666, 41.44147619047619, 112.66666666666667, 6.001, 0.001]",0.3080827745237648
