,weights,regret
0,"[3.916666666666666, 23.000999999999998, 13.034620271033312, 36.0, 25.001, 0.0010000000000012221, 2.501, 30.346238095238093, 11.667666666666669, 42.66666666666667, 4.3759999999999994, 0.16766666666666552]",0.1385661484934791
