,labelled data,weights,regret
0,50,"[5.5009999999999994, 4.75, 18.307692307692307, 0.001, 10.001, 11.0, 18.5, 22.25, 10.001, 6.251, 5.0009999999999994, 6.2509999999999994]",4.05272229993274
1,100,"[0.001, 16.0, 26.961538461538453, 0.001, 10.001, 21.0, 24.75, 28.5, 22.500999999999998, 17.501, 0.001, 7.5009999999999994]",0.41077785784422577
