,labelled data,weights,regret
0,50,"[91.0, 60.001, 151.0, 10.000999999999998, 20.000999999999998, 31.0, 101.0, 91.0, 21.0, 51.0, 21.0, 51.0]",7.788182292007236
1,100,"[81.0, 70.001, 151.0, 10.000999999999998, 30.000999999999998, 21.0, 121.0, 121.0, 40.001, 61.0, 1.0, 41.0]",3.169649744654445
