,labelled data,weights,regret
0,50,"[0.001, 61.0, 40.001, 0.001, 11.0, 11.0, 31.0, 70.001, 30.001, 50.001, 31.0, 20.001]",2.318345410636027
1,100,"[40.001000000000005, 71.0, 80.001, 10.001000000000001, 11.0, 21.0, 71.0, 80.001, 20.001000000000005, 110.001, 41.0, 40.001000000000005]",20.69766514968958
