,labelled data,weights,regret
0,100,"[0.001, 0.95, 1.5010000000000006, 1.5, 0.001, 1.5, 0.501, 1.126, 1.625, 0.001, 1.0, 0.625]",4.445733220889483
