,labelled data,weights,regret
0,50,"[51.0, 30.000999999999998, 76.0, 21.0, 5.001, 20.001, 50.001000000000005, 46.0, 31.0, 1.0, 41.0, 26.0]",2.1348399805262184
1,100,"[56.0, 35.001, 66.0, 41.0, 0.001, 40.001000000000005, 25.001000000000005, 61.0, 31.0, 5.001, 46.0, 46.0]",1.225201929872733
