,labelled data,weights,regret
0,50,"[2.0416666666666665, 0.5510000000000004, 3.0, 1.5, 1.001, 2.5, 2.125, 2.5, 0.001, 0.9041666666666667, 3.0416666666666665, 0.3343333333333333]",10.031013001476499
1,100,"[2.3571428571428568, 0.9843333333333336, 3.0, 3.5, 0.001, 2.5, 0.625, 3.25, 0.4426666666666667, 0.22916666666666674, 4.041666666666666, 0.9593333333333334]",2.93213656167357e-05
