,labelled data,weights,regret
0,50,"[0.6250000000000002, 1.375, 1.4134615384615377, 0.001, 1.5, 1.001, 1.1875, 1.3125, 0.875, 1.0, 0.1875, 0.375]",1.154758822041176
1,100,"[0.6000000000000002, 1.3125, 1.807692307692306, 0.001, 1.5, 1.001, 1.1875, 1.25, 1.0, 0.9375, 0.1875, 0.5]",1.136876408856369
