,weights,regret
0,"[1.0119999999999998, 1.0150943396226417, 0.9958333333333333, 1.0604838709677376, 1.0, 1.0, 1.1, 1.1, 1.0833333333333333, 1.0, 1.1, 1.1]",0.8620174256568587
