,labelled data,weights,regret
0,50,"[1.6000000000000005, 3.6415094339622636, 8.083333333333334, 2.0483870967741935, 3.0, 1.0, 11.0, 6.0, 3.334333333333333, 7.5009999999999994, 4.333333333333333, 2.001]",4.92115257616131
1,100,"[0.001, 7.603773584905666, 10.999999999999996, 0.001, 3.0, 1.0, 11.0, 6.0, 3.334333333333333, 8.751, 4.333333333333333, 6.0009999999999994]",7.363157151502285
