,labelled data,weights,regret
0,50,"[11.0, 31.0, 11.0, 71.0, 60.001, 21.0, 0.001, 51.0, 0.001, 20.000999999999998, 11.0, 10.001]",4.512358238382694
1,100,"[11.0, 51.0, 50.001, 91.0, 60.001, 41.0, 30.000999999999998, 71.0, 30.001, 30.001, 41.0, 0.001]",1.566597517640562
