,labelled data,weights,regret
0,50,"[0.0010000000000047748, 75.001, 101.0, 15.001000000000001, 10.001000000000001, 61.0, 51.0, 106.0, 35.001000000000005, 86.0, 0.001, 15.001000000000001]",0.11741179777944812
1,100,"[15.001000000000001, 110.001, 111.0, 10.001000000000001, 25.001, 106.0, 86.0, 131.0, 30.001000000000005, 121.0, 10.001000000000001, 25.001]",0.1251436865807019
