,labelled data,weights,regret
0,50,"[11.0, 13.5, 11.0, 16.0, 6.0, 11.0, 2.25, 15.001000000000001, 0.001, 3.3343333333333347, 11.0, 2.334333333333333]",0.11478801616473139
1,100,"[11.0, 13.5, 11.0, 21.0, 6.0, 11.0, 0.001, 15.001000000000001, 0.001, 6.667666666666667, 11.0, 1.001]",0.11427432818554943
