,labelled data,weights,regret
0,50,"[0.8441666666666668, 1.25, 1.4761904761904767, 0.9, 0.5000000000000001, 1.4000000000000004, 1.5083333333333337, 1.8500000000000008, 0.9249999999999999, 0.8899999999999998, 1.0842857142857147, 0.5749999999999998]",3.4394155350085547
1,100,"[0.8719444444444446, 1.3333333333333333, 1.4761904761904767, 0.9, 0.5000000000000001, 1.9000000000000008, 1.4583333333333337, 2.0500000000000007, 0.725, 1.185, 0.8033333333333337, 0.3916666666666665]",0.38421899708605134
