,weights,regret
0,"[1.1100000000000023, 1.1320754716981132, 1.2083333333333333, 1.1532258064516139, 1.025, 1.0, 2.0000000000000004, 1.5, 1.0000000000000004, 1.3125, 1.5, 2.8499999999999974]",2.2512306718529103
