,weights,regret
0,"[0.8999999999999999, 0.7, 1.5000000000000004, 2.2000000000000006, 1.1, 1.1, 1.0999999999999999, 1.0999999999999999, 1.8000000000000003, 2.3000000000000007, 1.4, 1.9]",1.0040522037562956
