,labelled data,weights,regret
0,50,"[0.001, 40.001, 26.0, 0.001, 20.000999999999998, 31.0, 16.66766666666667, 66.0, 23.33433333333333, 38.916666666666664, 0.001, 1.4295714285714283]",0.11279983507448547
1,100,"[11.001000000000001, 47.16766666666665, 47.666666666666664, 0.001, 50.001, 51.0, 40.334333333333326, 71.0, 36.667666666666655, 66.41666666666666, 6.2509999999999994, 7.501000000000001]",0.120890902568013
