,labelled data,weights,regret
0,50,"[1.1, 1.471698113207547, 1.7500000000000013, 1.096774193548387, 1.4500000000000004, 1.0, 2.4, 2.0, 0.5000000000000001, 1.5, 1.5000000000000002, 1.2]",3.5808386278482804
1,100,"[1.1, 1.6037735849056602, 1.791666666666668, 1.1048387096774193, 1.4500000000000004, 1.0, 2.4, 2.0, 0.501, 1.375, 1.5000000000000002, 1.9000000000000006]",3.541066595606979
