,weights,regret
0,"[2.1499999999999995, 1.4385, 1.4666666666666668, 0.001, 2.0, 1.5, 2.4375, 2.1875, 2.0625, 2.625, 2.375, 1.5500000000000003]",0.2376018089206886
