,labelled data,weights,regret
0,50,"[1.001, 7.858142857142857, 20.666666666666668, 0.001, 11.0, 6.0, 9.125, 9.75, 3.126, 1.4295714285714287, 18.5, 6.0]",0.5688793576265249
1,100,"[1.001, 17.858142857142855, 27.66666666666667, 0.001, 11.0, 11.0, 8.5, 11.625, 2.501, 1.251, 23.5, 3.5]",0.5295194035782045
