,weights,regret
0,"[0.32766666666666666, 1.4000000000000004, 1.6000000000000005, 1.0683333333333334, 1.1, 1.0, 0.40000000000000013, 2.100000000000001, 0.13333333333333336, 2.816666666666668, 1.0, 2.0633333333333344]",0.28244551033058546
