,weights,regret
0,"[0.001, 79.001, 10.000999999999998, 71.0, 50.001, 101.0, 56.83333333333333, 114.33333333333334, 38.751, 0.001, 56.67857142857144, 2.0010000000000012]",1.0454248460594988
