,weights,regret
0,"[2.0, 2.0, 3.0, 4.5, 1.5833333333333337, 3.5, 0.501, 0.501, 0.04266666666666666, 0.3135, 0.75, 4.5]",0.2870955810543434
