,labelled data,weights,regret
0,50,"[10.001, 11.0, 16.667666666666666, 32.501000000000005, 1.0, 11.0, 0.001, 21.0, 8.334333333333333, 10.001, 10.001, 8.001]",4.166180144924434
1,100,"[10.001, 11.0, 16.667666666666666, 32.501000000000005, 1.0, 11.0, 0.001, 21.0, 3.3343333333333334, 10.001, 10.001, 13.001]",0.957516596613232
