,weights,regret
0,"[0.20000000000000057, 1.125, 1.9038461538461542, 1.5, 0.001, 2.0, 1.4375, 2.25, 0.1885, 2.8125, 0.251, 0.9375]",1.2238150339930347
