,weights,regret
0,"[1.0, 1.1, 1.6000000000000005, 1.8000000000000007, 1.0, 1.0, 0.8, 0.5, 0.19999999999999996, 0.3333333333333335, 1.0, 1.8000000000000007]",5.917189183019057
