,labelled data,weights,regret
0,50,"[1.1600000000000001, 1.3962264150943395, 1.7083333333333346, 1.0887096774193548, 1.5500000000000005, 1.0, 2.8000000000000003, 2.0, 0.8333333333333335, 2.0, 1.666666666666667, 1.7000000000000006]",8.43651410321205
1,100,"[1.11, 1.5094339622641508, 1.958333333333335, 0.935483870967742, 1.6500000000000006, 1.0, 3.0000000000000004, 2.0, 1.0000000000000002, 3.125, 1.666666666666667, 1.6000000000000003]",3.778724634770683
