,weights,regret
0,"[11.0, 11.0, 11.0, 4.333333333333334, 7.858142857142858, 11.0, 10.001000000000001, 10.001000000000001, 11.0, 24.333333333333336, 9.333333333333334, 8.0]",73.70646083076889
