,labelled data,weights,regret
0,50,"[0.0010000000000000009, 3.0, 5.0, 0.5, 1.5, 1.5, 2.5, 4.0, 2.5, 3.5, 4.0, 6.0]",70.18257132698191
1,100,"[14.501, 3.5, 5.0, 16.501, 4.501, 3.5, 2.5, 7.0, 2.0, 4.5, 5.5, 0.001]",522.4427446493038
