,labelled data,weights,regret
0,50,"[1.4634920634920636, 3.0343333333333335, 3.0, 5.0009999999999994, 0.001, 4.0009999999999994, 3.75, 5.25, 2.4176666666666664, 0.2867142857142857, 3.438095238095238, 1.1676666666666666]",0.7044516031681332
1,100,"[5.878174603174602, 4.567666666666667, 3.75, 4.0009999999999994, 2.001, 6.0009999999999994, 5.416666666666667, 3.583333333333333, 2.9176666666666664, 1.1831428571428568, 6.054761904761905, 3.001]",1.460792533207514
