,labelled data,weights,regret
0,50,"[1.4831428571428567, 27.084333333333333, 21.0, 0.001, 20.001, 30.001, 33.08333333333333, 28.916666666666664, 16.0, 43.751000000000005, 0.001, 9.167666666666666]",0.2163707554929072
1,100,"[1.3646363636363636, 58.417666666666655, 31.0, 10.001000000000001, 15.001000000000001, 45.001000000000005, 35.58333333333333, 60.166666666666664, 22.041666666666668, 42.66766666666667, 0.001, 0.6260000000000012]",0.2518771842637562
