,labelled data,weights,regret
0,50,"[4.94147619047619, 47.33433333333333, 37.36942105263158, 20.000999999999998, 50.001, 61.0, 33.501000000000005, 75.001, 2.5010000000000012, 61.41766666666666, 0.786714285714285, 0.8343333333333334]",0.14034459771199956
1,100,"[3.0010000000000003, 91.501, 47.36942105263158, 0.001, 90.001, 121.0, 78.001, 113.33433333333333, 47.501000000000005, 89.75099999999999, 0.001, 8.001]",0.23449092582351896
