,weights,regret
0,"[1.5, 2.5, 1.0, 6.25, 2.0, 3.0, 0.0010000000000000009, 1.5, 9.666666666666668, 0.6468333333333334, 3.0, 2.826]",0.4097437933282573
