,weights,regret
0,"[2.516666666666666, 0.025999999999999995, 1.0408519137866965, 3.0, 2.0, 0.001, 0.7867142857142857, 0.20635714285714285, 0.5, 3.1666666666666665, 1.05, 3.75]",0.8764179059648197
