,labelled data,weights,regret
0,50,"[0.001, 81.0, 91.0, 41.0, 31.0, 1.0, 31.0, 100.001, 20.000999999999998, 80.001, 71.0, 91.0]",14.412356093517339
1,100,"[40.001, 91.0, 101.0, 51.0, 110.001, 71.0, 10.001, 130.001, 40.001, 70.001, 81.0, 61.0]",8.469342169778942
