,weights,regret
0,"[1.2, 1.1, 1.8000000000000005, 2.9000000000000012, 0.9, 1.3000000000000003, 0.8999999999999999, 0.101, 0.601, 0.801, 1.1999999999999997, 2.900000000000001]",4.684776531168645
