,weights,regret
0,"[3.5, 2.5, 0.001, 8.458333333333332, 2.001, 1.0, 1.376, 0.751, 12.5, 7.833333333333332, 2.5, 10.0]",1.001511717768304
