,labelled data,weights,regret
0,50,"[1.001, 3.0, 3.0, 3.0, 1.0, 2.0, 1.45, 4.0009999999999994, 0.8343333333333334, 4.3759999999999994, 2.0, 1.5]",25.691939642353987
1,100,"[1.9176666666666666, 5.0, 3.0, 4.066666666666666, 1.0, 2.0, 2.45, 4.0009999999999994, 0.8343333333333334, 3.3759999999999994, 2.0, 1.5]",24.76247552550856
