,labelled data,weights,regret
0,50,"[1.0169999999999983, 1.0566037735849088, 1.0416666666666665, 1.0048387096774196, 1.0, 1.0, 1.4000000000000004, 1.1, 0.833333333333333, 0.8500000000000005, 1.1, 1.06]",3.7221416324176535
1,100,"[1.050999999999996, 1.0622641509433997, 1.0499999999999998, 1.0088709677419354, 1.0, 1.0, 1.4400000000000004, 1.1, 0.7999999999999996, 0.8875000000000004, 1.1, 0.8299999999999998]",3.1132928291471065
