,labelled data,weights,regret
0,50,"[0.001, 8.126, 7.44230769230769, 6.0, 6.0, 0.001, 14.75, 12.25, 10.375, 2.875, 1.251, 0.001]",7.4394771577629655
1,100,"[2.0009999999999994, 7.5009999999999994, 12.826923076923073, 11.0, 1.0, 10.001000000000001, 17.875, 18.5, 9.125, 12.25, 0.001, 0.001]",6.8622824149061605
