,labelled data,weights,regret
0,50,"[0.7333333333333333, 1.5499999999999998, 1.5, 2.001, 0.001, 2.5, 1.3135, 1.25, 0.3926666666666666, 0.21528571428571427, 1.75, 0.6259999999999999]",2.93213656167357e-05
1,100,"[1.4083333333333334, 1.2999999999999998, 1.5, 2.001, 0.001, 2.5, 1.3135, 1.25, 0.08016666666666661, 1.0569523809523809, 1.7380952380952381, 0.6259999999999999]",0.9983456741875336
