,weights,regret
0,"[20.63790476190476, 10.334333333333333, 17.501, 15.001000000000001, 40.001000000000005, 20.001, 38.5, 54.75, 0.001, 17.084333333333333, 25.375999999999998, 7.3224285714285715]",0.43786786690773
