,labelled data,weights,regret
0,50,"[0.5, 1.6000000000000003, 1.8000000000000007, 0.8999999999999999, 1.0, 1.0, 1.2999999999999998, 2.200000000000001, 0.5999999999999998, 1.4, 1.6, 1.7999999999999998]",19.4817212738753
1,100,"[0.6, 2.1000000000000005, 1.8000000000000007, 0.30000000000000004, 1.0, 1.0, 1.6, 2.6000000000000014, 0.6999999999999997, 1.9000000000000004, 1.6, 1.1999999999999993]",11.114262277992392
