,labelled data,weights,regret
0,50,"[6.0, 11.0, 11.0, 8.5, 5.001, 11.0, 11.0, 22.500999999999998, 1.0, 24.376, 11.0, 11.0]",11.083168320727898
1,100,"[20.001, 26.0, 26.0, 5.5009999999999994, 10.001000000000001, 11.0, 11.0, 27.500999999999998, 8.5, 39.376000000000005, 11.0, 8.5]",7.543648273988206
