,weights,regret
0,"[3.5, 2.5, 2.001, 5.541666666666667, 2.5, 0.501, 2.625, 4.5009999999999994, 9.333333333333334, 0.001, 0.5, 0.6176666666666667]",0.2503793444982761
