,labelled data,weights,regret
0,50,"[0.9349999999999997, 0.8125, 1.1807692307692303, 1.3000000000000003, 0.5000000000000001, 1.3000000000000003, 1.1624999999999994, 1.349999999999999, 1.1125, 0.7000000000000004, 1.1250000000000002, 0.9750000000000002]",2.0259788998632104
1,100,"[0.7549999999999996, 1.074999999999999, 1.2749999999999992, 1.3000000000000003, 0.5000000000000001, 1.3000000000000003, 1.4749999999999983, 1.324999999999999, 1.2374999999999996, 0.2750000000000008, 1.1125, 0.8125000000000004]",0.9069562901337392
