,labelled data,weights,regret
0,50,"[1.0, 1.0, 1.0, 0.5, 1.0, 2.0, 1.5, 1.0, 0.5, 1.5, 0.75, 0.75]",0.19924998445917533
1,100,"[1.0, 1.0, 1.0, 0.5, 1.0, 2.0, 1.5, 1.0, 0.5, 1.5, 0.75, 0.75]",11.724342661717897
