,weights,regret
0,"[1.3000000000000003, 1.5000000000000004, 0.9, 0.9999999999999999, 1.1, 1.1, 1.0, 1.8000000000000007, 0.3, 1.2, 1.1, 0.20100000000000015]",0.311132152264235
