,labelled data,weights,regret
0,50,"[1.5, 1.5, 1.5, 1.6666666666666667, 1.0, 1.0, 0.201, 1.501, 0.7500000000000003, 2.2500000000000004, 1.5, 0.9999999999999997]",1.0593745247593953
1,100,"[1.5, 1.5, 1.5, 2.999999999999999, 1.0, 1.0, 0.20100000000000004, 1.501, 0.7500000000000003, 0.9166666666666665, 1.5, 0.3999999999999996]",0.18801250743304543
