,labelled data,weights,regret
0,50,"[2.333333333333333, 5.0, 4.0, 1.001, 2.0, 2.0, 2.251, 5.0, 0.001, 6.0009999999999994, 3.0, 2.001]",2.082198885522631
1,100,"[2.361111111111111, 6.0, 6.0, 0.9176666666666665, 3.0, 2.0, 5.7509999999999994, 4.0, 0.001, 6.0009999999999994, 4.0, 4.2010000000000005]",1.4420263014071724
