,weights,regret
0,"[2.25, 0.75, 0.126, 7.566666666666666, 2.5, 3.0, 0.901, 0.5009999999999999, 10.833333333333334, 9.0625, 5.0, 8.483333333333334]",1.018219574151277
