,labelled data,weights,regret
0,50,"[2.0, 4.0, 3.0, 6.0, 1.001, 3.0, 1.001, 4.5, 1.001, 2.501, 3.0, 0.7333333333333334]",0.2621325250836841
1,100,"[2.0, 4.0, 3.0, 7.0, 1.001, 3.0, 1.001, 4.5, 0.3343333333333333, 2.5843333333333334, 3.0, 0.40000000000000013]",0.22569759351840882
