,labelled data,weights,regret
0,50,"[2.9176666666666664, 52.5, 30.000999999999998, 0.001, 30.000999999999998, 61.0, 46.0, 70.16666666666667, 30.001000000000005, 61.66766666666667, 0.001, 10.834333333333333]",0.15115764995080752
1,100,"[8.679571428571428, 85.83333333333333, 64.001, 30.000999999999998, 50.001000000000005, 101.0, 94.66666666666667, 132.66666666666669, 12.501000000000005, 114.16766666666666, 10.251, 3.334333333333333]",0.11633228222951185
