,weights,regret
0,"[1.1, 1.3000000000000003, 1.5000000000000004, 1.9000000000000008, 1.0, 0.8, 0.3500000000000002, 0.7500000000000004, 2.000000000000001, 0.2776190476190476, 1.1, 0.7666666666666669]",0.35167571072301285
