,weights,regret
0,"[1.9249999999999992, 0.126, 1.7019230769230769, 2.0, 1.5, 0.001, 1.1875, 0.9384999999999999, 2.8125, 2.25, 1.625, 2.125]",0.5898895267192449
