,weights,regret
0,"[3.0, 1.001, 1.5, 5.333333333333333, 1.0, 0.7509999999999999, 0.7509999999999999, 0.001, 1.8343333333333334, 4.75, 2.0, 4.401]",1.0118506586819715
