,weights,regret
0,"[1.4000000000000004, 0.9, 1.3000000000000003, 1.7500000000000007, 1.0, 1.0, 0.7000000000000001, 0.5499999999999999, 0.4083333333333333, 0.7583333333333333, 1.1, 1.9000000000000008]",4.677661087373864
