,weights,regret
0,"[1.5049999999999966, 1.2075471698113207, 1.166666666666666, 1.2096774193548387, 1.0, 1.0, 1.4, 1.5, 1.5, 1.125, 1.5, 0.301]",8.48901020906501
