,weights,regret
0,"[3.300000000000001, 0.9009999999999999, 3.700000000000001, 2.8000000000000016, 2.300000000000001, 0.0010000000000000009, 0.701, 1.3010000000000002, 4.000000000000002, 3.600000000000001, 0.4000000000000007, 1.9]",0.8048364256981662
