,weights,regret
0,"[0.5000000000000001, 1.4000000000000004, 1.9000000000000008, 1.0, 1.0, 1.0, 1.3000000000000003, 0.9500000000000003, 0.3916666666666666, 0.5416666666666666, 1.2000000000000002, 2.000000000000001]",0.3191987353920925
