,labelled data,weights,regret
0,50,"[6.0, 16.0, 16.0, 3.5, 5.001, 11.0, 15.001000000000001, 15.001000000000001, 0.001, 17.666666666666668, 6.0, 5.001]",13.47242844127032
1,100,"[10.001000000000001, 31.0, 31.0, 0.001, 5.001, 11.0, 20.001, 25.001, 0.001, 37.66666666666667, 6.0, 12.501000000000001]",11.700510625304469
