,weights,regret
0,"[11.0, 11.0, 11.0, 14.333333333333332, 11.0, 10.001, 8.5, 10.001000000000001, 4.333333333333336, 16.0, 9.333333333333334, 16.0]",0.4535131144407343
