,labelled data,weights,regret
0,50,"[14.416666666666666, 4.167666666666666, 19.333333333333336, 11.0, 0.001000000000000334, 16.0, 19.58433333333333, 13.5, 0.001, 7.916666666666666, 11.0, 6.0]",0.8404168567833114
1,100,"[17.916666666666664, 0.001, 25.166666666666668, 16.0, 5.001, 21.0, 19.584333333333333, 23.5, 0.001, 5.041666666666666, 17.875, 3.0]",0.44461537831053427
