,weights,regret
0,"[5.517261904761905, 1.6617142857142855, 4.629466547384505, 7.0, 5.5009999999999994, 0.001, 2.112309523809524, 0.6736190476190476, 1.0, 8.0, 1.776, 4.666666666666668]",0.44456826263937366
