,labelled data,weights,regret
0,50,"[1.2123015873015872, 1.1433333333333329, 1.4600000000000004, 1.2000000000000002, 0.8, 1.2000000000000002, 1.3750000000000002, 1.0583333333333333, 0.9166666666666669, 0.478452380952381, 1.8025000000000004, 1.3500000000000005]",1.695574328322078
1,100,"[1.1495238095238094, 1.4466666666666663, 1.5600000000000005, 1.6000000000000005, 0.30000000000000016, 1.4000000000000004, 1.5166666666666668, 1.4583333333333337, 0.7666666666666669, 0.15119047619047626, 2.120119047619048, 1.2500000000000007]",1.0430995347171992
