,labelled data,weights,regret
0,50,"[6.0, 6.0, 6.0, 16.0, 0.001, 6.0, 2.501, 16.0, 2.501, 15.001000000000001, 6.0, 1.001]",5.021384206458139
1,100,"[6.0, 6.0, 6.0, 16.0, 0.001, 6.0, 6.2509999999999994, 16.0, 2.501, 12.501000000000001, 11.0, 3.001]",0.16426183917956597
