,weights,regret
0,"[11.0, 16.0, 11.0, 7.666666666666667, 11.0, 11.0, 8.001000000000001, 10.001000000000001, 17.666666666666664, 21.0, 11.0, 13.0]",15.099795919081538
