,weights,regret
0,"[0.825, 1.1874999999999996, 1.2365384615384607, 0.7000000000000001, 1.1, 1.2000000000000002, 1.3999999999999988, 1.2249999999999996, 1.1875, 0.7250000000000005, 0.7875000000000004, 0.8000000000000005]",6.115818725946325
