,labelled data,weights,regret
0,50,"[1.5464285714285715, 6.416666666666667, 5.5, 2.0, 2.0009999999999994, 7.0, 6.217666666666666, 8.666666666666666, 1.8343333333333334, 5.3343333333333325, 0.001, 0.7152857142857143]",0.11720084983378261
1,100,"[0.2676666666666667, 10.250000000000004, 8.1, 3.0, 5.0009999999999994, 12.0, 9.217666666666666, 13.166666666666666, 1.501, 6.584333333333331, 0.1509999999999999, 0.626]",0.20138929527118105
