,weights,regret
0,"[2.0, 3.0, 3.0, 4.5, 2.0, 0.3343333333333333, 1.001, 3.751, 3.416666666666667, 0.001, 1.0, 3.333333333333332]",3.3345316463345247
