,weights,regret
0,"[1.2000000000000002, 1.0, 0.6000000000000001, 1.3000000000000005, 1.0, 0.9, 1.9000000000000008, 0.5000000000000003, 2.200000000000001, 0.9241666666666669, 1.0, 0.8083333333333335]",1.3126974047983315
