,labelled data,weights,regret
0,50,"[0.001, 130.001, 161.0, 0.001, 20.000999999999998, 121.0, 171.0, 191.0, 60.001, 161.0, 0.001, 20.000999999999998]",0.11753637233308567
1,100,"[0.001, 230.001, 221.0, 30.000999999999998, 60.001000000000005, 211.0, 171.0, 251.0, 140.001, 211.0, 0.001, 50.001000000000005]",0.13740132773262892
