,labelled data,weights,regret
0,50,"[0.9990000000000002, 1.0132075471698119, 1.0166666666666666, 1.010483870967741, 1.0, 1.0, 1.1600000000000001, 1.1, 1.0333333333333334, 1.0125, 1.1, 1.09]",4.055308024012209
1,100,"[0.9949999999999999, 1.0169811320754725, 1.0333333333333332, 1.0193548387096754, 1.0, 1.0, 1.2200000000000002, 1.1, 0.9833333333333335, 0.9875, 1.1, 1.09]",3.099397357858955
