,labelled data,weights,regret
0,50,"[6.0009999999999994, 9.001000000000001, 10.0, 5.0, 1.0, 9.001, 10.001, 11.001000000000001, 2.0009999999999994, 2.001, 14.0, 4.0009999999999994]",0.8453668230389285
1,100,"[8.001, 17.001, 18.0, 10.0, 3.001, 18.000999999999998, 13.001, 17.001, 1.0009999999999994, 6.0009999999999994, 19.0, 6.0009999999999994]",0.7641613029119613
