,labelled data,weights,regret
0,50,"[0.3750000000000004, 1.3125, 1.8942307692307692, 0.5, 1.5, 1.5, 2.1875, 2.1875, 2.0, 1.0625, 0.0635, 0.375]",0.9504383732073437
1,100,"[0.5250000000000001, 1.75, 2.278846153846153, 0.5, 1.001, 2.0, 2.6875, 3.3125, 1.8125, 1.625, 0.1885, 0.0625]",0.38607602892475873
