,labelled data,weights,regret
0,50,"[11.0, 11.0, 11.0, 11.0, 11.0, 11.0, 18.5, 10.001000000000001, 9.333333333333334, 8.751000000000001, 11.0, 3.0]",0.5244173881934164
1,100,"[11.0, 11.0, 11.0, 14.333333333333332, 11.0, 11.0, 23.5, 10.001000000000001, 6.000000000000002, 6.251000000000001, 11.0, 5.0]",0.5993278438546298
