,weights,regret
0,"[1.2, 1.3, 1.7000000000000006, 3.600000000000002, 0.4000000000000001, 1.6000000000000005, 0.7999999999999997, 0.0010000000000000009, 0.7010000000000001, 0.40100000000000013, 0.19999999999999982, 2.900000000000001]",1.5779597125826164
