,labelled data,weights,regret
0,50,"[10.001, 35.001, 86.0, 36.0, 5.001000000000001, 60.001000000000005, 61.0, 46.0, 45.001, 10.001, 106.0, 11.0]",0.3816650905106776
1,100,"[5.001, 80.001, 106.0, 51.0, 10.001000000000001, 100.001, 76.0, 81.0, 55.001, 0.001, 136.0, 21.0]",0.4885881542215639
