,labelled data,weights,regret
0,50,"[40.001, 50.001, 76.0, 1.0, 35.001000000000005, 60.001000000000005, 56.0, 76.0, 35.001000000000005, 70.001, 25.001, 10.000999999999998]",3.3305261784214504
1,100,"[25.001000000000005, 110.001, 76.0, 21.0, 35.001000000000005, 90.001, 86.0, 126.0, 35.001000000000005, 95.001, 10.001000000000001, 10.000999999999998]",0.1324456466719957
