,weights,regret
0,"[0.5, 1.0999999999999999, 0.0010000000000000009, 3.2000000000000015, 1.0, 1.0, 0.3999999999999998, 0.30100000000000005, 3.2000000000000015, 3.100000000000001, 1.6, 2.900000000000001]",0.9918658278428069
