,weights,regret
0,"[1.1199999999999994, 0.8375000000000001, 1.094230769230769, 1.0, 0.9, 1.2000000000000002, 1.1999999999999995, 1.075, 1.0250000000000004, 1.1500000000000006, 1.1624999999999992, 1.0625]",0.8563314889325037
