,weights,regret
0,"[6.5, 1.25, 1.001, 4.541666666666666, 2.0, 2.0, 2.0, 0.2509999999999999, 13.25, 6.25, 2.5, 6.5]",0.3644876404745078
