,labelled data,weights,regret
0,50,"[4.0009999999999994, 2.5009999999999994, 10.615384615384619, 0.001, 10.001, 11.0, 6.0, 3.7509999999999994, 3.751, 5.0009999999999994, 16.250999999999998, 10.001]",44.1004553735392
1,100,"[7.5009999999999994, 6.2509999999999994, 26.96153846153846, 0.001, 10.001, 11.0, 11.251, 15.000999999999998, 16.250999999999998, 11.251, 21.250999999999998, 5.0009999999999994]",20.399666637632794
