,weights,regret
0,"[1.1050000000000002, 0.8375, 1.0980769230769227, 1.3000000000000003, 1.2000000000000002, 0.6000000000000001, 0.9375000000000003, 0.9000000000000002, 1.2249999999999996, 1.0875, 1.0875000000000001, 1.2375]",0.6892095663098671
