,weights,regret
0,"[1.0169999999999997, 1.0169811320754725, 1.0125, 1.0137096774193548, 1.0, 1.0, 1.2400000000000002, 1.1, 0.9666666666666668, 1.0, 1.1, 1.06]",29.594848339086923
