,labelled data,weights,regret
0,50,"[1.0049999999999997, 1.0358490566037755, 1.0333333333333332, 0.9887096774193549, 1.0, 1.0, 1.3000000000000003, 1.1500000000000001, 0.8999999999999999, 1.0, 1.1, 1.0]",9.871287913122204
1,100,"[1.0089999999999992, 1.0490566037735876, 1.0374999999999999, 0.982258064516129, 1.0, 1.0, 1.3600000000000003, 1.1500000000000001, 0.8499999999999998, 1.1374999999999995, 1.1, 0.8699999999999999]",7.4363329668714755
