,labelled data,weights,regret
0,50,"[2.0999999999999988, 2.0010000000000003, 3.6000000000000005, 2.0, 0.001, 3.0, 2.75, 2.75, 1.5, 1.1928571428571428, 2.75, 0.001]",11.88631650158942
1,100,"[1.7999999999999987, 2.5010000000000003, 3.7333333333333343, 2.0, 0.001, 3.0, 3.75, 2.875, 0.626, 1.8178571428571428, 1.5, 0.001]",8.662482770959487
