,weights,regret
0,"[104.33333333333333, 23.096238095238103, 44.423280334045046, 50.001, 41.0, 0.001, 36.952380952380956, 37.17957142857143, 36.83433333333334, 32.0, 63.620047619047625, 6.6676666666666655]",1.3376293783610618
