,weights,regret
0,"[0.6000000000000001, 1.0, 0.7000000000000001, 1.7000000000000002, 0.9, 1.0, 0.601, 0.5000000000000001, 1.2, 2.100000000000001, 1.0, 1.4010000000000002]",0.11827904712116866
