,weights,regret
0,"[2.0, 3.0, 3.0, 4.5, 1.5, 0.3343333333333333, 0.501, 4.0009999999999994, 3.5, 0.001, 1.0, 3.117666666666666]",3.334533331701645
