,weights,regret
0,"[1.902777777777778, 3.308333333333334, 1.6490740740740741, 1.5, 0.5, 2.501, 1.4761904761904763, 2.729166666666667, 0.876, 3.159523809523809, 0.5646904761904762, 4.3640952380952385]",0.5230968110647293
