,labelled data,weights,regret
0,50,"[10.001, 56.0, 51.0, 6.001, 11.0, 1.0, 35.001000000000005, 55.001000000000005, 8.334333333333333, 48.5, 21.0, 20.000999999999998]",11.611601145080881
1,100,"[2.0010000000000012, 86.0, 81.0, 11.588301587301588, 21.0, 11.0, 75.001, 85.001, 20.000999999999998, 83.5, 31.0, 19.667666666666662]",0.6516760893637576
