,weights,regret
0,"[1.2000000000000002, 1.1, 0.001, 1.8000000000000007, 1.0, 1.0, 1.0999999999999999, 2.100000000000001, 0.4, 2.5000000000000013, 1.0, 0.4010000000000002]",0.16861297761847668
