,labelled data,weights,regret
0,50,"[4.0, 1.4176666666666664, 11.0, 15.001000000000001, 1.0, 6.0, 1.7142857142857142, 4.75, 9.75, 1.001, 11.0, 6.0]",4.867282578438447
1,100,"[5.736111111111111, 6.4176666666666655, 16.0, 15.001000000000001, 1.0, 11.0, 0.714285714285714, 9.75, 9.75, 2.501, 11.535714285714285, 13.857142857142858]",0.48194932929625883
