,weights,regret
0,"[2.616666666666667, 0.10219047619047625, 2.227532372598162, 3.0, 1.001, 2.0, 0.5724285714285714, 0.45100000000000007, 2.291666666666667, 4.0, 0.3343333333333333, 3.0]",0.9133709658816341
