,labelled data,weights,regret
0,50,"[1.5, 1.5, 1.5, 0.1666666666666667, 1.0, 1.0, 0.0010000000000000009, 1.75, 1.5, 2.501, 1.5, 0.6499999999999998]",43.60333989038939
1,100,"[0.5010000000000001, 2.0, 1.5, 0.11211111111111113, 1.0, 1.0, 0.701, 1.75, 1.2500000000000002, 4.5009999999999994, 1.5, 0.8999999999999999]",1.9220564264962143
