,labelled data,weights,regret
0,50,"[5.0, 5.0, 5.0, 0.501, 1.0, 1.0, 7.0, 0.001, 0.001, 0.001, 5.0, 5.0]",0.75230247623997
1,100,"[6.0, 5.0, 5.0, 0.8343333333333331, 1.0, 1.0, 7.0, 0.001, 0.501, 0.401, 5.0, 5.0]",2.7309421571243546
