,weights,regret
0,"[11.0, 11.0, 11.0, 11.0, 11.0, 10.001, 8.001, 10.001000000000001, 6.667666666666667, 26.714285714285705, 11.0, 15.0]",0.44413863713806384
