,labelled data,weights,regret
0,50,"[2.0, 2.0, 2.0, 3.0000000000000004, 1.0, 2.0, 0.001, 2.001, 1.8333333333333333, 3.1666666666666656, 2.0, 0.9999999999999998]",1.6081470889127132
1,100,"[2.0, 2.0, 2.0, 4.666666666666667, 2.0, 2.0, 0.0010000000000000009, 2.001, 2.0, 1.3333333333333317, 3.333333333333332, 0.001]",0.18396239179119853
