,weights,regret
0,"[0.001, 20.83433333333333, 27.904761904761905, 60.001000000000005, 76.0, 5.001000000000001, 12.58433333333334, 34.333333333333336, 59.75, 6.876000000000001, 0.001, 0.001]",0.6682461269905627
