,labelled data,weights,regret
0,50,"[6.0, 6.0, 6.0, 6.0, 2.501, 1.0, 2.001, 7.5009999999999994, 5.166666666666667, 11.833333333333336, 5.166666666666667, 1.5]",143.7048491722455
1,100,"[6.0, 6.0, 6.0, 2.6666666666666674, 3.7509999999999994, 6.0, 4.0009999999999994, 7.5009999999999994, 5.166666666666667, 12.66666666666667, 6.0, 1.0]",59.06628979568582
