,labelled data,weights,regret
0,50,"[1.5, 1.5, 1.5, 1.3333333333333333, 1.0, 1.0, 2.0, 1.0, 1.4166666666666667, 1.5833333333333333, 1.5, 1.2999999999999998]",0.6615928582368277
1,100,"[1.5, 1.5, 2.25, 1.3333333333333333, 1.0, 1.0, 1.5, 1.0, 1.3333333333333337, 1.6666666666666665, 1.5, 1.2999999999999998]",0.71074723136259
