,weights,regret
0,"[4.5, 0.001, 4.5, 7.016666666666667, 3.0, 3.25, 0.401, 0.251, 0.33433333333333337, 3.7083333333333335, 4.25, 8.433333333333334]",0.40526917130580475
