,weights,regret
0,"[2.704769841269842, 3.1333333333333333, 2.3541666666666665, 1.001, 3.5, 4.0, 2.9166666666666665, 3.4583333333333335, 2.0297619047619047, 5.0, 0.7468333333333333, 1.8510000000000004]",0.08430760955709778
