,labelled data,weights,regret
0,50,"[11.0, 0.001, 21.0, 41.0, 40.001, 21.0, 0.001, 51.0, 10.000999999999998, 40.001, 21.0, 0.001]",13.50803329331376
1,100,"[1.0, 0.001, 31.0, 91.0, 30.000999999999998, 41.0, 0.001, 51.0, 20.000999999999998, 0.001, 41.0, 0.001]",0.18679824213270319
