,weights,regret
0,"[1.1, 1.2000000000000002, 1.1, 1.7500000000000007, 1.0, 0.13433333333333336, 0.9000000000000001, 1.7000000000000006, 0.07600000000000001, 1.6583333333333328, 1.1, 0.8650000000000001]",2.06870896323101
