,weights,regret
0,"[1.7000000000000002, 0.0010000000000000009, 3.533333333333333, 1.5, 2.0, 0.001, 0.8125, 1.0625, 2.0625, 4.75, 0.626, 2.25]",0.08730300671211166
