,weights,regret
0,"[0.5250000000000009, 1.5625, 2.067307692307692, 0.001, 2.0, 1.5, 3.0, 2.5625, 2.0625, 0.875, 0.1885, 0.251]",0.5665560298059302
