,labelled data,weights,regret
0,50,"[57.0, 29.500999999999998, 56.0, 0.001, 40.001, 71.0, 82.501, 79.33333333333333, 20.834333333333333, 68.001, 0.001, 0.001]",3.0673272838297865
1,100,"[12.76190476190476, 102.83433333333332, 96.0, 40.001, 60.001, 141.0, 107.001, 124.33333333333331, 50.001, 129.66766666666666, 0.001, 5.001]",0.13989516293414297
