,labelled data,weights,regret
0,50,"[5.0, 5.0, 10.0, 5.0, 1.0, 1.0, 9.0, 0.001, 0.001, 7.0009999999999994, 7.0, 11.0]",4.253705515337707
1,100,"[7.0, 5.0, 13.0, 3.0, 1.0, 2.0, 11.0, 1.001, 0.001, 6.0009999999999994, 8.0, 11.0]",4.303151269101503
