,labelled data,weights,regret
0,50,"[1.0899999999999994, 1.0754716981132082, 1.0416666666666665, 1.1169354838709686, 1.0, 1.0, 1.2999999999999998, 1.5, 1.5833333333333333, 0.625, 1.5, 1.0999999999999996]",17.76491658532385
1,100,"[1.209999999999999, 1.132075471698114, 1.1041666666666663, 1.2258064516129055, 1.0, 1.0, 1.4, 1.5, 1.5, 0.4375, 1.5, 0.6499999999999992]",14.243039289398705
