,labelled data,weights,regret
0,50,"[1.6398888888888887, 70.83433333333333, 31.0, 11.0, 10.000999999999998, 90.001, 25.166666666666664, 76.83333333333333, 27.666666666666664, 56.501, 0.001, 14.167666666666666]",0.23498097946439175
1,100,"[0.001, 104.16766666666665, 69.0, 11.0, 70.001, 150.001, 73.16666666666666, 61.83333333333333, 37.501000000000005, 113.16766666666666, 0.001, 29.57242857142857]",0.21604560897968753
