,labelled data,weights,regret
0,50,"[3.0, 3.0, 4.0, 1.0, 1.0, 1.0, 6.5, 0.001, 0.001, 0.5009999999999999, 3.0, 4.0]",4.6589286914130765
1,100,"[4.0, 4.0, 5.0, 0.501, 2.0, 1.0, 7.5, 0.5009999999999999, 1.001, 1.751, 4.0, 4.0]",0.7938815803091461
