,labelled data,weights,regret
0,50,"[1.0799999999999987, 1.1132075471698124, 1.2708333333333324, 1.03225806451613, 1.0, 1.0, 2.1000000000000005, 1.75, 0.8333333333333337, 1.0625, 1.5, 0.7999999999999994]",8.782069852733741
1,100,"[1.0399999999999983, 1.1792452830188698, 1.4166666666666652, 0.9314516129032265, 1.025, 1.0, 2.1000000000000005, 1.75, 0.8333333333333337, 1.5625, 1.5, 0.8499999999999993]",5.193353366099701
