,labelled data,weights,regret
0,50,"[1.1, 1.1, 1.1, 1.4333333333333345, 1.0, 1.0, 0.2999999999999997, 1.0, 1.0666666666666669, 1.266666666666667, 1.1, 0.99]",1.0417835003458935
1,100,"[1.1, 1.1, 1.1, 2.033333333333336, 1.0, 1.0, 0.001, 1.0, 1.0666666666666669, 0.6833333333333332, 1.1333333333333333, 0.5499999999999996]",0.2516725563684184
