,labelled data,weights,regret
0,50,"[23.0, 5.834333333333333, 17.25, 11.0, 1.0, 15.001000000000001, 9.667666666666664, 20.251, 0.001, 7.500000000000002, 17.75, 12.001]",0.9983456741875336
1,100,"[27.375, 2.5010000000000003, 23.5, 11.0, 5.001, 15.001000000000001, 16.667666666666662, 26.251, 0.6259999999999999, 3.126, 27.125, 9.001]",0.41427121363500535
