,labelled data,weights,regret
0,50,"[4.0, 2.501, 17.730769230769234, 11.0, 11.0, 0.001, 18.750999999999998, 5.0009999999999994, 11.0, 7.5009999999999994, 18.5, 3.7509999999999994]",6.903655778728947
1,100,"[1.001, 16.250999999999998, 28.11538461538462, 11.0, 11.0, 0.001, 30.000999999999998, 8.751000000000001, 8.5, 1.251, 27.25, 10.000999999999998]",4.818116699361444
