,labelled data,weights,regret
0,50,"[0.4500000000000006, 1.3125, 1.798076923076923, 0.001, 1.5, 2.0, 2.125, 2.5, 1.875, 1.3125, 0.251, 0.8125]",0.9625836124458846
1,100,"[0.20000000000000046, 1.75, 2.182692307692307, 0.001, 1.5, 2.0, 2.75, 3.625, 2.0, 1.25, 0.06349999999999989, 0.376]",0.7644221955145039
