,weights,regret
0,"[1.05, 2.0333333333333328, 2.7333333333333307, 0.5, 1.001, 2.0, 1.9375, 2.25, 1.75, 2.875, 0.0635, 0.5999999999999998]",1.1808689946226192
