,labelled data,weights,regret
0,50,"[11.5, 4.286714285714285, 16.0, 0.001, 6.0, 10.001000000000001, 5.375, 7.25, 6.0, 4.167666666666667, 21.0, 4.0009999999999994]",6.299012846880826
1,100,"[12.0, 6.429571428571428, 21.0, 10.001000000000001, 0.001, 10.001000000000001, 10.375, 11.0, 4.125, 6.2509999999999994, 23.5, 2.1438571428571427]",0.0072631002317243
