,labelled data,weights,regret
0,50,"[0.97, 0.7749999999999999, 1.4866666666666664, 1.2000000000000002, 0.5000000000000001, 1.3000000000000003, 1.0999999999999999, 1.337499999999999, 1.0624999999999998, 0.9250000000000003, 0.9999999999999999, 0.8400000000000001]",7.559538653907339
1,100,"[0.9199999999999999, 0.6949999999999998, 1.5533333333333328, 1.3000000000000003, 0.30000000000000016, 1.4000000000000004, 1.1375, 1.4374999999999987, 1.0499999999999998, 0.6657142857142859, 1.1499999999999995, 0.8600000000000001]",0.007255428053209749
