,labelled data,weights,regret
0,50,"[1.501, 8.334333333333333, 14.000000000000004, 6.0, 6.0, 0.001, 7.875, 9.125, 9.75, 4.75, 1.75, 0.626]",6.391256739254
1,100,"[1.001, 11.667666666666669, 14.333333333333337, 6.0, 6.0, 0.001, 9.125, 9.75, 9.125, 6.0, 3.69147619047619, 0.001]",6.391422507457683
