,labelled data,weights,regret
0,50,"[2.3000000000000007, 3.4528301886792447, 4.749999999999999, 2.5322580645161286, 1.0, 1.0, 15.0, 11.0, 6.000000000000002, 5.0009999999999994, 11.0, 5.0]",3.01430634576716
1,100,"[2.9, 6.2830188679245325, 8.5, 1.32258064516129, 1.0, 1.0, 15.0, 11.0, 6.000000000000002, 6.2509999999999994, 11.0, 4.0009999999999994]",3.5581969118587815
