,labelled data,weights,regret
0,50,"[11.0, 11.0, 21.0, 31.0, 0.001, 11.0, 0.001, 25.001, 6.0, 8.5, 1.0, 1.0]",3.722869393790582
1,100,"[11.0, 11.0, 21.0, 31.0, 5.001, 11.0, 10.001, 25.001, 6.0, 9.75, 11.0, 3.5010000000000003]",0.25121550832395256
