,weights,regret
0,"[1.2, 1.1, 1.9000000000000006, 3.5000000000000018, 0.5, 1.5000000000000004, 1.2, 0.001, 0.101, 0.101, 0.49999999999999967, 2.900000000000001]",0.25641539127039625
