,labelled data,weights,regret
0,50,"[6.0, 15.000999999999998, 22.333333333333332, 11.0, 0.001, 11.0, 14.75, 14.75, 13.5, 0.001, 13.5, 7.5009999999999994]",0.15162489911133364
1,100,"[17.0, 9.500999999999998, 32.33333333333334, 11.0, 0.001, 11.0, 13.5, 13.5, 12.25, 15.000999999999998, 13.5, 9.501]",1.5762164751347203
