,weights,regret
0,"[0.001, 37.48314285714285, 24.333333333333332, 55.001000000000005, 56.0, 0.0010000000000012221, 2.501, 44.251, 15.000999999999998, 59.167666666666676, 0.8343333333333329, 0.001]",0.15802796008226094
