,weights,regret
0,"[1.9202380952380946, 3.711714285714285, 3.0416666666666665, 6.0009999999999994, 3.5009999999999994, 1.001, 0.14683333333333337, 5.25, 1.8551666666666664, 6.724999999999999, 0.11349999999999999, 1.3640952380952382]",0.05903847891954982
