,weights,regret
0,"[1.0179999999999987, 1.0113207547169811, 1.0041666666666667, 1.0435483870967712, 1.0, 1.0, 1.12, 1.1, 1.0666666666666667, 1.0499999999999998, 1.1, 1.05]",8.48901020906501
