,labelled data,weights,regret
0,50,"[2.1337301587301587, 2.401, 3.75, 1.0, 1.001, 3.001, 2.75, 4.75, 2.751, 3.666666666666667, 0.33333333333333337, 1.619047619047619]",0.11808082614263242
1,100,"[2.371825396825397, 3.2343333333333333, 2.75, 0.001, 0.001, 3.0009999999999994, 4.75, 6.683333333333334, 0.5009999999999999, 4.666666666666667, 2.501, 0.001]",3.4831888981133305
