,labelled data,weights,regret
0,50,"[3.001, 4.0, 5.0, 2.001, 2.0, 1.0, 4.0009999999999994, 7.0009999999999994, 3.001, 6.0009999999999994, 3.0, 2.0009999999999994]",20.793207719442382
1,100,"[5.0009999999999994, 7.0, 8.0, 3.0009999999999994, 2.0, 2.0, 7.0009999999999994, 10.001, 1.001, 11.001, 4.0, 6.0009999999999994]",25.33768491583417
