,weights,regret
0,"[0.6009999999999999, 2.2000000000000006, 2.0, 1.0, 1.9000000000000008, 2.100000000000001, 2.2, 2.1, 2.000000000000001, 3.6000000000000014, 0.101, 1.3999999999999997]",0.09230394110675645
