,weights,regret
0,"[1.419999999999994, 1.1037735849056614, 1.0208333333333333, 1.2177419354838717, 1.0, 1.0, 1.5, 1.5, 1.4166666666666667, 0.501, 1.5, 0.10100000000000008]",236.61855616890065
