,weights,regret
0,"[0.026000000000000023, 1.8125, 2.4423076923076907, 0.001, 1.5, 2.0, 2.625, 3.0, 2.375, 1.0, 0.001, 1.0]",0.1316992836926849
