,labelled data,weights,regret
0,50,"[1.6000000000000005, 2.3207547169811327, 3.9166666666666674, 1.6854838709677415, 2.75, 1.0, 7.0, 3.5, 1.8333333333333333, 5.0009999999999994, 3.5, 0.001]",4.811810096215322
1,100,"[0.7000000000000002, 3.0754716981132098, 5.791666666666666, 1.0403225806451613, 2.75, 1.0, 7.0, 3.5, 1.8333333333333333, 7.5009999999999994, 3.5, 4.0009999999999994]",4.8575709034925145
