,labelled data,weights,regret
0,50,"[2.001, 8.5, 13.884615384615383, 0.001, 10.001, 11.0, 18.5, 23.5, 16.250999999999998, 5.0009999999999994, 5.0009999999999994, 3.7509999999999994]",0.8343589840792787
1,100,"[8.501, 12.25, 20.42307692307692, 0.001, 20.000999999999998, 11.0, 32.25, 36.0, 20.000999999999998, 18.750999999999998, 7.5009999999999994, 6.2509999999999994]",4.113901907852548
