,labelled data,weights,regret
0,50,"[1.05, 1.1132075471698113, 1.0833333333333335, 1.3145161290322578, 1.0, 1.0, 2.8000000000000007, 2.0, 1.1666666666666665, 0.75, 2.0, 2.0]",18.266776763443612
1,100,"[1.1700000000000002, 1.0943396226415094, 1.0833333333333335, 1.7177419354838703, 1.0, 1.0, 2.8000000000000007, 2.0, 1.1666666666666665, 1.0, 2.0, 1.7999999999999998]",19.067061477556216
