,labelled data,weights,regret
0,50,"[5.001, 10.001000000000001, 10.001000000000001, 20.001, 6.0, 16.0, 0.001, 16.0, 0.001, 7.5009999999999994, 5.001, 2.5009999999999994]",0.3195131798580617
1,100,"[5.001, 10.001000000000001, 10.001000000000001, 20.001, 0.001, 16.0, 0.001, 16.0, 0.001, 14.167666666666666, 10.001000000000001, 5.0009999999999994]",0.15111667460963085
