,labelled data,weights,regret
0,50,"[0.001, 4.0, 3.0, 1.5, 1.0, 2.0, 3.0, 4.5009999999999994, 0.001, 2.3759999999999994, 2.0, 3.0]",16.464347800854878
1,100,"[0.001, 4.0, 3.0, 1.5, 1.0, 2.0, 3.0, 4.5009999999999994, 0.501, 2.3759999999999994, 2.0, 3.0]",17.160995727791477
