,labelled data,weights,regret
0,50,"[0.18155555555555555, 4.158333333333333, 2.6666666666666665, 0.001, 0.5009999999999999, 3.0, 2.25, 4.158333333333333, 1.1676666666666666, 3.1458333333333326, 0.08433333333333333, 0.6843333333333333]",0.11757054182453522
1,100,"[0.48016666666666663, 6.066666666666667, 3.6666666666666665, 2.001, 1.501, 6.5, 3.75, 7.908333333333333, 1.1676666666666664, 5.645833333333332, 0.551595238095238, 1.376]",0.1659126816387341
