,labelled data,weights,regret
0,50,"[0.9, 1.4000000000000004, 1.3000000000000003, 0.3000000000000004, 1.0, 1.3000000000000003, 0.401, 1.7000000000000006, 0.201, 1.9000000000000008, 1.1, 0.30100000000000005]",11.33831521285368
1,100,"[0.8009999999999999, 2.000000000000001, 1.5000000000000004, 0.30100000000000016, 1.0, 1.3000000000000003, 0.601, 1.9000000000000008, 0.401, 2.000000000000001, 1.1, 0.5010000000000001]",9.955201612509226
