,labelled data,weights,regret
0,50,"[0.001, 3.4000000000000012, 4.319181818181818, 0.001, 2.001, 2.001, 3.5, 5.5, 1.751, 4.0, 0.001, 0.501]",0.5574397332451781
1,100,"[1.001, 5.400000000000004, 6.410090909090907, 1.0009999999999994, 4.0009999999999994, 5.0009999999999994, 4.1000000000000005, 7.5, 3.2509999999999994, 4.584333333333333, 0.126, 1.401]",0.15163265507445806
