,weights,regret
0,"[1.0349999999999981, 1.1603773584905677, 1.4583333333333317, 0.9153225806451614, 1.0, 1.0, 2.0000000000000004, 1.5, 1.0000000000000004, 1.8125, 1.5, 0.9999999999999993]",21.54234559600779
