,labelled data,weights,regret
0,50,"[50.001000000000005, 90.001, 111.0, 41.0, 30.000999999999998, 90.001, 130.001, 40.001000000000005, 30.000999999999998, 50.001000000000005, 151.0, 10.001]",0.7429331430335812
1,100,"[10.001000000000005, 160.001, 131.0, 81.0, 20.000999999999998, 180.001, 140.001, 100.001, 50.001000000000005, 0.001, 271.0, 90.001]",0.34860786848136566
