,labelled data,weights,regret
0,50,"[4.0, 6.0, 6.0, 10.0, 3.0010000000000003, 4.0, 0.001, 6.0009999999999994, 1.001, 10.0, 7.0, 1.0]",206.05848500739245
1,100,"[0.001, 12.0, 11.0, 0.001, 3.0010000000000003, 4.0, 4.0009999999999994, 12.001, 2.001, 14.0, 7.0, 2.001]",1.2275994979398304
