,weights,regret
0,"[11.0, 11.0, 1.0, 7.666666666666667, 10.001, 10.001, 10.001, 0.001000000000000334, 19.333333333333332, 22.666666666666664, 12.666666666666666, 22.0]",1.066296857589621
