,labelled data,weights,regret
0,50,"[4.083333333333333, 6.167666666666666, 11.0, 6.0, 1.0, 10.001000000000001, 9.75, 8.708333333333332, 0.001, 1.6676666666666664, 17.666666666666668, 7.666666666666666]",9.576988734888705
1,100,"[7.624999999999999, 1.1676666666666664, 11.0, 6.0, 1.0, 10.001000000000001, 9.75, 8.708333333333332, 0.001, 5.2093333333333325, 17.666666666666668, 7.666666666666666]",9.799067487292714
