,labelled data,weights,regret
0,50,"[1.0, 3.0, 5.0, 0.001, 1.0, 1.0, 2.001, 7.0, 2.5, 7.5, 4.0, 0.5]",2.3282745315044124
1,100,"[22.501, 6.5, 6.5, 25.501, 2.5, 2.0, 4.0009999999999994, 9.0, 2.5, 10.0, 4.0, 2.001]",412.40074513223436
