,labelled data,weights,regret
0,50,"[2.0, 3.0, 3.0, 4.0, 2.0, 0.501, 0.6676666666666666, 4.0009999999999994, 1.1676666666666666, 1.25, 3.0, 0.6666666666666667]",7.830793806129319
1,100,"[2.0, 3.0, 3.0, 4.0, 2.0, 1.501, 1.001, 4.0009999999999994, 1.1676666666666666, 2.3333333333333335, 3.0, 0.6666666666666667]",0.3057986166283939
