,labelled data,weights,regret
0,50,"[1.0, 1.0, 1.0, 1.0, 0.001, 6.0, 1.0, 6.0, 0.001, 1.0, 1.0, 1.0]",1.2406126754104854
1,100,"[1.0, 1.0, 1.0, 1.0, 0.001, 6.0, 1.0, 6.0, 0.001, 1.0, 1.0, 1.0]",0.019416513965094227
