,labelled data,weights,regret
0,50,"[0.001, 3.0, 3.0, 0.001, 2.0, 4.0, 2.501, 5.5, 1.001, 7.0009999999999994, 3.0, 2.001]",1.8426575941493255
1,100,"[0.001, 10.0, 8.0, 0.001, 2.0, 4.0, 6.5009999999999994, 6.5, 1.1676666666666664, 11.001, 3.0, 4.917666666666666]",2.777098708239812
