,weights,regret
0,"[0.3500000000000004, 2.875, 1.0769230769230766, 0.001, 2.0, 1.5, 0.625, 3.125, 1.0625, 0.1875, 1.375, 0.001]",0.1312038398221079
