,weights,regret
0,"[0.001, 2.7000000000000006, 2.8000000000000003, 0.101, 1.5000000000000004, 2.7000000000000015, 3.2000000000000015, 3.300000000000001, 0.7009999999999998, 3.1000000000000014, 0.001, 0.30000000000000004]",0.11759217495649418
