,weights,regret
0,"[4.420238095238095, 2.2595238095238095, 1.7380952380952381, 1.001, 3.0, 1.001, 3.4583333333333335, 1.9226190476190474, 1.833333333333334, 3.75, 3.4724285714285714, 0.9998095238095239]",0.2394882855296094
