,labelled data,weights,regret
0,50,"[1.3, 1.0, 2.519230769230769, 2.0, 0.001, 3.0, 3.75, 2.875, 1.0, 2.75, 1.5, 0.001]",8.840088272394283
1,100,"[0.251, 1.875, 3.7884615384615374, 1.0, 2.001, 3.0, 4.75, 3.375, 1.376, 3.625, 0.376, 0.8759999999999999]",0.7696560268168329
