,weights,regret
0,"[1.029999999999998, 0.9943396226415093, 1.0, 1.0548387096774154, 1.0, 1.0, 1.12, 1.1, 1.0666666666666667, 1.0499999999999998, 1.1, 1.06]",236.8027301422923
