,weights,regret
0,"[10.001, 13.334333333333333, 10.001, 20.000999999999998, 9.376, 11.0, 2.001, 11.0, 3.334333333333333, 0.001, 5.001000000000001, 29.000999999999998]",2.501344071275301
