,weights,regret
0,"[2.2000000000000006, 1.4000000000000001, 0.001, 2.4000000000000012, 0.9, 1.0, 3.700000000000002, 0.001, 3.600000000000002, 2.1, 1.7000000000000002, 2.2]",1.4081789177388144
