,weights,regret
0,"[8.131952380952383, 40.751, 31.333333333333336, 5.001000000000001, 26.0, 60.001000000000005, 15.083333333333336, 57.25, 5.209333333333333, 50.709333333333326, 0.001, 3.126]",0.006380160268731109
