,labelled data,weights,regret
0,50,"[4.001, 20.001, 33.666666666666664, 10.001, 1.0, 11.0, 32.25, 19.75, 17.25, 3.7510000000000003, 18.5, 8.334333333333332]",0.15081372608460022
1,100,"[5.001, 35.001000000000005, 42.333333333333336, 30.000999999999998, 0.001, 21.0, 47.25, 26.0, 18.5, 5.001, 36.0, 11.667666666666666]",0.15246392387250104
