,labelled data,weights,regret
0,50,"[11.0, 21.0, 11.0, 21.0, 0.001, 21.0, 3.5, 46.0, 5.001, 5.001000000000001, 11.0, 12.001000000000001]",0.18737422810468518
1,100,"[11.0, 21.0, 11.0, 31.0, 7.143857142857144, 21.0, 10.001000000000001, 46.0, 10.001000000000001, 21.667666666666662, 27.66666666666666, 4.001]",0.23219580963636444
