,weights,regret
0,"[11.0, 16.0, 11.0, 34.33333333333333, 11.0, 11.0, 12.000999999999998, 30.001, 34.333333333333336, 5.001000000000001, 5.001000000000001, 21.0]",3.662661689185509
