,labelled data,weights,regret
0,50,"[1.0349999999999977, 1.0811320754717015, 1.0749999999999997, 1.0161290322580652, 1.0649999999999986, 1.02, 1.4600000000000004, 1.1500000000000001, 0.6166666666666655, 0.9625000000000001, 1.083333333333333, 1.1]",15.468681778229493
1,100,"[1.0399999999999963, 1.0943396226415136, 1.0916666666666663, 1.0008064516129043, 1.0649999999999986, 1.02, 1.5400000000000005, 1.1500000000000001, 0.5499999999999986, 1.0624999999999998, 1.083333333333333, 0.97]",11.748926934098723
