,labelled data,weights,regret
0,50,"[20.000999999999998, 21.0, 31.0, 41.0, 11.0, 1.0, 10.000999999999998, 56.0, 5.001, 10.001000000000001, 21.0, 0.001]",8.234191965815285
1,100,"[20.000999999999998, 21.0, 31.0, 51.0, 11.0, 31.0, 10.001, 56.0, 2.5010000000000003, 30.834333333333333, 31.0, 0.001]",0.22050273652440897
