,weights,regret
0,"[2.1000000000000005, 0.6000000000000001, 0.7, 1.3, 0.8, 0.9, 0.9000000000000002, 0.8999999999999999, 2.700000000000001, 2.1000000000000005, 1.6, 0.49999999999999933]",0.27174220791260667
