,labelled data,weights,regret
0,50,"[1.0749999999999995, 0.001, 2.0673076923076916, 1.5, 2.0, 0.001, 1.75, 0.9375, 2.1875, 1.1875, 1.4375, 0.6875]",41.00433966494438
1,100,"[1.324999999999999, 0.126, 2.6538461538461524, 1.5, 2.0, 0.001, 1.6875, 1.1875, 2.75, 1.3125, 1.4375, 1.125]",38.295864188944975
