,labelled data,weights,regret
0,50,"[0.001, 3.001, 2.0, 0.001, 1.0, 1.0, 1.251, 2.501, 1.0, 3.0, 0.5, 0.08433333333333323]",0.43649498850434765
1,100,"[0.8204444444444445, 4.0009999999999994, 3.0, 0.001, 1.0, 1.5, 2.251, 4.5009999999999994, 0.125, 4.5, 1.0, 0.5009999999999999]",0.43791573769743347
