,labelled data,weights,regret
0,50,"[1.144999999999999, 1.1132075471698124, 1.1041666666666663, 1.100806451612904, 1.0, 1.0, 1.9000000000000004, 1.5, 1.0833333333333337, 0.75, 1.5, 0.8499999999999994]",3.4372657343542246
1,100,"[1.3699999999999974, 1.1698113207547187, 1.2083333333333326, 1.2096774193548392, 1.0, 1.0, 1.9000000000000004, 1.5, 1.0833333333333337, 0.3125, 1.5, 0.1999999999999993]",0.6847120751211725
