,weights,regret
0,"[1.1, 1.2000000000000002, 1.5000000000000004, 1.8000000000000007, 1.0, 1.0, 0.20000000000000015, 0.8500000000000003, 1.9000000000000008, 0.050833333333333425, 1.1, 0.6666666666666667]",0.40594206332857985
