,labelled data,weights,regret
0,50,"[11.0, 3.0009999999999994, 16.0, 6.0009999999999994, 0.001, 6.0009999999999994, 2.0, 13.0, 6.0, 1.0, 9.0, 7.0]",0.02080672105922026
1,100,"[5.0, 9.001, 18.0, 8.001, 0.001, 8.001, 10.0, 15.0, 10.0, 1.001, 8.001, 10.0]",0.2138261546668884
