,weights,regret
0,"[1.169999999999999, 0.95, 0.9250000000000003, 1.3000000000000003, 0.5000000000000001, 1.2000000000000002, 0.9875000000000003, 0.9625000000000005, 0.9250000000000006, 1.2499999999999998, 1.1750000000000003, 1.0625]",6.953726860880326
