,weights,regret
0,"[0.001, 1.7000000000000006, 1.6000000000000005, 0.6999999999999998, 1.0, 1.0, 1.5000000000000004, 1.950000000000001, 0.2833333333333333, 0.6500000000000002, 1.2000000000000002, 2.000000000000001]",0.10239522179435892
