,weights,regret
0,"[0.09623809523809479, 41.334333333333326, 31.0, 0.001000000000000334, 51.0, 35.001000000000005, 28.916666666666668, 38.33333333333333, 0.0010000000000012221, 40.83333333333333, 0.001, 12.381952380952374]",1.1119741726303107
