,weights,regret
0,"[2.7271904761904757, 95.00099999999999, 76.0, 40.001, 40.001, 101.0, 110.5, 144.33333333333331, 30.000999999999998, 106.66666666666666, 16.834333333333333, 0.001000000000000334]",0.20283793088074306
