,weights,regret
0,"[52.833333333333336, 32.02480952380952, 7.083566556250766, 50.001, 0.001, 30.000999999999998, 19.786714285714286, 6.251000000000001, 2.5010000000000003, 38.5, 34.333333333333336, 41.0]",0.14163987527220243
