,weights,regret
0,"[21.0, 0.001, 5.001, 30.00099999999999, 11.0, 11.0, 46.0, 10.001, 55.99999999999997, 31.000000000000004, 15.999999999999998, 40.0]",0.22219888556038683
