,labelled data,weights,regret
0,50,"[2.0, 4.0, 3.5, 0.050999999999999934, 1.0, 1.0, 2.501, 3.0, 0.9176666666666666, 3.875, 1.5, 0.0010000000000000009]",14.698245688069564
1,100,"[0.4885, 5.5, 4.5, 0.376, 1.0, 1.5, 2.501, 5.0, 0.04266666666666663, 5.875, 2.0, 1.251]",0.4804552194947624
