,labelled data,weights,regret
0,50,"[11.0, 11.0, 16.0, 16.0, 6.0, 6.0, 16.0, 0.001, 0.001, 3.6676666666666664, 8.5, 21.0]",17.796110258158635
1,100,"[6.0, 16.0, 26.0, 8.5, 6.0, 6.0, 26.0, 15.001000000000001, 0.001, 12.001, 16.0, 21.0]",1.1069195683829698
