,weights,regret
0,"[5.416666666666667, 3.5605238095238088, 0.001, 3.0, 0.001, 3.001, 1.0896904761904764, 1.0000000000000002, 0.001, 2.5, 3.75, 4.25]",0.19976156081132915
