,labelled data,weights,regret
0,50,"[0.5000000000000001, 1.3000000000000003, 1.0, 0.5999999999999998, 1.2000000000000002, 1.2000000000000002, 0.8200000000000001, 1.8000000000000007, 0.051000000000000004, 2.100000000000001, 1.0, 0.42333333333333345]",13.510019823955291
1,100,"[0.001, 2.000000000000001, 1.4000000000000004, 0.09269230769230748, 1.2000000000000002, 1.2000000000000002, 1.02, 2.000000000000001, 0.07600000000000001, 2.7000000000000015, 1.0, 0.8400000000000001]",0.8843435302521094
