,labelled data,weights,regret
0,50,"[10.001, 10.001, 10.001, 27.500999999999998, 0.001, 11.0, 14.001, 11.0, 5.001000000000001, 10.000999999999998, 13.334333333333332, 11.001]",4.025487201941329
1,100,"[10.001, 10.001, 10.001, 30.000999999999998, 10.001, 11.0, 16.000999999999998, 11.0, 5.001000000000001, 0.001, 28.334333333333337, 5.0009999999999994]",0.30987999865784416
