,labelled data,weights,regret
0,50,"[11.0, 4.0009999999999994, 16.0, 0.001, 4.0, 6.0, 9.0, 7.0, 7.0, 8.0, 2.0, 6.0]",11.155113247572231
1,100,"[2.001, 13.001, 16.0, 2.001, 6.0, 8.0, 7.0, 15.0, 10.0, 13.0, 1.001, 2.0]",0.159457063697086
