,weights,regret
0,"[1.0179999999999996, 1.0113207547169811, 1.0041666666666667, 1.069354838709673, 1.0, 1.0, 0.98, 1.1, 1.183333333333333, 0.9750000000000001, 1.1, 1.11]",14.932785749452155
