,labelled data,weights,regret
0,50,"[1.0139999999999993, 1.00188679245283, 1.0208333333333333, 1.0249999999999992, 1.0, 1.0, 0.98, 1.1, 1.183333333333333, 0.8750000000000004, 1.1, 1.07]",17.843882672076102
1,100,"[1.0189999999999992, 1.0358490566037741, 1.0291666666666666, 1.0322580645161281, 1.0, 1.0, 1.04, 1.1, 1.133333333333333, 0.8000000000000007, 1.1, 1.05]",17.631560622132362
