,labelled data,weights,regret
0,50,"[1.2958333333333336, 0.6888095238095238, 1.4761111111111114, 1.5000000000000004, 0.40000000000000013, 1.3000000000000003, 1.2690476190476194, 1.1, 0.3166666666666667, 0.5808333333333334, 1.9750000000000008, 1.5333333333333339]",0.0025744962494005127
1,100,"[1.411666666666667, 0.6938095238095238, 1.5961111111111115, 1.8000000000000007, 0.101, 1.5000000000000004, 1.340714285714286, 1.3000000000000003, 0.001, 0.5833333333333334, 2.0142857142857147, 1.4966666666666673]",0.41427121363500535
