,labelled data,weights,regret
0,50,"[16.0, 13.5, 18.5, 26.833333333333332, 0.001, 21.0, 0.001, 45.001000000000005, 9.167666666666667, 14.376000000000001, 11.0, 12.001000000000001]",3.2738149941029144
1,100,"[16.0, 18.5, 18.5, 39.33333333333333, 5.001000000000001, 21.0, 3.751, 60.001000000000005, 4.167666666666667, 9.959333333333333, 26.0, 0.001]",0.16921917689337843
