,labelled data,weights,regret
0,50,"[1.0, 1.0, 1.0, 0.001, 2.0, 1.0, 2.0, 0.001, 1.0, 1.0, 1.0, 1.0]",24.412164826627606
1,100,"[1.0, 1.0, 1.0, 0.001, 2.0, 1.0, 2.0, 0.001, 1.0, 1.0, 1.0, 1.0]",24.462152535529274
