,labelled data,weights,regret
0,50,"[1.3999999999999997, 0.625, 2.307692307692306, 3.0, 2.0, 0.001, 2.125, 1.625, 2.375, 1.0, 2.375, 0.626]",40.31464776744888
1,100,"[1.3499999999999996, 0.5, 3.0961538461538423, 3.0, 2.0, 0.001, 2.25, 1.625, 2.125, 1.125, 2.375, 0.7509999999999999]",36.097465724401594
