,weights,regret
0,"[0.9600000000000006, 1.0624999999999998, 1.20576923076923, 0.9, 1.0, 1.2000000000000002, 1.1375, 1.3499999999999988, 1.1500000000000001, 1.1749999999999998, 0.6375000000000006, 0.8500000000000002]",1.3963289018190694
