,labelled data,weights,regret
0,50,"[1.05, 1.0, 1.0, 1.0403225806451613, 1.0, 1.0, 1.201, 1.001, 0.8333333333333333, 1.125, 1.001, 0.9009999999999999]",9.771657866061922
1,100,"[1.02, 1.0188679245283019, 1.0833333333333335, 1.032258064516129, 1.0, 1.0, 1.201, 1.001, 0.8333333333333333, 1.125, 1.001, 0.9009999999999999]",9.44535999598525
