,labelled data,weights,regret
0,50,"[0.001, 21.0, 16.0, 0.001, 6.0, 6.0, 10.001000000000001, 22.500999999999998, 2.501, 20.001, 16.0, 12.501]",1.51525400914933
1,100,"[12.501, 31.0, 31.0, 1.334333333333333, 6.0, 6.0, 25.001, 37.501, 2.501, 40.001000000000005, 16.0, 20.001]",10.164234535051062
