,labelled data,weights,regret
0,50,"[1.01, 1.0754716981132075, 1.0, 1.064516129032258, 1.0, 1.0, 2.4000000000000004, 2.0, 1.5, 1.0, 2.0, 2.2]",17.7451556067787
1,100,"[1.01, 1.0754716981132075, 1.0, 1.0887096774193548, 1.0, 1.0, 2.4000000000000004, 2.0, 1.5, 1.0, 2.0, 2.2]",17.7451556067787
