,weights,regret
0,"[11.0, 11.0, 1.0, 11.0, 11.0, 11.0, 6.0, 10.001000000000001, 11.0, 17.666666666666668, 6.000000000000002, 29.0]",3.20809402367401
