,labelled data,weights,regret
0,50,"[0.001, 56.0, 45.001, 5.001, 0.0010000000000012221, 46.0, 51.0, 46.0, 30.001, 45.001000000000005, 0.001000000000000334, 25.000999999999998]",0.160796871228044
1,100,"[0.001, 116.0, 65.001, 15.001000000000001, 10.001000000000001, 86.0, 61.0, 96.0, 25.001, 85.001, 0.001000000000000334, 20.001]",0.1175448919200811
