,labelled data,weights,regret
0,50,"[1.010000000000001, 1.1509433962264166, 1.3541666666666654, 1.1491935483870992, 1.2499999999999991, 1.0, 1.9000000000000008, 1.75, 0.8333333333333333, 0.5625, 1.4166666666666663, 1.6500000000000006]",16.71638838901514
1,100,"[0.9850000000000013, 1.1132075471698124, 1.395833333333332, 1.3185483870967802, 1.2499999999999991, 1.0, 2.000000000000001, 1.75, 0.9166666666666666, 0.5625, 1.4166666666666663, 2.25]",15.995893043862765
