,labelled data,weights,regret
0,50,"[3.251, 3.001, 5.166666666666666, 0.0010000000000000009, 2.0, 2.0, 5.2509999999999994, 7.0, 1.3343333333333334, 2.876, 2.001, 0.901]",3.365206106003436
1,100,"[7.2509999999999994, 6.0009999999999994, 7.166666666666666, 0.33433333333333337, 4.0, 3.0, 6.2509999999999994, 8.0, 0.33433333333333337, 6.709333333333333, 5.0009999999999994, 0.801]",0.32292988554401963
