,weights,regret
0,"[0.001, 2.200000000000001, 3.1000000000000005, 0.40000000000000013, 2.000000000000001, 1.2000000000000002, 2.3000000000000007, 2.1000000000000014, 2.3, 1.4000000000000001, 0.101, 3.1000000000000005]",0.39378977873798837
