,labelled data,weights,regret
0,50,"[0.4599999999999998, 0.8833333333333329, 1.1545454545454548, 1.0, 0.8, 1.6000000000000005, 1.8583333333333343, 1.7750000000000008, 0.25357142857142867, 1.175, 0.42416666666666664, 0.001]",3.056846129797362
1,100,"[0.126, 1.188333333333333, 1.1045454545454547, 0.7000000000000001, 1.2000000000000002, 2.200000000000001, 2.0916666666666677, 1.958333333333334, 0.4926666666666667, 1.5558333333333338, 0.05100000000000001, 0.051000000000000004]",0.20283873988427786
