,weights,regret
0,"[8.388095238095238, 0.2867142857142857, 4.329960317460316, 3.5, 2.001, 1.001, 2.0666666666666673, 0.671238095238095, 9.0, 5.25, 4.22142857142857, 2.034333333333333]",0.4945939403214175
