,labelled data,weights,regret
0,50,"[0.18611111111111112, 3.534333333333333, 3.0, 0.001, 2.001, 4.0009999999999994, 3.75, 3.583333333333334, 2.251, 3.166666666666667, 0.05814285714285705, 0.050000000000000044]",0.13745356323814675
1,100,"[0.6861111111111111, 4.684333333333333, 3.0, 1.001, 2.001, 5.0009999999999994, 2.95, 4.583333333333334, 1.251, 2.833333333333334, 1.7248095238095238, 0.051000000000000045]",0.21802435141226886
