,weights,regret
0,"[0.001, 51.16766666666666, 29.0, 10.001000000000001, 26.0, 51.0, 14.75, 63.33433333333333, 0.001, 37.66766666666666, 2.501, 0.001]",0.02178433222063625
