,weights,regret
0,"[0.001, 2.825000000000001, 3.966666666666669, 0.0010000000000000009, 1.5, 2.0, 3.125, 3.25, 2.375, 2.125, 0.001, 0.501]",0.08164701272711503
