,labelled data,weights,regret
0,50,"[3.5, 0.2676666666666667, 4.0, 2.001, 0.001, 3.001, 2.5509999999999997, 3.001, 0.501, 1.7593333333333334, 4.5, 1.9]",0.003794190698030611
1,100,"[4.9, 0.2676666666666668, 4.0, 4.0009999999999994, 1.001, 4.0009999999999994, 3.9509999999999996, 4.5009999999999994, 0.4295714285714286, 1.6343333333333334, 6.5, 1.7000000000000002]",0.003794190698030611
