,labelled data,weights,regret
0,50,"[0.463095238095238, 1.8166666666666675, 2.929383116883117, 0.501, 1.0, 3.501, 4.084333333333333, 2.076, 0.9166666666666665, 0.001, 5.25, 2.15]",0.27973531340591434
1,100,"[0.4357222222222221, 4.708333333333335, 3.679383116883117, 2.001, 0.001, 4.0009999999999994, 4.876, 0.501, 0.3083333333333331, 0.22302380952380949, 7.1380952380952385, 0.3571428571428573]",0.179366341867139
