,labelled data,weights,regret
0,50,"[0.251, 9.433333333333334, 4.0, 2.001, 2.0009999999999994, 8.0, 4.967666666666666, 8.666666666666668, 2.8343333333333334, 5.916666666666666, 0.16766666666666666, 0.6676666666666666]",0.11814943420185066
1,100,"[1.3819523809523808, 11.166666666666668, 5.8, 1.001, 7.0009999999999994, 14.0, 5.334333333333333, 13.166666666666668, 0.001, 10.666666666666666, 1.7152857142857143, 0.16766666666666663]",0.06910742845537696
