,weights,regret
0,"[0.4009999999999999, 3.125, 2.1333333333333333, 2.0, 1.5, 0.001, 2.3125, 2.5, 3.75, 1.1999999999999997, 1.2321428571428574, 0.126]",0.3333091289211513
