,labelled data,weights,regret
0,50,"[4.0, 2.001, 5.0, 0.001, 2.0, 1.0, 4.0009999999999994, 5.0009999999999994, 0.001, 4.0009999999999994, 3.0, 1.001]",13.322569432252111
1,100,"[2.5, 5.0009999999999994, 5.0, 0.001, 2.0, 1.0, 6.0009999999999994, 7.0009999999999994, 0.001, 7.5009999999999994, 3.0, 0.5009999999999999]",1.3853758590086553
