,weights,regret
0,"[0.25100000000000006, 2.1875, 1.0096153846153846, 1.5, 2.0, 0.001, 1.875, 2.625, 2.9375, 0.875, 0.751, 0.376]",0.26696564886034796
