,labelled data,weights,regret
0,50,"[5.098222222222222, 19.833333333333336, 24.5, 5.001000000000001, 15.001000000000001, 26.0, 16.208333333333332, 22.666666666666664, 7.5009999999999994, 30.001, 2.858142857142857, 0.4176666666666664]",0.17477569790394315
1,100,"[1.8601269841269819, 43.16666666666667, 37.416666666666664, 0.0010000000000012221, 15.001000000000001, 51.0, 25.297619047619047, 33.25, 14.167666666666662, 45.41766666666667, 0.001, 2.5009999999999994]",0.12870771282964852
