,labelled data,weights,regret
0,50,"[0.001, 3.5000000000000018, 1.3825757575757576, 0.001, 2.5, 1.0, 1.5, 3.166666666666667, 1.2916666666666665, 3.0, 0.001, 0.251]",1.2942262753372447
1,100,"[0.2787777777777778, 3.5000000000000018, 4.109848484848484, 0.5009999999999999, 2.0, 3.0, 2.6666666666666665, 3.916666666666667, 2.0416666666666665, 3.0, 0.3135, 1.376]",0.5499029077511114
