,labelled data,weights,regret
0,50,"[1.0, 6.0, 21.0, 0.001, 11.0, 1.0, 10.001, 41.0, 0.001, 40.001, 21.0, 20.001]",19.216462550286995
1,100,"[31.0, 20.000999999999998, 41.0, 40.001000000000005, 11.0, 31.0, 25.001, 41.0, 5.001, 23.334333333333333, 31.0, 0.001]",0.26734082608342075
