,labelled data,weights,regret
0,50,"[11.0, 11.0, 11.0, 21.0, 13.5, 11.0, 4.0009999999999994, 20.000999999999998, 12.666666666666666, 24.33333333333334, 15.999999999999998, 6.0009999999999994]",293.7412042238426
1,100,"[3.0, 11.0, 16.0, 3.334333333333332, 16.0, 11.0, 18.000999999999998, 20.000999999999998, 14.333333333333334, 50.999999999999986, 17.666666666666664, 13.001]",1.4539097577799462
