,labelled data,weights,regret
0,50,"[2.0, 2.001, 2.0, 6.0, 0.001, 4.0, 1.001, 5.5009999999999994, 1.3343333333333334, 3.75, 4.0, 1.901]",7.618913323482804
1,100,"[2.0, 1.001, 3.0, 7.0, 2.001, 4.0, 0.001, 6.5009999999999994, 1.3343333333333334, 6.166666666666666, 5.0, 0.8343333333333334]",12.882540739389677
