,weights,regret
0,"[0.8, 1.0, 1.2000000000000002, 0.2, 1.0, 1.0, 1.2000000000000002, 1.8000000000000007, 0.20000000000000004, 1.6000000000000003, 1.0, 0.501]",26.19521573712288
