,weights,regret
0,"[0.4250000000000005, 2.5625, 0.7115384615384615, 0.001, 1.5, 2.0, 0.375, 3.3125, 0.9375, 0.625, 1.5625, 0.001]",0.07658793729165139
