,labelled data,weights,regret
0,50,"[7.833333333333333, 5.5843333333333325, 11.0, 6.0, 0.001, 16.0, 6.667666666666667, 10.166666666666666, 2.25, 4.75, 8.25, 13.5]",0.4172178525420734
1,100,"[9.5, 4.3343333333333325, 11.0, 11.0, 0.001, 16.0, 4.167666666666667, 7.666666666666666, 1.0, 4.75, 9.916666666666666, 13.5]",0.0038326422254435937
