,iter,time exp 1,time exp 2
0,1,12.968132734298706,1.4121668338775635
1,2,14.952279329299927,24.67746376991272
2,3,15.42562198638916,16.261253356933594
3,4,13.66516637802124,21.592236757278442
4,5,10.287320852279663,19.488322019577026
5,6,12.487547874450684,16.343045234680176
6,7,10.94849157333374,16.910873651504517
7,8,10.140055179595947,12.20140528678894
8,9,10.62326717376709,14.520613193511963
9,10,14.708787441253662,23.506699562072754
