,weights,regret
0,"[1.3000000000000003, 1.3000000000000003, 1.0, 0.7000000000000001, 1.0, 1.0, 0.501, 2.000000000000001, 0.7000000000000002, 1.6, 1.0, 0.6010000000000001]",1.940973342740668
