,weights,regret
0,"[3.5, 4.0, 2.0, 1.5510000000000002, 1.5, 2.0, 1.001, 4.0, 0.8343333333333334, 2.5, 2.5, 0.501]",0.1238356437748698
