,labelled data,weights,regret
0,50,"[0.001, 26.0, 21.0, 0.001, 20.001, 16.0, 25.001, 35.001000000000005, 5.001000000000001, 41.0, 16.0, 10.001000000000001]",0.9435681542861408
1,100,"[10.001000000000001, 26.0, 36.0, 0.001, 20.001, 16.0, 40.001000000000005, 50.001000000000005, 5.001000000000001, 81.0, 16.0, 10.001000000000001]",5.986397455221953
