,weights,regret
0,"[1.429166666666667, 1.5690476190476195, 2.0, 2.0, 3.5, 0.501, 0.3759999999999999, 1.9666666666666668, 3.875, 2.333333333333333, 0.5783809523809527, 0.7333333333333331]",1.419767159464459
