,labelled data,weights,regret
0,50,"[0.001, 4.3, 4.333333333333333, 0.001, 1.0009999999999994, 2.0, 6.0, 7.0009999999999994, 2.751, 5.201, 0.001, 0.20099999999999982]",0.11828472964164592
1,100,"[0.7010000000000001, 7.1000000000000005, 5.733333333333333, 0.001, 5.0009999999999994, 5.0, 7.900000000000001, 6.5009999999999994, 3.001, 7.401, 0.751, 0.16766666666666666]",0.15142069632422883
