,labelled data,weights,regret
0,50,"[9.744047619047619, 6.334333333333333, 20.333333333333332, 11.0, 0.001000000000000334, 10.001000000000001, 12.001000000000001, 8.751, 2.1438571428571427, 4.125, 13.5, 2.5009999999999994]",0.015712624891756916
1,100,"[15.369047619047619, 1.6676666666666662, 24.499999999999996, 16.0, 0.001, 15.001000000000001, 14.001000000000001, 17.500999999999998, 1.251, 4.75, 22.25, 8.751]",0.00470602772685311
