,labelled data,weights,regret
0,50,"[1.25, 4.3759999999999994, 6.769230769230763, 6.0, 6.0, 0.001, 5.375, 6.625, 7.25, 3.5, 1.625, 0.001]",7.621223274343413
1,100,"[1.001, 6.8759999999999994, 9.749999999999995, 6.0, 6.0, 0.001, 6.625, 7.875, 6.0, 2.875, 1.251, 1.251]",7.5332178088469925
