,weights,regret
0,"[4.834333333333333, 4.0, 4.0, 0.251, 2.0, 1.501, 1.5, 7.0, 1.0833333333333335, 8.905952380952382, 4.0, 1.0343333333333333]",0.8576438796593684
