,weights,regret
0,"[6.0, 5.0, 4.583333333333333, 9.958333333333332, 2.6108484848484848, 3.0, 0.001, 0.501, 0.33333333333333326, 0.776, 3.0, 10.75]",16.051249617665032
