,weights,regret
0,"[34.042666666666676, 11.858142857142857, 31.498280497280497, 60.001000000000005, 45.001000000000005, 0.001, 8.768857142857142, 6.2509999999999994, 16.500999999999998, 55.83433333333334, 3.334333333333333, 21.667666666666666]",0.25075379887345545
