,weights,regret
0,"[0.101, 1.9250000000000005, 3.7666666666666684, 1.5, 2.0, 0.001, 1.75, 1.625, 1.25, 0.001, 0.625, 1.8999999999999992]",1.2641017767159302
