,labelled data,weights,regret
0,50,"[0.8799999999999999, 0.9750000000000002, 1.5049999999999992, 1.4000000000000004, 0.5000000000000001, 1.3000000000000003, 1.2374999999999994, 1.2374999999999996, 1.1500000000000001, 0.48630952380952364, 1.275, 0.675]",11.901839762525132
1,100,"[0.8799999999999999, 0.9950000000000001, 1.7049999999999972, 1.4000000000000004, 0.5000000000000001, 1.3000000000000003, 1.324999999999999, 1.2374999999999996, 1.1375000000000002, 0.5113095238095241, 1.225, 0.37499999999999983]",11.686818639608854
