,weights,regret
0,"[1.001, 5.0, 5.0009999999999994, 0.901, 2.0, 2.0, 1.501, 7.75, 0.08433333333333337, 7.416666666666668, 3.0, 7.0]",0.7339134460748483
