,labelled data,weights,regret
0,50,"[1.1, 0.975, 1.0, 0.9, 1.0, 1.1, 1.1, 1.0, 0.9, 1.1, 1.0, 1.1]",4.850661400545461
1,100,"[1.1, 0.975, 1.0, 0.9, 1.0, 1.1, 1.1, 1.0, 0.9, 1.1, 1.0, 1.1]",5.633607419655417
