,labelled data,weights,regret
0,50,"[1.4000000000000001, 1.2000000000000002, 1.7000000000000004, 1.0000000000000002, 1.0, 1.0, 1.2000000000000002, 2.200000000000001, 0.19999999999999982, 1.5999999999999999, 1.6, 1.2999999999999994]",34.59648890205051
1,100,"[1.4000000000000001, 1.4000000000000004, 1.7000000000000004, 0.40000000000000036, 1.0, 1.0, 1.5000000000000004, 2.4000000000000012, 0.4999999999999999, 2.0, 1.6, 1.2999999999999994]",22.45555532587894
