,labelled data,weights,regret
0,50,"[0.001, 16.0, 21.0, 8.5, 5.001, 11.0, 16.000999999999998, 22.500999999999998, 0.001, 25.000999999999998, 6.0, 10.001000000000001]",3.7620611086676328
1,100,"[3.001, 56.0, 36.0, 0.5605238095238096, 15.001000000000001, 11.0, 23.500999999999998, 32.501, 7.5009999999999994, 50.001, 11.0, 10.001000000000001]",0.5418630930737621
