,weights,regret
0,"[0.6750000000000009, 2.625, 0.740384615384615, 0.001, 1.5, 2.0, 0.875, 2.9375, 0.6875, 0.4375, 1.8125, 0.126]",0.07525753341872575
