,weights,regret
0,"[0.7000000000000002, 1.3750000000000002, 2.6000000000000005, 0.001, 1.5, 2.0, 1.875, 2.1875, 1.25, 1.25, 0.6, 0.16766666666666669]",3.618986136659198
