,labelled data,weights,regret
0,50,"[2.1, 6.66037735849057, 10.999999999999996, 2.048387096774193, 8.0, 5.0, 12.001, 11.0, 8.334333333333332, 18.750999999999998, 7.666666666666666, 17.000999999999998]",3.915557340740578
1,100,"[4.699999999999999, 9.679245283018874, 14.333333333333329, 3.419354838709676, 8.0, 5.0, 16.000999999999998, 11.0, 5.0009999999999994, 23.750999999999998, 7.666666666666666, 14.000999999999998]",8.289777494607115
