,weights,regret
0,"[0.001, 97.41766666666666, 61.0, 121.0, 130.001, 10.000999999999998, 40.83433333333333, 51.0, 110.001, 0.001, 18.334333333333333, 0.001]",0.5358857928087597
