,weights,regret
0,"[0.001, 32.50099999999999, 53.27147525676937, 20.000999999999998, 50.001, 91.0, 36.751, 83.66666666666666, 18.750999999999998, 75.00099999999999, 0.001, 13.691476190476184]",0.07976688340203278
