,labelled data,weights,regret
0,50,"[10.001, 10.001, 10.001, 7.5009999999999994, 11.0, 11.0, 20.000999999999998, 11.0, 8.334333333333333, 5.001, 10.001, 6.0009999999999994]",0.47546592460971865
1,100,"[10.001, 10.001, 10.001, 5.0009999999999994, 11.0, 11.0, 22.500999999999998, 11.0, 8.334333333333333, 7.501000000000001, 10.001, 7.001]",0.6954235436752594
