,weights,regret
0,"[0.40000000000000013, 1.7000000000000006, 1.6000000000000005, 1.266666666666667, 1.0, 1.0, 1.0, 1.1500000000000006, 0.5833333333333335, 0.8750000000000004, 1.1, 1.7000000000000006]",0.7020557339504286
