,weights,regret
0,"[0.0010000000000012221, 16.0, 11.0, 1.0000000000000009, 15.834333333333339, 11.0, 8.001000000000001, 16.0, 6.667666666666667, 42.501, 26.000000000000004, 13.0]",0.14922790674814343
