,labelled data,weights,regret
0,50,"[2.5, 6.2509999999999994, 10.230769230769226, 11.0, 11.0, 0.001, 9.75, 14.75, 11.0, 6.0, 2.25, 0.001]",7.621223274343413
1,100,"[2.5, 8.751, 15.807692307692285, 11.0, 11.0, 0.001, 13.5, 17.25, 12.25, 4.75, 3.5, 1.251]",7.605860484696484
