,weights,regret
0,"[31.0, 21.0, 0.001, 17.501, 11.0, 20.000999999999998, 46.0, 20.000999999999998, 22.666666666666668, 30.99999999999999, 17.666666666666664, 11.001]",0.4633315502141288
