,labelled data,weights,regret
0,50,"[0.45000000000000073, 1.1875, 1.8365384615384615, 0.001, 1.5, 2.0, 2.1875, 2.5, 1.75, 1.625, 0.0635, 0.75]",0.946268680725475
1,100,"[0.201, 1.6875, 2.4230769230769216, 0.001, 1.5, 2.0, 2.875, 3.375, 1.75, 1.25, 0.251, 0.5635]",0.8066605042066061
