,labelled data,weights,regret
0,50,"[0.9550000000000005, 1.0999999999999996, 1.138461538461538, 1.0, 0.8, 1.2000000000000002, 1.2999999999999992, 1.3374999999999995, 1.125, 0.9000000000000001, 0.9625000000000004, 0.8125000000000004]",7.336878273627012
1,100,"[0.8400000000000004, 1.2249999999999992, 1.2423076923076914, 0.6000000000000001, 1.2000000000000002, 1.2000000000000002, 1.3874999999999988, 1.3624999999999994, 1.2249999999999996, 0.9375000000000002, 0.6375000000000003, 0.7000000000000006]",4.646369441604397
