,labelled data,weights,regret
0,50,"[2.0, 2.0, 5.5, 6.0, 1.0, 1.0, 3.0, 0.501, 0.5009999999999999, 3.5, 4.5, 6.5]",7.764480558064439
1,100,"[3.0, 3.5, 7.5, 2.0, 1.5, 1.0, 6.0, 0.0010000000000000009, 0.5009999999999999, 2.0, 5.5, 7.0]",1.4850878555339035
