,labelled data,weights,regret
0,50,"[4.43452380952381, 1.9343333333333332, 4.7, 4.0, 0.001, 5.0009999999999994, 5.7333333333333325, 2.2926666666666664, 0.001, 2.227190476190476, 9.0, 1.0666666666666669]",0.44527319215617484
1,100,"[5.359523809523809, 1.1676666666666669, 7.6000000000000005, 6.0, 0.001, 10.001, 7.333333333333332, 7.792666666666666, 0.501, 2.8676666666666666, 10.499999999999998, 1.8166666666666669]",0.41427121363500535
