,labelled data,weights,regret
0,50,"[1.0049999999999997, 1.0150943396226422, 1.0041666666666667, 1.0064516129032255, 1.0, 1.0, 1.2200000000000002, 1.1, 0.9833333333333335, 0.9875, 1.1, 1.12]",12.436130630779042
1,100,"[1.0129999999999995, 1.0150943396226422, 1.0083333333333333, 1.0145161290322575, 1.0, 1.0, 1.2400000000000002, 1.1, 0.9666666666666668, 0.9875, 1.1, 1.1]",12.479142843983793
