,weights,regret
0,"[0.5749999999999982, 0.3135, 2.2596153846153855, 1.5, 1.5, 0.5, 0.875, 1.875, 0.875, 2.875, 0.0635, 2.6875]",0.17990450437912847
