,labelled data,weights,regret
0,50,"[0.4482142857142859, 5.076190476190476, 3.0, 0.001, 1.001, 4.5, 2.880952380952381, 4.166666666666666, 1.1885, 3.7333333333333325, 0.18869047619047646, 0.40099999999999997]",0.11772463656581275
1,100,"[0.001, 6.567857142857144, 4.0, 1.001, 2.501, 7.0, 3.564285714285714, 5.416666666666666, 1.626, 6.8166666666666655, 0.001, 1.2093333333333334]",0.1349901563955024
