,labelled data,weights,regret
0,50,"[21.0, 11.0, 11.0, 41.0, 7.501, 21.0, 2.501, 30.000999999999998, 0.001000000000000334, 13.334333333333333, 21.0, 6.0009999999999994]",0.1322685614028087
1,100,"[21.0, 11.0, 11.0, 41.0, 17.501, 21.0, 0.001, 30.000999999999998, 2.001, 15.001, 21.0, 12.001000000000001]",0.2507138088500171
