,weights,regret
0,"[0.001, 3.75, 5.833333333333333, 0.3135, 2.0, 2.0, 0.8759999999999999, 6.2509999999999994, 0.16666666666666669, 6.25, 2.5, 2.451]",2.2058458984345255
