,labelled data,weights,regret
0,50,"[10.001, 21.0, 61.0, 12.778777777777778, 11.0, 26.0, 26.667666666666666, 81.0, 15.001, 77.501, 20.000999999999998, 22.334333333333333]",3.8893964083325803
1,100,"[40.001, 51.0, 71.0, 26.516151515151513, 11.0, 26.0, 16.667666666666662, 101.0, 8.334333333333333, 97.501, 50.001, 0.001]",15.779581451418492
