,labelled data,weights,regret
0,50,"[2.001, 10.001, 16.0, 11.0, 11.0, 0.001, 16.0, 4.75, 3.7509999999999994, 3.7509999999999994, 12.25, 13.5]",5.753523479803628
1,100,"[2.5009999999999994, 6.251, 32.92307692307692, 11.0, 11.0, 0.001, 26.0, 14.75, 21.250999999999998, 11.251000000000001, 18.5, 6.0]",6.516056077506464
