,labelled data,weights,regret
0,50,"[0.001, 5.0009999999999994, 4.0009999999999994, 0.001, 1.001, 2.0, 4.0009999999999994, 6.0, 0.501, 6.166666666666666, 2.001, 0.001]",0.1006350720466633
1,100,"[1.001, 8.001, 7.0009999999999994, 0.001, 1.001, 3.0, 7.0009999999999994, 7.0, 0.5843333333333331, 8.166666666666666, 3.001, 3.0009999999999994]",1.452047693197735
