,weights,regret
0,"[6.0, 11.0, 11.0, 5.001, 10.001, 11.0, 6.0009999999999994, 10.001000000000001, 9.333333333333334, 27.66666666666666, 11.0, 5.0]",16.346668380795215
