,labelled data,weights,regret
0,50,"[5.001, 21.0, 11.0, 11.0, 6.0, 1.0, 5.001, 17.500999999999998, 5.0009999999999994, 7.500999999999998, 11.0, 8.5]",15.028261766836703
1,100,"[5.001, 21.0, 11.0, 21.0, 6.0, 11.0, 0.001, 22.500999999999998, 3.751, 15.001000000000001, 11.0, 0.001]",0.29178717356740175
