,weights,regret
0,"[0.9, 0.8, 0.8, 1.5000000000000004, 1.0, 1.0, 0.6000000000000001, 0.40000000000000024, 1.5000000000000004, 1.5833333333333337, 1.1, 1.6000000000000005]",1.0079683026154336
