,weights,regret
0,"[10.001, 10.001, 5.001, 6.0009999999999994, 1.0, 11.0, 30.000999999999998, 11.0, 10.001, 10.001, 10.001, 10.001]",0.6775369997721676
