,labelled data,weights,regret
0,50,"[1.5, 1.5, 1.5, 0.6666666666666666, 1.0, 1.0, 1.75, 1.5, 1.2500000000000002, 2.083333333333333, 1.5, 1.3499999999999999]",44.199758638164454
1,100,"[1.5, 1.5, 2.0, 0.8333333333333333, 1.0, 1.0, 1.25, 1.5, 1.166666666666667, 2.1666666666666665, 1.5, 1.3499999999999999]",46.93219856222387
