,labelled data,weights,regret
0,50,"[11.0, 16.0, 21.0, 0.5009999999999994, 6.0, 1.0, 20.001, 22.500999999999998, 11.0, 24.376, 11.0, 17.001]",10.817102353289778
1,100,"[21.0, 15.001000000000001, 36.0, 4.2509999999999994, 6.0, 6.0, 25.001, 37.501, 4.167666666666667, 44.376000000000005, 16.0, 24.501]",7.560284665306699
