,labelled data,weights,regret
0,50,"[1.8000000000000005, 1.660377358490566, 2.25, 1.3225806451612905, 1.0, 1.0, 9.0, 6.0, 2.666666666666668, 9.125, 6.0, 1.0]",5.876379896049983
1,100,"[3.0, 2.1320754716981134, 3.5000000000000004, 1.6451612903225807, 1.0, 1.0, 10.0, 6.0, 4.333333333333334, 9.75, 6.0, 4.001]",5.445079821534033
