,labelled data,weights,regret
0,50,"[1.0, 1.0, 1.0, 0.001, 1.0, 11.0, 11.0, 1.0, 0.001, 1.0, 1.0, 1.0]",3.2812868063952285
1,100,"[0.001, 6.0, 1.0, 0.001, 1.0, 11.0, 11.0, 11.0, 0.001, 1.0, 0.001, 0.001]",16.21273538380791
