,labelled data,weights,regret
0,50,"[0.001, 50.001000000000005, 46.0, 31.0, 15.001000000000001, 50.001000000000005, 60.001000000000005, 30.000999999999998, 30.001, 5.001, 76.0, 10.001000000000001]",0.6246585149732443
1,100,"[10.001, 70.001, 76.0, 46.0, 15.001000000000001, 90.001, 65.001, 65.001, 10.001000000000005, 10.001, 116.0, 25.001000000000005]",0.3710414630684022
