,labelled data,weights,regret
0,50,"[0.251, 3.0, 3.2009999999999996, 0.001, 2.001, 3.0, 2.25, 2.75, 2.001, 2.328380952380952, 0.001, 0.501]",0.6001906622423318
1,100,"[2.0843333333333334, 2.75, 4.251, 0.001, 2.001, 3.0, 3.375, 3.875, 1.751, 2.703380952380952, 1.751, 1.251]",3.6221138341766155
