,labelled data,weights,regret
0,50,"[3.5000000000000013, 3.6415094339622636, 8.083333333333334, 3.3387096774193536, 2.5, 1.0, 12.001, 5.001, 5.0009999999999994, 9.75, 6.667666666666666, 6.0009999999999994]",5.124482818926909
1,100,"[3.3000000000000007, 4.962264150943398, 10.58333333333333, 2.129032258064516, 3.0, 1.0, 14.001, 5.001, 1.6676666666666664, 16.0, 6.667666666666666, 8.001]",7.5744323375900695
