,weights,regret
0,"[1.9999999999999976, 0.6875, 0.9326923076923079, 0.5, 1.5, 1.5, 2.5, 1.3125, 1.0625, 2.0, 2.4375, 1.25]",0.2263246927674298
