,weights,regret
0,"[3.215285714285713, 73.00099999999999, 73.33199906629318, 0.001, 61.0, 110.001, 50.001, 45.358142857142866, 45.001000000000005, 78.92857142857143, 0.001, 20.83433333333333]",0.03770688624074118
