,labelled data,weights,regret
0,50,"[0.9875, 1.1, 1.0, 1.0, 0.8, 1.1, 1.0, 1.2000000000000002, 0.9, 0.9, 1.0, 1.0]",55.63438544973469
1,100,"[0.9875, 1.1, 1.0, 1.0, 0.8, 1.1, 1.0, 1.2000000000000002, 0.9, 0.9, 1.0, 1.0]",40.191059683234016
