,labelled data,weights,regret
0,50,"[1.0, 1.0, 2.0, 1.0, 0.001, 2.0, 1.0, 2.0, 0.001, 0.001, 1.3333333333333333, 0.8]",8.84111846262878
1,100,"[1.0, 1.0, 2.0, 1.0, 0.001, 2.0, 1.0, 2.0, 0.001, 0.001, 1.3333333333333333, 0.8]",8.496199990118601
