,weights,regret
0,"[2.0, 1.5, 0.001, 8.273809523809524, 1.5, 2.5, 3.125, 7.5, 0.6676666666666666, 7.730357142857143, 3.0, 0.15100000000000002]",0.14214899928226649
