,weights,regret
0,"[1.1500000000000004, 1.95, 2.0000000000000004, 0.5, 1.001, 2.0, 1.875, 2.4375, 1.25, 2.625, 0.376, 0.875]",1.2509935355173043
