,labelled data,weights,regret
0,50,"[0.30100000000000005, 2.8343333333333334, 3.933333333333334, 0.001, 2.0, 2.0, 2.25, 4.875, 1.75, 1.75, 0.376, 0.376]",0.38904013309164565
1,100,"[0.001, 4.834333333333333, 4.4, 0.001, 2.001, 3.0, 3.125, 5.5, 1.875, 3.25, 0.001, 1.126]",0.256008654324229
