,labelled data,weights,regret
0,50,"[1.0, 11.0, 6.0, 1.0, 13.5, 11.0, 2.5009999999999994, 15.001000000000001, 2.501, 18.5, 11.0, 3.001]",2.587961077860645
1,100,"[17.250999999999998, 21.0, 16.0, 6.0009999999999994, 13.5, 11.0, 17.500999999999998, 20.001, 0.001, 33.5, 11.0, 16.000999999999998]",2.085011508587051
