,weights,regret
0,"[0.4009999999999999, 2.875, 1.4000000000000001, 1.5, 2.0, 0.001, 1.6875, 3.125, 4.0, 1.0833333333333337, 1.2035714285714287, 0.001]",0.3977226438389496
