,labelled data,weights,regret
0,50,"[0.001, 30.167666666666666, 18.5, 5.001000000000001, 15.001000000000001, 36.0, 13.5, 46.66766666666666, 17.501, 37.291666666666664, 0.001, 0.001]",0.1926856394587548
1,100,"[3.1140952380952385, 49.66766666666666, 31.0, 10.001000000000001, 15.001000000000001, 56.0, 30.25, 71.66766666666666, 15.001000000000001, 43.375, 13.590285714285715, 0.001]",0.11700849406844509
