,weights,regret
0,"[0.001, 2.300000000000001, 1.9000000000000008, 1.2500000000000002, 0.9, 1.1, 0.6000000000000001, 2.200000000000001, 0.55, 1.4750000000000003, 1.0, 2.100000000000001]",0.6725229195288003
