,labelled data,weights,regret
0,50,"[2.0, 3.0, 3.0, 6.0, 1.001, 3.0, 0.501, 4.5009999999999994, 0.33433333333333337, 1.75, 2.0, 1.5]",0.3298359186097025
1,100,"[2.0, 3.0, 3.0, 6.0, 2.001, 4.0, 0.001, 4.5009999999999994, 0.6676666666666666, 2.9166666666666674, 3.0, 0.351]",0.18226828495829328
