,labelled data,weights,regret
0,50,"[2.0, 3.0, 3.0, 4.0, 1.0, 4.0, 0.001, 4.0009999999999994, 0.5009999999999999, 2.1666666666666665, 2.0, 0.0010000000000000009]",0.17968021091338254
1,100,"[2.0, 3.0, 3.0, 4.0, 0.001, 4.0, 0.001, 4.0009999999999994, 1.1676666666666666, 3.3166666666666664, 4.0, 0.934333333333333]",0.4126695191050479
