,weights,regret
0,"[4.2, 1.0999999999999999, 3.601, 0.10000000000000014, 2.300000000000001, 1.1, 3.700000000000002, 0.6010000000000009, 0.899999999999999, 2.9000000000000012, 2.2999999999999994, 1.9]",0.3140382517474424
