,labelled data,weights,regret
0,50,"[6.0, 0.001, 1.0, 0.001, 1.0, 11.0, 11.0, 2.501, 0.001, 1.0, 6.0, 6.0]",78.14688562140587
1,100,"[6.0, 0.001, 2.5384615384615383, 0.001, 1.0, 11.0, 11.0, 2.501, 0.001, 0.001, 16.0, 0.001]",2.625416190891272
