,weights,regret
0,"[0.001, 75.33433333333332, 72.501, 40.001, 70.001, 110.001, 46.251000000000005, 133.751, 25.834333333333333, 0.001, 55.703380952380954, 1.6676666666666664]",1.050689670315909
