,weights,regret
0,"[48.5, 5.001, 5.001, 16.250999999999998, 21.0, 11.0, 96.0, 12.501000000000005, 76.0, 34.001000000000005, 26.0, 20.001]",0.5724061185943642
