,labelled data,weights,regret
0,50,"[11.0, 8.5, 18.5, 4.333333333333332, 5.001, 11.0, 3.5, 45.001000000000005, 9.167666666666667, 37.501000000000005, 6.0, 5.001]",6.096718014666643
1,100,"[0.001, 33.5, 28.5, 0.001, 15.001000000000001, 11.0, 16.0, 50.001000000000005, 4.167666666666667, 57.501000000000005, 16.0, 12.501000000000001]",1.2290982416462104
