,labelled data,weights,regret
0,50,"[3.0, 6.0, 7.0, 8.0, 1.0, 2.0, 5.0009999999999994, 2.001, 9.0, 4.0, 7.0, 8.0]",18.610030100634816
1,100,"[6.0, 5.0, 8.0, 8.0, 6.0, 6.0, 4.001, 6.0009999999999994, 13.0, 7.001000000000001, 8.0, 4.0]",18.049683227947842
