,labelled data,weights,regret
0,50,"[3.0, 11.001, 18.0, 9.0, 3.0009999999999994, 9.001, 9.0, 13.0, 9.0, 0.001, 12.0, 5.001]",0.3977793224915871
1,100,"[8.001, 13.001, 19.0, 10.0, 3.0009999999999994, 13.001, 13.0, 13.0, 7.0, 6.0009999999999994, 16.0, 6.001000000000001]",0.6792665014324637
