,weights,regret
0,"[0.30000000000000004, 1.7000000000000004, 2.100000000000001, 1.4000000000000004, 1.1, 1.0, 1.2999999999999998, 1.5000000000000002, 0.4999999999999998, 1.1, 1.6, 2.1]",0.9369294611393068
