,weights,regret
0,"[1.2099999999999995, 1.235849056603775, 1.1041666666666663, 1.278225806451615, 1.0, 1.0, 1.4, 1.5, 1.5, 0.376, 1.5, 0.9999999999999996]",14.932785749452155
