,labelled data,weights,regret
0,50,"[1.1, 1.1, 1.4000000000000004, 1.0, 1.0, 1.0, 1.9000000000000008, 1.2000000000000002, 0.8, 0.30100000000000005, 1.1, 1.0]",4.501355220455269
1,100,"[1.2000000000000002, 1.4000000000000004, 1.8000000000000007, 0.5000000000000001, 1.0, 1.0, 1.9000000000000008, 1.1, 0.7000000000000001, 0.30100000000000016, 1.1, 0.6000000000000001]",0.5008274524316466
