,labelled data,weights,regret
0,50,"[2.0009999999999994, 24.000999999999998, 23.666666666666668, 11.0, 11.0, 0.001, 14.75, 19.75, 12.25, 6.0, 7.501, 2.0010000000000012]",5.701960141389432
1,100,"[2.0009999999999994, 28.000999999999998, 24.333333333333332, 11.0, 11.0, 0.001, 14.75, 23.5, 13.5, 13.5, 5.001000000000001, 0.001]",4.86108242712129
