,weights,regret
0,"[0.5, 2.0000000000000004, 2.200000000000001, 1.5000000000000002, 0.9, 1.0, 0.1999999999999997, 2.0000000000000004, 0.7999999999999996, 1.7999999999999994, 1.5, 1.6999999999999997]",1.1655167365234864
