,weights,regret
0,"[0.45595238095238066, 1.7807619047619045, 3.4166666666666665, 7.5, 6.5, 0.5009999999999999, 2.6238095238095234, 3.8875, 7.25, 0.251, 0.001, 0.001]",0.42062006398790774
