,labelled data,weights,regret
0,50,"[0.001, 13.0, 6.0009999999999994, 1.001, 3.001, 7.0, 4.0, 10.0, 10.001, 12.001, 6.0009999999999994, 0.001]",1.8147399146162169
1,100,"[4.001000000000001, 25.0, 13.001, 0.001, 8.001, 17.0, 11.0, 16.0, 1.001, 21.000999999999998, 0.001, 5.001]",0.13949232739061526
