,weights,regret
0,"[1.034999999999998, 0.9981132075471697, 1.0, 1.0532258064516093, 1.0, 1.0, 1.1800000000000002, 1.1, 1.0166666666666668, 1.0749999999999997, 1.1, 1.03]",236.8027301422923
