,labelled data,weights,regret
0,50,"[80.001, 11.0, 31.0, 80.001, 15.001, 5.001, 11.0, 65.001, 6.0, 61.0, 31.0, 16.0]",307.91211308382833
1,100,"[70.001, 61.0, 41.0, 5.001000000000005, 20.000999999999998, 25.001, 46.0, 85.001, 15.001000000000001, 76.0, 56.0, 41.0]",12.635326433527405
