,weights,regret
0,"[1.3, 0.7999999999999999, 1.0, 1.8000000000000007, 1.2000000000000002, 1.1, 0.8999999999999997, 0.4000000000000001, 1.6, 2.2000000000000006, 1.6, 2.5000000000000004]",1.0063352204369835
