,weights,regret
0,"[1.3000000000000003, 1.6000000000000005, 0.8, 0.6000000000000002, 1.0, 1.1, 0.9999999999999999, 2.000000000000001, 0.30000000000000004, 1.7000000000000002, 1.0, 0.2010000000000002]",0.11352726849190124
