,weights,regret
0,"[0.7000000000000001, 0.49999999999999994, 0.001, 2.0, 1.1, 1.1, 0.501, 2.000000000000001, 0.601, 2.500000000000001, 0.6010000000000001, 0.30099999999999993]",0.14024883738868313
