,weights,regret
0,"[0.9909999999999989, 1.0188679245283028, 1.0083333333333333, 1.0475806451612857, 1.0, 1.0, 1.2200000000000002, 1.1, 0.9833333333333335, 0.9250000000000003, 1.1, 1.1900000000000002]",1.1292593878894999
