,labelled data,weights,regret
0,50,"[2.5, 2.0, 3.5, 4.0, 1.0, 2.5, 2.501, 3.0, 3.0, 3.0, 4.0, 5.5]",21.582561315143852
1,100,"[0.5, 2.5, 4.5, 4.0, 1.0, 2.5, 3.001, 6.0, 1.5, 1.0, 4.5, 4.5]",8.581645482935043
