,labelled data,weights,regret
0,50,"[0.001, 61.0, 51.0, 0.001, 1.0, 21.0, 61.0, 45.001000000000005, 5.001, 60.001000000000005, 31.0, 1.6676666666666655]",0.3188381897833489
1,100,"[20.000999999999998, 91.0, 81.0, 6.6676666666666655, 11.0, 21.0, 71.0, 85.001, 5.001000000000001, 90.001, 41.0, 6.667666666666666]",5.781448841051881
