,labelled data,weights,regret
0,50,"[13.666666666666668, 26.751, 26.0, 0.0010000000000012221, 15.001000000000001, 31.0, 44.33333333333333, 18.25, 6.876000000000001, 7.501, 22.375, 14.166666666666668]",0.8104097974931042
1,100,"[4.083333333333336, 42.91766666666667, 51.0, 25.001, 25.001, 51.0, 54.33333333333333, 32.41666666666667, 24.58433333333333, 0.8760000000000012, 47.541666666666664, 18.166666666666668]",0.06265137542126885
