,labelled data,weights,regret
0,50,"[1.5, 1.5, 1.5, 0.5, 1.0, 1.0, 1.75, 1.5, 1.2500000000000002, 1.9166666666666663, 1.5, 1.6500000000000001]",67.9496039196939
1,100,"[1.5, 1.5, 1.75, 0.5, 1.0, 1.0, 1.5, 1.5, 1.2500000000000002, 2.083333333333333, 1.5, 1.7500000000000002]",63.07783592836126
