,labelled data,weights,regret
0,50,"[1.0, 1.0, 1.0, 1.0, 1.0, 1.0, 2.0, 2.0, 0.4176666666666667, 0.5, 1.0, 0.20100000000000004]",0.6374515771581822
1,100,"[0.5, 1.5, 1.0, 1.1666666666666665, 1.0, 1.0, 2.5, 2.0, 0.4176666666666667, 0.5625, 1.0, 0.5760000000000001]",0.5702082776524978
