,weights,regret
0,"[2.0, 1.3333333333333333, 1.574999999999998, 1.5, 0.001, 2.0, 2.0, 1.25, 1.25, 1.625, 2.125, 1.25]",1.1640591433173562
