,weights,regret
0,"[0.8000000000000014, 1.375, 2.124999999999999, 2.0, 0.001, 1.5, 2.8125, 2.0625, 1.0, 1.8125, 0.3125, 0.251]",8.131349282426285
