,weights,regret
0,"[11.0, 11.0, 11.0, 24.33333333333333, 13.5, 11.0, 8.001, 20.001, 7.666666666666668, 27.66666666666666, 15.999999999999998, 11.001]",0.3921758937508385
