,weights,regret
0,"[0.601, 2.5000000000000004, 3.1, 1.0, 0.8, 1.5000000000000004, 2.1, 2.800000000000001, 1.7000000000000006, 1.9999999999999998, 1.101, 0.20100000000000004]",3.5272495840826172
