,labelled data,weights,regret
0,50,"[15.333333333333332, 16.334333333333333, 21.0, 1.0, 11.0, 20.000999999999998, 28.5, 13.5, 4.333333333333333, 15.001000000000001, 21.0, 10.333333333333332]",11.425645836800864
1,100,"[17.0, 21.334333333333333, 21.0, 0.001, 11.0, 20.000999999999998, 28.5, 23.5, 0.001, 21.108142857142855, 1.6676666666666664, 10.333333333333332]",3.07592750836587
