,weights,regret
0,"[1.3000000000000003, 1.1, 0.001, 1.6000000000000005, 1.0, 1.2000000000000002, 2.100000000000001, 0.8000000000000005, 1.3000000000000003, 0.8083333333333338, 1.2000000000000002, 1.0]",1.3650812746411713
