,labelled data,weights,regret
0,50,"[2.0, 2.0, 2.0, 0.0010000000000000009, 1.0, 1.0, 0.4009999999999999, 3.001, 1.333333333333333, 4.333333333333332, 2.0, 0.5999999999999994]",33.99661516152549
1,100,"[1.334333333333333, 2.0, 2.5, 1.0253902439024387, 1.0, 1.0, 1.6009999999999998, 3.001, 1.9999999999999993, 7.666666666666671, 2.666666666666667, 1.399999999999999]",1.6531219177759156
