,labelled data,weights,regret
0,50,"[66.0, 30.001, 76.0, 31.0, 0.001000000000000334, 30.001000000000005, 26.0, 46.0, 31.0, 15.001000000000001, 46.0, 21.0]",3.5001300359537786
1,100,"[61.0, 25.001000000000005, 81.0, 41.0, 5.001, 45.001000000000005, 11.0, 51.0, 26.0, 5.001, 61.0, 11.0]",0.6162948027845324
