,weights,regret
0,"[7.5, 0.5, 0.501, 5.333333333333332, 1.5, 2.0, 4.625, 1.251, 17.25, 7.166666666666667, 2.75, 7.066666666666666]",1.319847248651415
