,labelled data,weights,regret
0,50,"[1.0, 31.0, 41.0, 11.0, 21.0, 21.0, 41.0, 70.001, 51.0, 51.0, 61.0, 101.0]",110.77632318418938
1,100,"[30.000999999999998, 51.0, 61.0, 41.0, 21.0, 31.0, 31.0, 90.001, 21.0, 51.0, 61.0, 81.0]",23.00556672031688
