,labelled data,weights,regret
0,50,"[1.2176666666666662, 6.0009999999999994, 3.5, 0.001, 3.0, 6.0009999999999994, 2.5833333333333335, 9.25, 3.001, 5.308333333333333, 0.001, 0.4843333333333333]",0.14068863979829804
1,100,"[2.6295714285714276, 8.917666666666667, 7.0, 4.0009999999999994, 3.0, 8.001, 6.483333333333334, 15.75, 3.7926666666666655, 11.725, 3.4986190476190475, 0.001]",0.13201338326458467
