,labelled data,weights,regret
0,50,"[0.501, 15.001, 13.307692307692308, 10.001, 0.001, 11.0, 19.75, 7.25, 3.7509999999999994, 7.501000000000001, 2.501, 0.001]",8.840124824763674
1,100,"[1.501, 16.250999999999998, 23.49999999999999, 0.001, 10.001, 11.0, 31.0, 19.75, 12.501, 11.251000000000001, 2.501, 5.0009999999999994]",0.5461378764043542
