,labelled data,weights,regret
0,50,"[6.0, 6.0, 6.0, 4.333333333333334, 6.0, 6.0, 16.0, 5.001, 6.0, 3.751, 8.5, 7.5]",0.46195044922972367
1,100,"[8.5, 8.5, 6.0, 1.0000000000000009, 6.0, 6.0, 19.75, 5.001, 0.16666666666666807, 2.1438571428571427, 8.5, 8.5]",0.3104602668582359
