,labelled data,weights,regret
0,50,"[6.001, 11.0, 11.0, 8.001, 11.0, 1.0, 15.001, 20.000999999999998, 11.0, 32.25, 12.666666666666666, 11.0]",20.268752198893264
1,100,"[6.2509999999999994, 11.0, 11.0, 0.001, 11.0, 11.0, 20.000999999999998, 20.000999999999998, 7.666666666666668, 47.25, 15.999999999999998, 6.0]",1.7743546366244238
