,weights,regret
0,"[2.5, 1.5, 1.501, 7.408333333333333, 2.0, 2.0, 0.251, 7.0, 0.4176666666666667, 5.166666666666667, 1.0, 1.7926666666666666]",0.9041641319883389
