,labelled data,weights,regret
0,50,"[11.0, 21.0, 31.0, 21.0, 11.0, 11.0, 41.0, 0.001, 5.001000000000001, 0.001, 31.0, 41.0]",2.3854495295298848
1,100,"[21.0, 31.0, 41.0, 12.666666666666668, 11.0, 11.0, 41.0, 5.001, 13.334333333333333, 7.334333333333333, 31.0, 41.0]",1.0959830504644281
