,labelled data,weights,regret
0,50,"[0.001, 2.400000000000001, 2.9000000000000004, 0.10000000000000014, 1.0, 2.200000000000001, 2.3000000000000003, 3.300000000000001, 0.7, 2.4000000000000004, 0.001, 0.30100000000000005]",0.1175448919200811
1,100,"[0.001, 3.7000000000000015, 2.700000000000001, 0.401, 1.3000000000000003, 3.400000000000002, 2.6000000000000005, 3.6000000000000014, 1.1, 2.5, 0.5010000000000001, 0.001]",0.11681061738031952
