,weights,regret
0,"[1.139999999999999, 0.8125000000000001, 0.9576923076923078, 1.2000000000000002, 1.3000000000000003, 0.7000000000000001, 1.0375, 0.8625000000000005, 1.0375000000000003, 1.0750000000000002, 1.2124999999999997, 1.2499999999999996]",20.297058737940265
