,labelled data,weights,regret
0,50,"[1.125, 0.4652380952380953, 1.5736507936507942, 1.4000000000000004, 0.20000000000000015, 1.6000000000000005, 1.1445238095238093, 1.4833333333333336, 0.02600000000000001, 0.6750000000000003, 1.6675000000000004, 1.2166666666666668]",2.93213656167357e-05
1,100,"[1.490833333333334, 0.5035714285714289, 1.9736507936507945, 1.9000000000000008, 0.101, 1.9000000000000008, 1.4095238095238096, 1.983333333333334, 0.001, 0.8083333333333338, 2.0325000000000006, 1.1300000000000001]",0.8339243690148043
