,weights,regret
0,"[1.0999999999999992, 2.300000000000001, 2.3, 1.5000000000000004, 1.3000000000000003, 1.6000000000000005, 2.1, 3.200000000000001, 1.6000000000000012, 0.201, 2.4000000000000004, 0.6999999999999995]",1.1462339969498039
