,weights,regret
0,"[2.5, 1.1999999999999997, 2.5, 1.5000000000000004, 1.0, 1.0, 1.2, 1.0, 2.5000000000000004, 1.6999999999999995, 2.1999999999999997, 0.3999999999999999]",0.7741212529643848
