,weights,regret
0,"[2.5, 3.0, 3.166666666666667, 5.708333333333333, 2.5, 0.501, 1.75, 5.0009999999999994, 9.5, 0.001, 0.5009999999999999, 0.9926666666666667]",0.32758906648392827
