,labelled data,weights,regret
0,50,"[1.1900000000000002, 1.6037735849056602, 2.0000000000000018, 1.1451612903225805, 1.950000000000001, 1.4, 1.2, 2.0, 1.0, 3.375, 1.666666666666667, 2.6000000000000014]",5.823625345635292
1,100,"[1.3900000000000003, 2.0377358490566038, 2.1250000000000013, 1.0887096774193548, 1.950000000000001, 1.4, 2.1999999999999997, 2.0, 1.0, 3.875, 1.666666666666667, 1.8000000000000007]",4.498143725120144
