,weights,regret
0,"[0.7051666666666667, 2.092666666666666, 3.0, 5.0, 5.5009999999999994, 0.5009999999999999, 1.6791666666666667, 5.336904761904762, 4.0, 2.3676666666666666, 1.4890952380952385, 0.126]",0.26868740810126795
