,labelled data,weights,regret
0,50,"[1.6676666666666666, 21.000999999999994, 21.208333333333332, 0.0010000000000012221, 5.001000000000001, 11.0, 18.5, 37.501, 13.334333333333337, 13.499999999999998, 0.626, 1.001]",0.13293937702364383
1,100,"[0.001, 34.334333333333326, 18.708333333333332, 5.001, 10.001000000000001, 16.0, 22.249999999999996, 45.001, 13.334333333333339, 22.25, 0.626, 0.001]",0.08302365042684105
