,labelled data,weights,regret
0,50,"[19.584333333333333, 4.001000000000003, 38.5, 0.001, 21.0, 21.0, 16.667666666666666, 14.334333333333333, 2.001, 3.7509999999999994, 49.5, 12.001000000000001]",0.583591150436025
1,100,"[0.001, 30.66766666666667, 41.0, 20.000999999999998, 1.0, 31.0, 40.001, 24.334333333333333, 13.33433333333333, 0.001, 75.5, 0.3343333333333347]",0.12297855542738596
