,weights,regret
0,"[0.001, 15.001000000000001, 0.001, 41.0, 11.0, 5.001000000000001, 20.001, 32.501000000000005, 0.8343333333333334, 44.333333333333336, 11.0, 6.501000000000001]",0.26583253854632954
