,labelled data,weights,regret
0,50,"[1.9630952380952382, 1.2986190476190473, 5.0, 9.001, 1.001, 10.0, 8.575, 10.125, 0.2509999999999999, 1.2416666666666671, 2.9250000000000003, 0.001]",6.679474039738898
1,100,"[2.771428571428571, 5.667666666666666, 7.0, 5.0009999999999994, 9.001, 14.0, 16.241666666666667, 12.625, 3.192666666666666, 8.9, 0.001, 0.001]",0.21408081765547585
