,weights,regret
0,"[1.6000000000000003, 1.0, 1.3, 1.9000000000000006, 1.1, 1.1, 1.4000000000000001, 0.4000000000000001, 0.9999999999999997, 0.7999999999999997, 1.6, 2.5000000000000004]",11.951148989001354
