,weights,regret
0,"[0.7, 1.3000000000000003, 1.8000000000000005, 0.6000000000000002, 0.9, 0.9, 0.8999999999999999, 2.100000000000001, 0.19999999999999982, 1.8000000000000003, 1.6, 1.7999999999999998]",27.467293963372377
