,weights,regret
0,"[1.0999999999999999, 1.3000000000000003, 1.8000000000000005, 2.3000000000000007, 1.2000000000000002, 1.2000000000000002, 1.101, 1.8000000000000007, 0.9999999999999997, 1.9999999999999996, 1.6, 1.2999999999999996]",0.734275906349483
