,weights,regret
0,"[0.5999999999999996, 3.2000000000000015, 3.500000000000001, 2.8000000000000016, 2.9000000000000017, 0.101, 1.2009999999999998, 1.8000000000000016, 5.000000000000002, 1.0999999999999992, 1.0999999999999999, 0.001]",0.4179697789731608
