,labelled data,weights,regret
0,50,"[11.0, 11.0, 21.0, 36.0, 11.0, 1.0, 20.000999999999998, 40.001, 0.001, 9.333333333333336, 21.0, 0.001]",745.0559603070706
1,100,"[21.0, 31.0, 41.0, 12.666666666666664, 11.0, 11.0, 20.000999999999998, 60.001, 0.001, 54.333333333333336, 31.0, 28.334333333333333]",10.321781108538458
