,labelled data,weights,regret
0,50,"[3.684333333333334, 1.3676666666666666, 5.0009999999999994, 7.0009999999999994, 0.001, 5.0, 5.949999999999998, 3.501, 0.201, 1.4926666666666666, 4.759333333333332, 1.001]",9.051529323487477
1,100,"[0.1121111111111111, 6.953380952380953, 6.0009999999999994, 4.0009999999999994, 4.0009999999999994, 5.0, 11.783333333333333, 10.27957142857143, 5.0009999999999994, 5.5009999999999994, 1.201, 0.001]",0.2875616441511268
