,labelled data,weights,regret
0,50,"[16.36904761904762, 33.501000000000005, 41.0, 0.001, 30.000999999999998, 41.0, 63.5, 83.08433333333335, 23.750999999999998, 59.5, 3.0724285714285715, 0.8343333333333334]",0.11602512252733899
1,100,"[9.892857142857142, 91.50099999999999, 73.5, 40.001, 50.001, 91.0, 64.33333333333334, 123.08433333333335, 64.16766666666666, 96.16666666666667, 8.608142857142855, 7.012904761904762]",0.21016424994690713
