,labelled data,weights,regret
0,50,"[91.0, 60.001, 71.0, 80.001, 0.001, 90.001, 50.001000000000005, 100.001, 20.001000000000005, 0.0010000000000047748, 81.0, 71.0]",1.664694166964281
1,100,"[121.0, 40.001000000000005, 161.0, 130.001, 0.001, 140.001, 70.001, 170.001, 0.001, 10.001, 151.0, 81.0]",0.41427121363500535
