,weights,regret
0,"[0.12599999999999978, 2.1875, 0.5384615384615387, 1.5, 0.001, 1.5, 1.0625, 1.25, 1.9375, 0.001, 1.375, 0.8125]",4.7867595076585
