,weights,regret
0,"[0.7, 1.7000000000000006, 1.2, 1.7000000000000004, 1.1, 0.9, 1.1, 2.000000000000001, 1.0999999999999999, 2.1, 1.6, 1.5999999999999996]",0.9455797585497877
