,weights,regret
0,"[2.1999999999999997, 0.126, 3.3999999999999986, 2.0, 1.5, 0.001, 1.125, 0.5625, 1.5, 4.625, 0.5635, 3.25]",0.11754427899885764
