,labelled data,weights,regret
0,50,"[4.001, 36.0, 21.0, 0.001, 6.0, 11.0, 35.0, 36.0, 10.001, 30.000999999999998, 12.666666666666666, 11.0]",0.1442598838963585
1,100,"[19.143857142857144, 66.0, 41.0, 4.286714285714286, 16.0, 11.0, 55.0, 56.0, 11.667666666666666, 40.001, 19.333333333333332, 17.0]",0.6254880695413757
