,weights,regret
0,"[7.5, 0.001, 0.001, 3.8759999999999994, 1.5, 2.5, 2.875, 0.001, 14.916666666666668, 5.666666666666667, 3.0, 1.5833333333333335]",0.05940616866946049
