,labelled data,weights,regret
0,50,"[0.5000000000000001, 1.5000000000000004, 1.3000000000000003, 0.7, 0.9, 1.0, 0.7000000000000001, 1.9000000000000008, 0.001, 2.083333333333334, 1.0, 0.95]",10.830293644773164
1,100,"[0.1666666666666668, 1.9000000000000008, 1.6000000000000005, 0.06500000000000006, 0.9, 1.0, 0.9, 2.100000000000001, 0.251, 2.7833333333333345, 1.0, 1.0]",2.4915932398849634
