,weights,regret
0,"[0.9, 0.7000000000000001, 0.8, 1.3500000000000003, 1.0, 1.0, 0.5500000000000002, 0.4000000000000003, 1.8000000000000007, 1.3250000000000004, 1.0, 1.4000000000000004]",1.0144901018799064
