,labelled data,weights,regret
0,50,"[1.1, 1.1, 1.5000000000000004, 1.2000000000000002, 1.0, 1.0, 1.7000000000000006, 0.9, 0.6000000000000001, 0.5999999999999999, 1.1, 1.1]",2.856424652019219
1,100,"[1.1, 0.9, 1.8000000000000007, 1.0, 1.0, 1.0, 1.7000000000000006, 1.05, 0.5, 0.6333333333333332, 1.1, 1.1]",0.70992796135981
