,labelled data,weights,regret
0,50,"[0.101, 1.8000000000000007, 1.7000000000000006, 0.7499999999999998, 1.0, 1.0, 0.40000000000000013, 1.8000000000000007, 0.23333333333333334, 2.083333333333334, 1.1, 0.43333333333333335]",7.009709605145949
1,100,"[0.061, 2.300000000000001, 1.8000000000000007, 0.3899999999999996, 1.0, 1.0, 1.0, 1.9000000000000008, 0.2833333333333333, 2.283333333333334, 1.1, 0.48333333333333345]",0.5414228196407881
