,labelled data,weights,regret
0,50,"[6.0, 6.0, 6.0, 0.001, 6.0, 6.0, 2.501, 10.001000000000001, 4.333333333333334, 17.25, 8.5, 1.001]",49.19686891388758
1,100,"[1.2509999999999994, 6.0, 8.5, 0.001, 6.0, 6.0, 10.001, 10.001000000000001, 3.500000000000001, 26.625, 8.5, 2.5009999999999994]",0.9867123973252837
