,labelled data,weights,regret
0,50,"[1.0, 1.0, 1.0, 0.9, 1.0, 1.1, 1.1, 1.0, 0.9, 1.0, 1.0, 1.0]",12.396478909961957
1,100,"[0.95, 1.0333333333333334, 1.0, 0.9, 1.0, 1.1, 1.1, 1.1, 0.9, 1.0, 0.95, 0.95]",12.190146133073265
