,weights,regret
0,"[23.33433333333333, 23.33433333333333, 10.001000000000001, 7.501000000000001, 11.0, 11.0, 8.001, 11.0, 13.334333333333332, 35.001000000000005, 10.001, 8.001]",0.2120541445846631
