,labelled data,weights,regret
0,50,"[6.0, 6.0, 6.0, 1.0000000000000009, 1.0, 1.0, 6.0, 7.5009999999999994, 5.166666666666667, 8.5, 6.0, 6.0]",55.54394898438881
1,100,"[6.0, 6.0, 6.0, 2.6666666666666674, 1.0, 6.0, 3.5, 7.5009999999999994, 5.166666666666667, 9.333333333333334, 6.833333333333333, 6.5]",61.57251030087428
