,weights,regret
0,"[0.126, 0.75, 2.615384615384615, 1.5, 2.0, 0.001, 1.25, 3.0, 1.6875, 1.875, 0.1885, 0.8135]",1.566137561238815
