,labelled data,weights,regret
0,50,"[1.876, 18.042666666666662, 13.547619047619047, 10.001000000000001, 16.0, 30.001, 19.75, 34.958333333333336, 21.250999999999998, 38.023809523809526, 0.12004761904761907, 3.751]",0.12685012823760064
1,100,"[4.239095238095237, 41.37599999999999, 28.54761904761905, 15.001000000000001, 11.0, 70.001, 42.666666666666664, 64.95833333333334, 10.000999999999998, 44.107142857142854, 5.23909523809524, 0.5009999999999994]",0.11706219855589588
