,labelled data,weights,regret
0,50,"[11.0, 11.0, 11.0, 7.666666666666667, 11.0, 11.0, 16.0, 10.001, 9.333333333333334, 7.666666666666668, 14.333333333333332, 15.0]",0.4625777650461595
1,100,"[11.0, 11.0, 16.0, 11.0, 11.0, 11.0, 16.0, 10.001, 6.000000000000002, 6.0, 14.333333333333332, 16.0]",0.3988461291853795
