,weights,regret
0,"[3.1666666666666665, 2.5023809523809524, 0.26844186046511626, 2.5, 2.0, 0.0010000000000000009, 1.1634999999999998, 0.7374999999999998, 0.5833333333333335, 3.75, 1.25, 2.5]",13.901507811318895
