,labelled data,weights,regret
0,50,"[2.0, 2.0, 2.0, 3.666666666666667, 1.0, 2.0, 0.201, 2.501, 0.833333333333333, 1.75, 2.0, 1.2999999999999992]",1.0458681980573956
1,100,"[2.0, 2.0, 2.0, 4.666666666666666, 1.0, 2.0, 0.0010000000000000009, 2.501, 1.1666666666666663, 1.3499999999999999, 2.666666666666666, 0.501]",0.1422376627677708
