,weights,regret
0,"[2.1000000000000005, 1.3000000000000003, 1.2, 1.4000000000000001, 1.2, 1.1, 0.9999999999999998, 0.8, 2.1000000000000005, 1.8000000000000003, 1.6, 0.7999999999999993]",1.7915479701827552
