,labelled data,weights,regret
0,50,"[1.125, 0.8333333333333334, 1.0, 0.5, 1.0, 1.5, 1.5, 0.75, 0.5, 1.0, 1.125, 1.25]",4.677716877645463
1,100,"[1.125, 0.8333333333333334, 1.0, 0.5, 1.0, 1.5, 1.5, 0.75, 0.5, 1.0, 1.125, 1.25]",4.677716877645463
