,weights,regret
0,"[3.0, 1.501, 0.001, 6.0, 1.5, 2.001, 4.3759999999999994, 5.0, 0.6676666666666666, 6.011904761904762, 0.9176666666666666, 0.001]",0.15236707909621636
