,labelled data,weights,regret
0,50,"[0.6250000000000011, 1.4375, 1.586538461538461, 1.5, 0.5, 1.5, 2.1875, 1.875, 1.5, 0.251, 1.3125, 1.0625]",0.8845622785757629
1,100,"[0.9500000000000014, 1.0, 2.1057692307692304, 0.5, 1.5, 1.5, 2.9375, 1.9375, 1.375, 0.501, 1.875, 1.5]",5.490576895211899
