,labelled data,weights,regret
0,50,"[0.9600000000000007, 1.0624999999999998, 1.1326923076923072, 0.8, 1.0, 1.4000000000000004, 1.2374999999999996, 1.412499999999999, 1.0750000000000002, 0.9125000000000001, 0.9625000000000005, 0.8125000000000007]",4.636520723933569
1,100,"[0.9100000000000007, 1.1249999999999996, 1.2192307692307685, 0.7000000000000001, 1.1, 1.4000000000000004, 1.2749999999999995, 1.4874999999999987, 1.1, 0.9500000000000002, 0.7875000000000004, 0.7750000000000008]",4.6068817528705015
