,weights,regret
0,"[0.126, 5.0, 5.75, 0.7, 4.0, 3.0, 3.001, 8.501, 0.41766666666666663, 8.683928571428572, 4.333333333333334, 7.658333333333333]",0.7006768244604058
