,labelled data,weights,regret
0,50,"[0.5, 1.0, 1.25, 0.8333333333333333, 1.0, 1.0, 2.25, 1.5, 0.25000000000000006, 1.0843333333333334, 0.9166666666666669, 0.55]",0.4290597251622507
1,100,"[0.501, 1.0, 1.5, 0.3333333333333333, 1.0, 1.0, 2.25, 1.5, 0.25000000000000006, 1.3343333333333331, 0.9166666666666669, 0.6000000000000001]",0.5440276926288841
