,labelled data,weights,regret
0,50,"[0.9149999999999993, 0.9, 1.2115384615384608, 1.1, 0.6000000000000001, 1.3000000000000003, 1.2374999999999992, 1.4124999999999988, 1.1374999999999997, 0.6875000000000004, 1.0125, 0.8999999999999999]",8.26904120255007
1,100,"[0.7299999999999991, 1.2874999999999992, 1.2230769230769223, 0.6000000000000001, 1.1, 1.3000000000000003, 1.4874999999999985, 1.5374999999999983, 1.2249999999999994, 0.8500000000000006, 0.42500000000000043, 0.6000000000000005]",1.0405788463289738
