,weights,regret
0,"[16.0, 5.001, 11.0, 8.001000000000001, 11.0, 11.0, 18.5, 11.0, 14.333333333333332, 21.0, 9.333333333333334, 14.0]",6.37503609666617
