,labelled data,weights,regret
0,50,"[10.001, 111.0, 90.001, 40.001, 0.001, 111.0, 91.0, 71.0, 40.001000000000005, 0.001, 110.001, 10.001000000000005]",0.7885770806837972
1,100,"[0.0010000000000012221, 141.0, 150.001, 90.001, 20.000999999999998, 191.0, 101.0, 131.0, 60.001000000000005, 0.001, 220.001, 60.001000000000005]",0.43339033224138684
