,weights,regret
0,"[5.995833333333333, 0.676, 2.1636734180851827, 1.0, 1.501, 2.5, 4.475, 0.251, 0.7509999999999999, 3.4666666666666663, 4.825, 2.75]",0.48138537523292557
