,labelled data,weights,regret
0,50,"[0.001, 42.501, 18.5, 1.0, 15.001000000000001, 36.0, 14.75, 34.333333333333336, 19.75, 38.16766666666667, 0.9533809523809522, 0.001]",0.16063279516376183
1,100,"[6.459333333333333, 51.584333333333326, 28.5, 0.0010000000000012221, 25.001, 61.0, 33.25, 61.833333333333336, 4.376, 58.16766666666667, 1.4593333333333331, 1.6676666666666664]",0.1330455892181967
