,weights,regret
0,"[1.3000000000000003, 0.9, 0.8, 0.7500000000000001, 1.0, 1.0, 0.7000000000000001, 0.05100000000000002, 2.4000000000000012, 1.3833333333333335, 1.1, 0.5000000000000001]",0.29056654278214467
