,weights,regret
0,"[2.2499999999999996, 1.4166666666666672, 2.140217391304347, 0.5, 1.5, 1.5, 3.125, 1.625, 1.8125, 2.125, 1.8750000000000002, 1.375]",0.23730786563584863
