,labelled data,weights,regret
0,50,"[1.8010000000000002, 4.018867924528301, 5.166666666666666, 1.0806451612903227, 3.5, 3.0, 8.001, 6.0, 1.6676666666666664, 8.751, 6.0, 5.0009999999999994]",3.9411622086198412
1,100,"[4.200999999999999, 5.905660377358492, 7.250000000000001, 1.9677419354838719, 3.5, 3.0, 10.001, 6.0, 1.6676666666666664, 6.2509999999999994, 6.0, 6.0009999999999994]",3.151676609343129
