,labelled data,weights,regret
0,50,"[1.001, 6.0, 4.0, 0.001, 5.0, 1.0, 2.001, 5.0009999999999994, 1.001, 6.0009999999999994, 2.0, 1.001]",5.872956016254926
1,100,"[1.001, 9.0, 7.0, 0.001, 5.0, 3.0, 6.0009999999999994, 8.001, 0.001, 10.001, 4.0, 0.001]",0.744115344027714
