,labelled data,weights,regret
0,50,"[1.1, 1.1, 1.1, 1.2333333333333338, 1.0, 1.0, 0.07499999999999962, 1.0, 1.0500000000000003, 1.4166666666666663, 1.1, 1.06]",1.0593745247593953
1,100,"[1.1, 1.1, 1.1, 2.066666666666669, 1.0, 1.0, 0.001, 1.0, 1.0500000000000003, 0.7166666666666655, 1.1, 0.35999999999999943]",0.2488969654198728
