,labelled data,weights,regret
0,50,"[1.06, 1.169811320754717, 1.7083333333333346, 1.3387096774193545, 1.5500000000000005, 1.0, 2.6, 2.0, 1.0000000000000002, 0.126, 1.666666666666667, 1.6000000000000005]",11.93768759793447
1,100,"[1.1300000000000001, 1.150943396226415, 1.791666666666668, 1.6693548387096768, 1.5500000000000005, 1.0, 2.6, 2.0, 1.3333333333333337, 0.001, 1.666666666666667, 0.001]",3.0150445455223926
