,weights,regret
0,"[11.0, 11.0, 11.0, 17.666666666666664, 11.0, 11.0, 0.001, 5.001000000000001, 17.666666666666664, 12.501, 11.667666666666666, 21.0]",2.7239977096828496
