,labelled data,weights,regret
0,50,"[3.100000000000002, 2.5094339622641506, 2.666666666666666, 3.499999999999999, 2.0, 3.0, 2.001, 5.001, 10.999999999999998, 1.251, 3.334333333333333, 1.001]",17.063389230312538
1,100,"[4.300000000000002, 4.584905660377359, 5.583333333333333, 5.274193548387098, 3.0, 3.0, 8.001, 5.001, 6.0, 2.501, 5.0009999999999994, 0.001]",16.075243113551753
