,labelled data,weights,regret
0,50,"[1.501, 3.6000000000000023, 4.966666666666667, 2.0, 0.001, 4.0, 6.084333333333333, 4.5, 1.8343333333333334, 1.376, 5.0, 1.251]",0.7909619123217233
1,100,"[0.376, 5.400000000000005, 7.266666666666667, 1.0, 4.0009999999999994, 6.0, 9.584333333333333, 3.166666666666667, 4.0009999999999994, 0.251, 6.0, 2.251]",0.129955068802412
