,labelled data,weights,regret
0,50,"[1.75, 1.876, 8.019230769230765, 6.0, 6.0, 0.001, 5.375, 8.5, 6.625, 3.5, 1.0, 3.126]",7.233387837345077
1,100,"[1.0, 3.751, 9.846153846153848, 6.0, 6.0, 0.001, 7.25, 9.125, 7.25, 2.25, 1.251, 0.626]",7.577815449452495
