,weights,regret
0,"[11.0, 16.0, 11.0, 7.666666666666667, 13.334333333333333, 11.0, 7.0, 10.001000000000001, 7.666666666666668, 17.666666666666664, 11.0, 5.0]",76.79171966208224
