,labelled data,weights,regret
0,50,"[3.25, 1.8759999999999994, 6.288461538461533, 6.0, 6.0, 0.001, 7.875, 4.75, 6.0, 2.875, 4.125, 3.751]",36.90324729801516
1,100,"[3.5, 2.5009999999999994, 10.134615384615383, 6.0, 6.0, 0.001, 8.5, 5.375, 5.375, 3.751, 4.75, 4.3759999999999994]",32.76489168747977
