,weights,regret
0,"[1.0999999999999999, 0.6000000000000001, 0.9999999999999999, 2.700000000000001, 1.1, 0.7000000000000001, 0.101, 2.4000000000000012, 0.401, 2.7000000000000006, 1.4, 0.7010000000000003]",0.17193377102057075
