,weights,regret
0,"[5.001, 71.0, 26.0, 10.166666666666666, 31.0, 6.0, 18.750999999999998, 72.501, 5.417666666666667, 37.66666666666667, 31.0, 63.5]",0.7652386771146781
