,labelled data,weights,regret
0,50,"[1.3500000000000003, 0.376, 2.673076923076923, 3.0, 2.0, 0.001, 1.25, 1.876, 2.375, 0.875, 2.125, 0.625]",36.66636691250865
1,100,"[1.2500000000000004, 0.501, 3.4423076923076925, 3.0, 2.0, 0.001, 3.125, 1.251, 3.125, 0.001, 2.625, 1.251]",27.905160118236534
