,labelled data,weights,regret
0,50,"[41.0, 40.001000000000005, 76.0, 31.0, 21.0, 30.001, 56.0, 36.0, 26.0, 5.0009999999999994, 56.0, 1.0]",0.6408235961195389
1,100,"[1.0, 70.001, 76.0, 36.0, 26.0, 35.001000000000005, 76.0, 51.0, 41.0, 0.001, 66.0, 10.001000000000001]",2.2184803465335143
