,weights,regret
0,"[11.0, 10.001, 11.0, 4.333333333333334, 11.0, 11.0, 4.001, 11.0, 6.000000000000003, 9.75, 7.666666666666668, 26.0]",16.95658725544471
