,labelled data,weights,regret
0,50,"[6.0, 6.0, 6.0, 21.0, 6.2509999999999994, 11.0, 2.001, 22.500999999999998, 2.501, 11.0, 6.0, 0.001]",3.1691224935031364
1,100,"[6.0, 6.0, 6.0, 21.0, 5.341909090909091, 11.0, 4.0009999999999994, 22.500999999999998, 1.6676666666666664, 10.583333333333334, 11.0, 7.0009999999999994]",0.15212674917469438
