,labelled data,weights,regret
0,50,"[0.001, 50.83433333333333, 66.0, 0.001, 41.0, 61.0, 10.001, 73.5, 20.000999999999998, 33.822428571428574, 0.001, 0.001]",0.10744823886445008
1,100,"[0.001, 94.83433333333332, 66.0, 0.001, 71.0, 101.0, 73.66766666666666, 123.5, 15.000999999999998, 84.65576190476189, 0.001, 1.4295714285714283]",0.11771471517063195
