,labelled data,weights,regret
0,50,"[1.5, 1.5, 1.5, 1.6666666666666667, 1.0, 1.0, 0.875, 1.5, 1.166666666666667, 2.125, 1.5, 1.45]",1.792220112073723
1,100,"[1.5, 1.5, 1.5, 3.333333333333332, 1.0, 1.0, 0.125, 1.5, 1.0000000000000004, 0.5, 1.5, 0.7999999999999995]",0.1705726497673434
