,labelled data,weights,regret
0,50,"[1.5, 1.5, 1.5, 0.6666666666666666, 1.0, 1.0, 1.75, 1.5, 1.2500000000000002, 1.9166666666666663, 1.5, 1.5]",46.99194948710677
1,100,"[1.5, 1.5, 1.75, 0.5, 1.0, 1.0, 1.5, 1.5, 1.2500000000000002, 1.9999999999999996, 1.5, 1.55]",43.147422918224684
