,labelled data,weights,regret
0,50,"[11.0, 11.0, 11.0, 17.666666666666664, 10.001, 10.001, 6.0009999999999994, 10.001, 12.666666666666666, 17.666666666666664, 14.333333333333332, 11.001]",0.9421831524999071
1,100,"[11.0, 11.0, 11.0, 27.66666666666666, 4.445444444444442, 10.001, 14.000999999999998, 10.001, 9.333333333333334, 4.333333333333327, 24.333333333333336, 4.001000000000001]",0.2041047784563255
