,labelled data,weights,regret
0,50,"[0.9800000000000002, 0.9000000000000001, 1.1519230769230764, 1.3000000000000003, 0.6000000000000001, 1.2000000000000002, 1.0875, 1.1749999999999996, 1.1250000000000002, 0.85, 1.1249999999999998, 0.9999999999999999]",8.331028668787416
1,100,"[0.9450000000000002, 0.8750000000000002, 1.2346153846153838, 1.3000000000000003, 0.6000000000000001, 1.2000000000000002, 1.0375, 1.1999999999999995, 1.2, 0.7499999999999999, 1.1249999999999998, 1.0499999999999998]",5.014750059050821
