,weights,regret
0,"[11.0, 11.0, 11.0, 7.666666666666667, 4.333333333333333, 11.0, 8.5, 0.001, 12.666666666666666, 11.0, 11.0, 13.0]",5.901518998539389
