,labelled data,weights,regret
0,50,"[0.9, 1.0, 1.3000000000000003, 1.2000000000000002, 1.0, 1.0, 1.3000000000000003, 1.0, 0.7166666666666667, 0.8083333333333335, 1.0, 0.5666666666666667]",0.7672323053011486
1,100,"[1.2000000000000002, 1.3000000000000003, 1.7000000000000006, 0.7000000000000001, 1.0, 1.0, 1.7000000000000006, 1.0, 0.6166666666666666, 0.5250000000000001, 1.0, 0.04599999999999999]",0.5792596515011209
