,labelled data,weights,regret
0,50,"[0.6999999999999998, 3.001, 3.266666666666668, 0.001, 1.0, 2.001, 1.875, 3.75, 2.25, 0.5, 0.126, 0.16766666666666666]",0.13875782042726664
1,100,"[1.6000000000000008, 2.8343333333333325, 4.000000000000002, 0.001, 2.0, 2.001, 2.75, 3.75, 2.125, 1.25, 0.376, 1.0010000000000001]",0.36434462633059567
