,weights,regret
0,"[2.1, 0.7666666666666664, 1.8666666666666667, 1.5, 1.5, 0.5, 1.3125, 0.875, 2.25, 1.875, 1.625, 2.0999999999999996]",0.7335895801351242
