,labelled data,weights,regret
0,50,"[2.0, 6.0, 6.0, 10.0, 5.001, 7.0, 3.0009999999999994, 14.0, 6.001, 8.001000000000001, 7.0, 8.0]",16.761848612011217
1,100,"[5.0, 7.0, 7.0, 17.0, 5.001, 10.0, 1.001, 15.0, 5.001, 3.0010000000000003, 9.0, 0.001]",0.28765282326212227
