,labelled data,weights,regret
0,50,"[1.0079999999999993, 1.0150943396226422, 1.0041666666666667, 1.0056451612903223, 1.0, 1.0, 1.2200000000000002, 1.1, 0.9833333333333335, 1.0, 1.1, 1.11]",11.639292773466364
1,100,"[1.022999999999999, 1.0150943396226422, 1.0083333333333333, 1.02016129032258, 1.0, 1.0, 1.2400000000000002, 1.1, 0.9666666666666668, 1.0, 1.1, 1.08]",11.639292773466364
