,weights,regret
0,"[11.0, 6.0, 16.0, 41.0, 8.499999999999996, 22.500999999999998, 5.001, 0.001, 0.001, 4.471238095238094, 1.0, 36.0]",0.39454026052535046
