,labelled data,weights,regret
0,50,"[3.251, 16.0, 11.0, 2.9555454545454545, 6.0, 1.0, 6.0009999999999994, 7.5009999999999994, 1.0000000000000013, 17.666666666666664, 6.833333333333333, 4.0]",1.650509344986261
1,100,"[2.0009999999999994, 16.0, 11.0, 1.1373636363636361, 6.0, 6.0, 13.001, 10.001, 0.16666666666666807, 22.666666666666668, 7.666666666666666, 2.0]",1.383377679965219
