,labelled data,weights,regret
0,50,"[0.001, 15.001, 19.0, 1.001, 5.0009999999999994, 12.001, 13.0, 22.0, 11.001000000000001, 18.0, 0.001, 3.0010000000000003]",0.1263741605821628
1,100,"[3.0010000000000003, 23.000999999999998, 19.0, 0.001, 7.0009999999999994, 23.000999999999998, 20.0, 25.0, 5.001000000000001, 25.0, 0.001, 8.001000000000001]",0.13935678492201897
