,labelled data,weights,regret
0,50,"[0.5565555555555556, 15.584333333333333, 13.5, 1.0, 6.0, 10.001000000000001, 11.0, 12.25, 13.751, 11.0, 3.6438571428571445, 1.9176666666666664]",0.2134519259565463
1,100,"[5.556555555555556, 13.084333333333333, 13.5, 6.0, 6.0, 25.001, 14.5, 16.916666666666664, 1.2509999999999994, 16.0, 6.1438571428571445, 2.703380952380952]",3.616784498052579
