,labelled data,weights,regret
0,50,"[0.001, 8.0, 4.0009999999999994, 0.001, 2.0, 3.0, 3.5, 5.5009999999999994, 0.501, 9.501, 3.0, 2.501]",0.48543805123048567
1,100,"[1.3343333333333334, 12.0, 7.0009999999999994, 0.49440659340659343, 2.0, 3.0, 6.5, 8.501, 0.501, 10.501, 3.0, 2.9176666666666664]",0.4420767681787669
