,weights,regret
0,"[0.4999999999999999, 2.375, 3.066666666666668, 1.5, 1.5, 0.5, 1.375, 1.9375, 1.1875, 1.625, 0.0635, 1.3749999999999996]",1.289081255992675
