,labelled data,weights,regret
0,50,"[2.2926666666666664, 25.25, 15.001000000000001, 0.0010000000000012221, 25.001, 36.0, 20.001, 21.25, 15.417666666666666, 38.751000000000005, 2.9176666666666664, 4.834333333333333]",0.3141924381431597
1,100,"[3.5724285714285715, 36.083333333333336, 35.001000000000005, 0.0010000000000012221, 40.001000000000005, 46.0, 32.501000000000005, 42.5, 7.501000000000001, 39.167666666666676, 3.5724285714285715, 0.001]",0.18260762430120916
