,labelled data,weights,regret
0,50,"[11.833333333333332, 27.39385714285714, 21.0, 15.001000000000001, 5.001000000000001, 40.001000000000005, 56.45933333333333, 19.416666666666668, 3.7509999999999977, 2.5010000000000003, 25.541666666666668, 7.333333333333332]",0.7279681104367387
1,100,"[8.875999999999998, 42.643857142857144, 52.666666666666664, 15.001000000000001, 20.001, 65.001, 81.45933333333333, 46.083333333333336, 24.58433333333333, 6.501000000000001, 42.18452380952381, 21.334333333333333]",0.5000006199801925
