,weights,regret
0,"[4.0, 4.5, 3.583333333333333, 7.208333333333333, 2.0, 0.501, 0.5426666666666666, 4.2509999999999994, 9.0, 1.666666666666667, 0.001, 1.5426666666666666]",0.3079590968203725
