,labelled data,weights,regret
0,50,"[1.900000000000001, 4.018867924528301, 6.833333333333334, 1.3225806451612907, 4.0, 1.0, 13.0, 6.0, 1.6676666666666664, 12.501, 6.0, 4.0]",3.0762858325721023
1,100,"[4.1000000000000005, 4.584905660377359, 9.333333333333332, 2.2903225806451615, 4.5, 1.0, 13.0, 6.0, 3.334333333333333, 15.001, 7.666666666666666, 11.001000000000001]",11.388040409053744
