,weights,regret
0,"[0.996999999999999, 1.0150943396226422, 1.0, 1.0508064516128985, 1.0, 1.0, 1.2000000000000002, 1.1, 1.0000000000000002, 0.9625000000000001, 1.1, 1.1700000000000002]",1.1900784174880943
