,weights,regret
0,"[132.88095238095238, 1.7390952380952394, 65.90255496137848, 61.0, 71.0, 40.001, 64.33333333333334, 7.405761904761905, 97.66666666666666, 78.5, 39.88095238095241, 74.83433333333333]",0.20713391252410582
