,labelled data,weights,regret
0,50,"[1.4, 0.9166666666666671, 2.3666666666666667, 2.0, 1.5, 0.001, 1.375, 1.3125, 1.4375, 0.7010000000000001, 2.75, 1.875]",23.12308181056551
1,100,"[0.8500000000000005, 1.4166666666666672, 3.4, 2.0, 1.5, 0.001, 1.5625, 1.5, 1.3125, 0.251, 2.875, 1.5]",21.095987189227163
