,labelled data,weights,regret
0,50,"[1.751, 6.2509999999999994, 7.4423076923076925, 6.0, 6.0, 0.001, 7.5009999999999994, 11.251, 7.875, 3.5, 0.001, 3.126]",6.939678880421008
1,100,"[1.001, 7.5009999999999994, 13.403846153846152, 6.0, 6.0, 0.001, 11.251, 15.625999999999998, 5.375, 1.625, 2.501, 0.001]",7.7392107536834525
