,labelled data,weights,regret
0,50,"[1.1, 1.1, 1.1, 0.9, 1.0, 1.0, 2.100000000000001, 1.2000000000000002, 0.7000000000000001, 0.8452380952380955, 1.1, 0.7750000000000001]",0.31500954969609013
1,100,"[1.4000000000000004, 1.3000000000000003, 1.4000000000000004, 0.65, 1.0, 1.0, 2.200000000000001, 1.3000000000000003, 0.5, 0.6119047619047622, 1.1, 0.5750000000000002]",1.027053451610881
