,labelled data,weights,regret
0,50,"[0.96, 0.7999999999999999, 1.5633333333333317, 0.6000000000000001, 1.2000000000000002, 1.4000000000000004, 1.2999999999999994, 1.1250000000000004, 1.1375, 0.8999999999999998, 1.035, 0.8749999999999998]",11.637327715157051
1,100,"[0.8799999999999999, 0.8250000000000001, 1.8183333333333291, 0.5000000000000001, 1.3000000000000003, 1.4000000000000004, 1.2749999999999995, 1.1250000000000002, 1.1875, 0.8249999999999997, 0.9024999999999999, 0.8249999999999997]",9.758555908540334
