,weights,regret
0,"[1.460119047619048, 0.251, 1.4025974025974024, 2.5, 2.0, 0.501, 0.5426666666666667, 0.613095238095238, 0.5426666666666666, 4.0, 0.4819523809523809, 2.75]",0.21034932385667923
