,weights,regret
0,"[0.6000000000000001, 1.5000000000000004, 1.1, 1.5500000000000005, 1.2000000000000002, 0.7000000000000001, 0.4500000000000002, 1.5000000000000004, 0.7833333333333335, 1.4833333333333336, 1.1, 1.0366666666666668]",0.8370619831230679
