,labelled data,weights,regret
0,50,"[10.001000000000001, 2.5010000000000003, 10.001000000000001, 5.0009999999999994, 6.0, 6.0, 10.001000000000001, 6.0, 10.001, 7.9176666666666655, 10.001000000000001, 1.6676666666666664]",0.22563325347611693
1,100,"[10.001000000000001, 20.001, 10.001000000000001, 0.8343333333333329, 6.0, 6.0, 15.001000000000001, 6.0, 5.0009999999999994, 7.9176666666666655, 10.001000000000001, 0.001]",0.12122020466736978
