,weights,regret
0,"[11.0, 11.0, 11.0, 17.666666666666664, 11.0, 11.0, 2.501, 15.001000000000001, 22.666666666666668, 0.001, 5.0009999999999994, 24.0]",4.3175377696567345
