,labelled data,weights,regret
0,50,"[0.9999999999999998, 1.0, 2.1538461538461524, 2.0, 0.001, 2.001, 2.375, 2.625, 1.875, 0.125, 1.75, 0.625]",12.274377090850193
1,100,"[1.0499999999999998, 1.375, 2.749999999999997, 2.0, 0.001, 2.001, 3.0, 2.375, 1.0, 2.125, 0.75, 0.001]",9.16376237740647
