,weights,regret
0,"[0.001, 3.851, 4.0, 0.501, 6.0, 5.0009999999999994, 3.416666666666667, 6.5249999999999995, 1.501, 3.7083333333333335, 0.001, 1.6749999999999998]",1.0946286559760565
