,weights,regret
0,"[1.2, 1.5000000000000002, 1.8000000000000007, 2.800000000000001, 1.5000000000000004, 0.40000000000000013, 0.19999999999999962, 1.3000000000000003, 2.1000000000000005, 0.0010000000000000009, 1.7000000000000002, 0.8009999999999997]",2.511823898111312
