,weights,regret
0,"[1.0499999999999992, 0.7875000000000003, 0.8961538461538461, 0.5000000000000001, 1.2000000000000002, 1.1, 1.1000000000000005, 0.46250000000000047, 0.7875000000000001, 0.9625000000000001, 1.1875, 1.1374999999999995]",0.23954543474473428
