,labelled data,weights,regret
0,50,"[0.15576190476190477, 0.41766666666666663, 2.5, 1.001, 1.0, 2.501, 0.4583333333333335, 1.637904761904762, 3.25, 0.07242857142857143, 3.3, 0.9749999999999999]",2.960371503572143
1,100,"[3.2307619047619047, 0.13433333333333336, 4.166666666666666, 3.001, 0.001, 4.5009999999999994, 1.7226190476190477, 2.137904761904762, 0.16766666666666666, 1.826595238095238, 4.675, 0.9176666666666666]",0.4127299861945449
