,labelled data,weights,regret
0,50,"[4.001, 31.0, 21.0, 3.3343333333333334, 23.5, 10.001, 12.501000000000001, 35.001000000000005, 6.6676666666666655, 51.0, 21.0, 14.001]",0.4839175919895383
1,100,"[6.445444444444446, 31.0, 31.0, 6.6676666666666655, 23.5, 10.001, 32.501000000000005, 35.001000000000005, 2.501, 66.0, 21.0, 34.001]",0.5140870395697311
