,weights,regret
0,"[1.0449999999999977, 1.1792452830188698, 1.479166666666665, 0.9112903225806452, 1.025, 1.0, 2.2000000000000006, 1.5, 0.8333333333333337, 1.375, 1.5, 0.7499999999999992]",25.842961080296746
