,labelled data,weights,regret
0,50,"[11.0, 21.0, 21.0, 31.0, 11.0, 21.0, 31.0, 45.001000000000005, 8.334333333333333, 5.834333333333332, 31.0, 4.667666666666666]",0.3600000601749167
1,100,"[11.0, 31.0, 31.0, 61.0, 21.0, 21.0, 30.000999999999998, 55.001000000000005, 18.334333333333333, 16.250999999999998, 51.0, 2.5009999999999994]",0.2648662719217669
