,labelled data,weights,regret
0,50,"[101.0, 30.001, 151.0, 21.0, 21.0, 10.000999999999998, 61.0, 41.0, 101.0, 61.0, 61.0, 0.001]",13.643434194985698
1,100,"[0.0010000000000012221, 130.001, 151.0, 31.0, 31.0, 30.000999999999998, 61.0, 121.0, 121.0, 61.0, 30.000999999999998, 0.001]",1.8510885707606028
