,weights,regret
0,"[16.0, 11.0, 6.0, 7.666666666666667, 12.22322222222222, 10.001, 8.001, 10.001000000000001, 6.667666666666667, 31.000000000000007, 21.000000000000004, 23.0]",0.5561229008075651
