,labelled data,weights,regret
0,50,"[1.1758333333333337, 0.8569047619047621, 1.4332341723874908, 1.6000000000000005, 0.40000000000000013, 1.3000000000000003, 0.8136904761904762, 1.6000000000000003, 0.5700000000000002, 0.47083333333333344, 1.9058333333333342, 1.2750000000000001]",0.0025744962494005127
1,100,"[1.4291666666666671, 0.7435714285714287, 1.533234172387491, 1.5000000000000004, 0.40000000000000013, 1.5000000000000004, 0.9636904761904762, 1.6000000000000003, 0.12000000000000025, 0.7441666666666668, 1.830833333333334, 1.2083333333333335]",1.0535131067112544
