,labelled data,weights,regret
0,50,"[6.0, 16.0, 16.0, 36.0, 6.0, 16.0, 10.001000000000001, 30.001, 10.001000000000001, 5.001000000000001, 16.0, 0.001000000000000334]",0.26264420569201874
1,100,"[6.0, 26.0, 21.0, 61.0, 25.001, 31.0, 0.001, 35.001000000000005, 5.001000000000001, 10.001000000000001, 31.0, 0.001]",0.286283166780679
