,labelled data,weights,regret
0,50,"[0.5, 2.0, 2.0, 0.001, 1.0, 2.0, 0.25, 3.5, 0.001, 3.751, 1.5, 0.201]",3.9799389018596614
1,100,"[0.2867142857142857, 3.0, 3.0, 0.001, 1.0, 2.0, 1.375, 3.5, 1.001, 5.7509999999999994, 1.5, 0.401]",1.3832561653074218
