,weights,regret
0,"[1.1, 1.4000000000000004, 1.6000000000000005, 2.300000000000001, 1.0, 0.501, 0.30100000000000005, 0.7500000000000002, 1.5000000000000004, 0.4991666666666669, 1.1, 0.7000000000000002]",0.45719769926412174
