,weights,regret
0,"[1.249999999999995, 1.0660377358490571, 0.9791666666666665, 1.2137096774193554, 1.0, 1.0, 1.5, 1.5, 1.4166666666666667, 0.3135, 1.5, 0.20100000000000007]",2.8673830401015783
