,weights,regret
0,"[0.001, 2.300000000000001, 2.5, 1.8000000000000007, 1.5000000000000004, 1.8000000000000007, 1.6, 3.8000000000000016, 1.3000000000000003, 0.001, 2.600000000000001, 0.5010000000000001]",1.0759950123785333
