,weights,regret
0,"[2.700000000000001, 1.2000000000000002, 0.001, 3.1000000000000014, 1.0, 1.1, 2.600000000000001, 0.101, 3.800000000000002, 2.1000000000000005, 1.7000000000000002, 2.2]",1.812086121646018
