,labelled data,weights,regret
0,50,"[1.004, 1.0169811320754725, 1.0041666666666667, 1.0104838709677415, 1.0, 1.0, 1.2000000000000002, 1.1, 1.0000000000000002, 0.9750000000000001, 1.1, 1.12]",12.717901994932726
1,100,"[1.011, 1.0169811320754725, 1.0041666666666667, 1.0169354838709672, 1.0, 1.0, 1.2000000000000002, 1.1, 1.0000000000000002, 0.9750000000000001, 1.1, 1.11]",11.639292773466364
