,labelled data,weights,regret
0,50,"[11.0, 21.0, 11.0, 6.0, 10.001, 11.0, 25.001, 21.0, 5.001000000000001, 40.001000000000005, 11.0, 6.0009999999999994]",11.33801596704332
1,100,"[12.001000000000001, 41.0, 31.0, 11.334333333333333, 12.501, 11.0, 37.501000000000005, 21.0, 3.334333333333333, 60.001000000000005, 21.0, 22.000999999999998]",1.4479091065098144
