,labelled data,weights,regret
0,50,"[0.8999999999999999, 1.7000000000000004, 1.3000000000000003, 1.0999999999999999, 1.0, 1.1, 0.8999999999999997, 2.3000000000000007, 0.5999999999999998, 1.8000000000000005, 1.7000000000000002, 1.0999999999999992]",17.335130984161182
1,100,"[1.0999999999999999, 1.9000000000000006, 1.4000000000000004, 0.3999999999999999, 1.0, 1.1, 1.1999999999999997, 2.500000000000001, 0.7999999999999997, 2.1000000000000005, 1.7000000000000002, 0.8999999999999991]",13.222836676333582
