,labelled data,weights,regret
0,50,"[0.9287777777777778, 0.4214285714285715, 4.872727272727273, 6.0, 0.001, 4.0009999999999994, 0.001, 4.417666666666666, 5.0, 1.001, 6.333333333333333, 2.134333333333333]",0.478146008436432
1,100,"[5.403777777777777, 1.054761904761905, 5.872727272727273, 8.0, 0.001, 11.001, 3.9510000000000005, 7.4176666666666655, 0.001, 4.309333333333334, 9.783333333333333, 2.4319523809523806]",0.018066647461151806
