,labelled data,weights,regret
0,50,"[20.000999999999998, 41.0, 31.0, 0.001, 21.0, 1.0, 35.001000000000005, 46.0, 10.001000000000001, 75.001, 31.0, 0.001]",6.252429039663695
1,100,"[10.001, 81.0, 71.0, 18.286714285714286, 31.0, 10.000999999999998, 55.001000000000005, 66.0, 0.001, 105.001, 41.0, 40.001]",6.092540029957835
