,weights,regret
0,"[0.10100000000000002, 2.325000000000001, 3.2333333333333347, 0.001, 2.0, 1.5, 2.125, 2.4375, 2.25, 1.001, 0.0010000000000000009, 1.2999999999999994]",1.0228013550776218
