,weights,regret
0,"[1.5000000000000002, 1.4000000000000001, 1.7000000000000006, 2.600000000000001, 0.8, 1.2000000000000002, 0.8999999999999997, 0.001, 0.09999999999999959, 0.29999999999999977, 1.6, 2.3000000000000003]",1.0633536266808692
