,labelled data,weights,regret
0,50,"[2.0, 2.0, 2.0, 2.3333333333333335, 1.0, 1.0, 0.8009999999999999, 2.001, 1.6666666666666665, 3.333333333333332, 2.0, 0.4999999999999998]",251.75283783852555
1,100,"[2.0, 2.0, 2.0, 2.0, 1.0, 1.0, 1.001, 2.001, 1.4999999999999998, 3.4999999999999987, 2.0, 1.0999999999999999]",139.00259549297814
