,labelled data,weights,regret
0,50,"[0.73, 1.6900000000000006, 1.4333333333333338, 1.0, 0.6000000000000001, 1.7000000000000006, 1.4100000000000004, 2.000000000000001, 0.551, 1.6333333333333335, 0.4634523809523816, 0.4299999999999999]",0.1699659762960613
1,100,"[0.5991666666666665, 1.9966666666666673, 1.633333333333334, 0.9, 1.1, 2.300000000000001, 1.9600000000000009, 2.350000000000001, 0.4760000000000003, 2.5583333333333336, 0.1635714285714293, 0.001]",3.076570854796052
