,labelled data,weights,regret
0,50,"[31.0, 1.0, 31.0, 49.333333333333336, 11.0, 41.0, 22.501000000000005, 30.000999999999998, 0.001, 10.583333333333332, 39.333333333333336, 14.001]",1.1149425098929007
1,100,"[51.0, 11.0, 61.0, 34.333333333333336, 11.0, 41.0, 52.501000000000005, 30.000999999999998, 3.3343333333333334, 15.583333333333332, 39.333333333333336, 0.001]",0.7941436309587319
