,weights,regret
0,"[1.3000000000000003, 1.0, 0.001, 1.3000000000000003, 0.9, 1.0, 1.8000000000000007, 0.8, 1.201, 0.9009999999999999, 1.0010000000000001, 1.001]",1.3641743377544049
