,labelled data,weights,regret
0,50,"[2.0, 2.0, 3.0, 3.0, 1.0, 2.0, 0.401, 3.501, 0.0010000000000000009, 3.5, 2.0, 1.2]",313.447659997952
1,100,"[3.0, 3.0, 3.0, 1.0, 1.9782727272727274, 1.501, 2.4010000000000002, 5.5009999999999994, 1.6676666666666664, 6.0, 2.0, 0.6000000000000001]",50.29023348910534
