,labelled data,weights,regret
0,50,"[1.2999999999999998, 3.075471698113207, 3.499999999999999, 3.258064516129031, 1.0, 1.0, 15.0, 11.0, 11.0, 10.001, 11.0, 15.0]",7.830670349725022
1,100,"[0.001, 4.018867924528301, 8.916666666666666, 0.032258064516127005, 1.0, 1.0, 15.0, 11.0, 11.0, 10.001, 11.0, 10.0]",4.764370998454635
