,labelled data,weights,regret
0,50,"[0.7658333333333338, 1.5850000000000006, 1.3666666666666671, 0.6000000000000001, 0.8, 1.5000000000000004, 1.4333333333333338, 1.9916666666666676, 1.1500000000000001, 1.546666666666667, 0.2642857142857144, 0.8125]",0.15857669996569665
1,100,"[0.5253571428571433, 1.6766666666666674, 1.7166666666666675, 0.20000000000000015, 1.2000000000000002, 2.100000000000001, 1.7666666666666675, 2.491666666666668, 0.6625000000000003, 1.9466666666666672, 0.001, 0.2875000000000002]",0.14769945505457857
