,labelled data,weights,regret
0,50,"[10.785714285714278, 33.334333333333326, 54.33333333333333, 61.0, 0.001, 51.0, 55.16766666666666, 51.0, 35.001000000000005, 2.5010000000000003, 91.16666666666666, 5.001]",0.3710414630684022
1,100,"[14.11904761904761, 51.66766666666667, 66.33333333333333, 101.0, 20.000999999999998, 121.0, 81.83433333333332, 81.0, 23.334333333333333, 0.001, 137.5, 14.57242857142857]",0.3710414630684022
