,weights,regret
0,"[1.501, 0.5, 1.001, 4.808333333333333, 2.5, 1.5, 3.25, 6.5009999999999994, 1.501, 8.333333333333332, 3.5, 0.20100000000000007]",0.19638515334500548
