,weights,regret
0,"[2.75, 4.5, 2.0, 0.126, 1.5, 1.501, 1.0, 4.0, 0.5843333333333334, 3.126, 1.5, 0.5760000000000001]",0.27420697625873686
