,labelled data,weights,regret
0,50,"[1.608142857142857, 42.5, 57.691853038393084, 11.0, 20.000999999999998, 70.001, 50.66766666666667, 59.28671428571428, 17.501, 35.28671428571428, 3.274809523809524, 5.0009999999999994]",0.1668564021786927
1,100,"[0.001, 81.66666666666666, 88.18986891140896, 1.0, 30.000999999999998, 100.001, 59.09623809523811, 90.95338095238095, 28.750999999999998, 68.1200476190476, 8.13195238095238, 0.001]",0.11712462765817877
