,labelled data,weights,regret
0,50,"[1.002142857142857, 1.1219047619047622, 1.5150793650793655, 1.4000000000000004, 0.30000000000000016, 1.6000000000000005, 1.0186904761904765, 1.6666666666666672, 0.2666666666666669, 0.8385714285714285, 1.5225000000000004, 1.2000000000000002]",0.0025744962494005127
1,100,"[1.4329761904761906, 0.9452380952380955, 1.8400793650793659, 2.100000000000001, 0.101, 1.8000000000000007, 1.0686904761904767, 1.9666666666666675, 0.051000000000000004, 0.8985714285714288, 1.934166666666667, 1.3000000000000003]",0.0038326422254435937
