,labelled data,weights,regret
0,50,"[2.05, 0.4166666666666666, 2.9000000000000004, 0.5, 1.5, 1.5, 1.875, 2.375, 1.4375, 1.25, 2.375, 0.875]",6.472394565654194
1,100,"[2.3499999999999996, 0.49999999999999994, 3.533333333333333, 1.5, 0.001, 2.0, 2.5, 2.9375, 1.375, 1.2499999999999998, 2.875, 1.175]",0.006838390349668573
