,labelled data,weights,regret
0,50,"[8.5, 6.0009999999999994, 6.0, 1.0, 11.0, 5.001, 14.75, 1.876, 3.751, 11.0, 6.0, 6.0]",4.595677159498526
1,100,"[1.6845238095238093, 17.500999999999998, 11.0, 16.0, 1.0, 15.001000000000001, 12.25, 15.501, 12.917666666666666, 0.001, 17.25, 0.001]",0.7852578253756811
