,labelled data,weights,regret
0,50,"[6.0, 6.0, 6.0, 6.0, 1.0, 6.0, 3.001, 5.0009999999999994, 5.166666666666667, 10.999999999999998, 6.0, 1.0]",47.67729978932042
1,100,"[6.0, 8.5, 6.0, 6.0, 1.0, 6.0, 4.0009999999999994, 5.0009999999999994, 5.166666666666667, 9.333333333333332, 6.0, 1.5]",47.67752254226274
