,weights,regret
0,"[2.7285714285714286, 3.016666666666666, 2.25, 3.0, 3.0, 2.501, 2.0583333333333336, 4.125, 2.9999999999999996, 4.583333333333333, 1.0440476190476191, 1.7833333333333337]",1.041024025491667
