,weights,regret
0,"[71.0, 0.001000000000000334, 13.751000000000001, 12.917666666666669, 16.0, 8.5, 51.0, 12.501000000000001, 71.0, 21.541666666666668, 26.0, 41.0]",0.47172057704502457
