,labelled data,weights,regret
0,50,"[2.0, 2.0, 2.0, 2.666666666666667, 1.0, 1.0, 0.001, 3.001, 0.9999999999999997, 2.666666666666667, 2.0, 1.4999999999999998]",1.3280591217384987
1,100,"[2.0, 2.0, 2.5, 4.000000000000001, 2.0, 2.0, 0.801, 3.001, 1.4999999999999998, 1.8333333333333335, 2.666666666666666, 0.001]",0.18856240405248098
