,weights,regret
0,"[0.001000000000000334, 56.0, 21.0, 23.166666666666664, 26.0, 6.0, 11.0, 55.001, 8.751000000000001, 36.876000000000005, 21.0, 56.0]",0.2307746944346104
