,labelled data,weights,regret
0,50,"[9.5, 1.2510000000000003, 16.96153846153846, 11.0, 11.0, 0.001, 19.75, 9.75, 18.5, 9.75, 9.75, 12.25]",37.892701262453066
1,100,"[12.5, 1.2510000000000003, 32.34615384615383, 11.0, 11.0, 0.001, 22.25, 16.0, 23.5, 8.5, 13.5, 21.0]",29.162265736550953
