,weights,regret
0,"[0.001, 50.00099999999999, 41.0, 5.001000000000001, 45.001000000000005, 66.0, 41.251, 47.25, 36.251000000000005, 73.08333333333333, 0.001, 1.8760000000000003]",0.09607955748691903
