,labelled data,weights,regret
0,50,"[0.376, 1.0843333333333331, 2.553696741854637, 1.001, 1.0, 3.0, 1.8343333333333334, 1.9218333333333333, 0.7509999999999999, 0.301, 3.7375, 0.4676666666666667]",0.36709518186847073
1,100,"[1.3765952380952382, 2.709333333333333, 3.678696741854637, 2.001, 0.501, 6.5, 2.7676666666666665, 3.9218333333333333, 0.001, 0.901, 6.292261904761904, 2.5926666666666662]",1.0561341452773214
