,weights,regret
0,"[0.001, 2.600000000000001, 2.6, 1.0, 1.3000000000000003, 1.6000000000000005, 2.900000000000001, 1.9000000000000012, 1.9000000000000001, 0.40000000000000113, 0.501, 2.500000000000001]",0.5438776361088449
