,weights,regret
0,"[4.69781746031746, 2.1166666666666667, 2.0476190476190474, 0.5009999999999999, 3.5, 3.0, 4.75, 1.683928571428571, 0.9333333333333336, 3.1208333333333336, 2.367857142857143, 2.791666666666667]",0.282793283355659
