,weights,regret
0,"[0.30000000000000004, 1.4000000000000004, 2.400000000000001, 1.5000000000000004, 1.0, 1.1, 1.3, 1.0999999999999996, 0.4999999999999998, 1.3999999999999997, 1.6, 2.6000000000000005]",0.6738978569723503
