,weights,regret
0,"[0.8343333333333334, 6.5, 2.0, 3.9999999999999996, 2.0, 1.001, 1.001, 6.0, 1.9176666666666664, 5.666666666666667, 3.0, 4.151]",0.8524321749533785
