,weights,regret
0,"[2.0, 1.1666666666666665, 1.5333333333333363, 2.0, 1.5, 0.001, 2.0625, 0.75, 1.875, 1.0, 2.875, 1.4500000000000006]",1.0286684292870523
