,labelled data,weights,regret
0,50,"[1.1, 1.1, 1.1, 0.9666666666666666, 1.0, 1.0, 1.5249999999999986, 1.0, 1.0833333333333335, 0.725, 1.1, 1.11]",0.7126465495195433
1,100,"[1.1, 1.1, 1.1, 0.7333333333333333, 1.0, 1.0, 1.674999999999998, 1.0, 1.0500000000000003, 0.775, 1.1, 1.11]",0.8011609904122086
