,weights,regret
0,"[6.0, 11.0, 16.0, 31.0, 16.0, 2.501, 5.834333333333333, 32.501, 21.0, 0.8343333333333334, 11.0, 18.667666666666666]",3.340146062739098
