,weights,regret
0,"[1.8000000000000007, 0.401, 0.001, 1.2650000000000012, 1.0, 1.0, 1.5000000000000004, 0.001, 5.099999999999999, 1.4833333333333336, 1.1, 0.35]",0.1535007825508847
