,labelled data,weights,regret
0,50,"[0.001, 90.001, 191.0, 10.001, 40.001, 110.001, 131.0, 161.0, 110.001, 151.0, 0.001, 40.001000000000005]",0.12845737544185096
1,100,"[50.001000000000005, 220.001, 161.0, 10.001, 60.001, 250.001, 141.0, 221.0, 90.001, 261.0, 0.001, 50.001000000000005]",0.15139598410800645
