,weights,regret
0,"[0.9700000000000006, 0.9874999999999996, 1.20576923076923, 0.7000000000000001, 1.2000000000000002, 1.3000000000000003, 1.1874999999999996, 1.2874999999999994, 1.0625000000000002, 1.15, 0.7125000000000007, 0.9125000000000005]",1.5743038733839154
