,weights,regret
0,"[1.3010000000000002, 2.6000000000000005, 3.1000000000000005, 0.601, 1.1, 3.200000000000002, 2.700000000000001, 3.5000000000000013, 0.7000000000000002, 3.3000000000000016, 0.6010000000000001, 0.30100000000000016]",3.527604629825047
