,labelled data,weights,regret
0,50,"[2.0259999999999994, 4.5009999999999994, 7.9, 6.0, 2.0009999999999994, 7.0, 7.625, 7.266666666666667, 4.0009999999999994, 0.251, 12.891666666666666, 0.501]",0.3710414630684022
1,100,"[1.5617142857142856, 8.167666666666666, 10.15, 8.0, 0.001, 16.0, 11.208333333333334, 9.266666666666666, 1.6843333333333326, 0.6676666666666666, 17.201190476190476, 3.084333333333333]",0.3710414630684022
