,labelled data,weights,regret
0,50,"[1.900000000000001, 2.6981132075471694, 3.9166666666666656, 0.27419354838709686, 1.0, 1.0, 15.0, 16.0, 4.333333333333336, 11.251, 11.0, 4.0]",4.264747814099413
1,100,"[0.6000000000000006, 3.8301886792452824, 5.166666666666666, 0.48487096774193544, 2.0, 1.0, 15.0, 16.0, 4.333333333333336, 15.001, 11.0, 4.0]",4.097020725715864
