,labelled data,weights,regret
0,50,"[45.476190476190474, 5.001, 35.0, 40.001, 0.001, 60.001, 32.0, 51.001000000000005, 0.001, 36.893857142857144, 43.5, 20.000999999999998]",1.4034614297206007
1,100,"[86.41666666666666, 8.834333333333328, 85.0, 90.001, 20.000999999999998, 90.001, 58.33333333333334, 71.001, 2.5010000000000003, 39.41766666666667, 70.97619047619047, 37.00099999999999]",0.01575807417348399
