,weights,regret
0,"[5.0, 0.5009999999999999, 0.001, 3.5843333333333334, 1.5, 1.5, 1.875, 0.001, 14.833333333333334, 4.333333333333334, 1.001, 4.2843333333333335]",0.3170699281724637
