,weights,regret
0,"[1.0279999999999987, 1.0037735849056606, 0.9958333333333333, 1.0629032258064472, 1.0, 1.0, 1.06, 1.0, 0.8499999999999998, 0.9875, 1.0, 0.95]",236.8027301422923
