,labelled data,weights,regret
0,50,"[6.25, 0.6259999999999999, 8.692307692307693, 6.0, 6.0, 0.001, 9.125, 6.8759999999999994, 9.125, 3.7509999999999994, 10.375, 6.625]",38.49684873841512
1,100,"[3.5, 1.251, 15.807692307692308, 6.0, 6.0, 0.001, 14.75, 10.001, 13.5, 4.3759999999999994, 11.0, 5.375]",29.11475087285343
