,labelled data,weights,regret
0,50,"[1.500000000000001, 1.660377358490566, 3.500000000000001, 0.8387096774193546, 1.0, 1.0, 9.0, 6.0, 2.666666666666668, 2.25, 6.0, 1.5]",3.561969215604679
1,100,"[2.3000000000000007, 2.3207547169811327, 3.916666666666668, 0.03225806451612884, 2.75, 1.0, 9.0, 6.0, 2.666666666666668, 2.875, 6.0, 0.001]",2.861962864701639
