,labelled data,weights,regret
0,50,"[21.0, 21.0, 31.0, 20.000999999999998, 11.0, 11.0, 21.0, 30.000999999999998, 1.0, 26.0, 31.0, 10.001]",40.21854301187396
1,100,"[0.001, 91.0, 61.0, 0.001, 31.0, 11.0, 41.0, 60.001, 0.0010000000000012221, 116.0, 31.0, 53.33433333333333]",2.5876241807070595
