,labelled data,weights,regret
0,50,"[1.1, 1.0, 1.1, 1.2500000000000002, 1.0, 1.2000000000000002, 0.22500000000000017, 1.6000000000000005, 0.1500000000000002, 1.2250000000000003, 1.0, 0.7333333333333335]",12.335939431224011
1,100,"[1.2000000000000002, 0.101, 1.1, 2.200000000000001, 0.9, 1.3000000000000003, 0.101, 1.6000000000000005, 0.08433333333333337, 0.8916666666666667, 1.0, 0.37500000000000033]",0.25906840169390283
