,weights,regret
0,"[0.9100000000000008, 1.2374999999999994, 1.0115384615384615, 0.6000000000000001, 1.2000000000000002, 1.3000000000000003, 1.2124999999999995, 1.4124999999999985, 1.0000000000000004, 1.1375, 0.6500000000000002, 0.7250000000000006]",0.5810759874348392
