,labelled data,weights,regret
0,50,"[0.001, 56.0, 36.0, 0.001, 1.0, 1.0, 30.001, 45.001000000000005, 11.0, 51.0, 31.0, 16.0]",1.271625150203568
1,100,"[5.000999999999998, 66.0, 41.0, 0.001, 21.0, 6.0, 35.001000000000005, 50.001000000000005, 0.001, 61.0, 41.0, 0.001]",1.3541894338365823
