,labelled data,weights,regret
0,50,"[1.3, 1.7547169811320753, 1.833333333333333, 1.6451612903225803, 1.0, 3.0, 15.0, 11.0, 6.000000000000002, 1.0, 11.0, 10.0]",59.60535887486566
1,100,"[1.3, 1.7547169811320753, 1.833333333333333, 1.8064516129032253, 1.0, 3.0, 15.0, 11.0, 6.000000000000002, 1.0, 11.0, 10.0]",59.60535887486566
