,weights,regret
0,"[1.1585396825396828, 2.326190476190476, 2.5, 0.001, 3.0, 2.5, 1.875, 2.164285714285714, 1.5843333333333334, 2.083333333333333, 1.4617142857142855, 1.6833333333333336]",1.728430377917285
