,weights,regret
0,"[0.001, 4.6259999999999994, 3.7916666666666665, 2.001, 3.5, 7.5009999999999994, 3.1000000000000005, 5.083333333333334, 2.4176666666666664, 6.591666666666667, 0.001, 0.7010000000000001]",0.06792780237707154
