,labelled data,weights,regret
0,50,"[0.001, 6.0, 5.0, 0.30099999999999993, 2.0, 1.0, 5.0009999999999994, 6.0009999999999994, 0.001, 4.857142857142858, 3.0, 0.33433333333333337]",1.5546074053835797
1,100,"[2.001, 7.0, 9.0, 0.001, 2.0, 2.0, 8.001, 6.0009999999999994, 1.1676666666666666, 11.857142857142858, 4.0, 3.3343333333333334]",1.4674012847345668
