,weights,regret
0,"[0.3010000000000001, 1.7999999999999996, 2.201, 0.20000000000000015, 2.200000000000001, 2.5000000000000013, 1.5, 1.8, 1.0000000000000007, 3.800000000000002, 0.0010000000000000009, 0.7999999999999992]",0.09218766318779456
