,labelled data,weights,regret
0,50,"[0.001, 120.001, 71.0, 20.000999999999998, 31.0, 91.0, 81.0, 120.001, 30.001, 91.0, 0.001, 20.001]",0.11755468659528323
1,100,"[0.001, 200.001, 71.0, 30.000999999999998, 61.0, 151.0, 111.0, 170.001, 70.001, 201.0, 20.000999999999998, 0.001]",0.1314855792812403
