,labelled data,weights,regret
0,50,"[0.20099999999999998, 2.100000000000001, 0.8999999999999998, 1.5000000000000004, 0.30000000000000016, 1.8000000000000007, 1.2999999999999998, 1.7000000000000002, 0.20100000000000015, 0.401, 2.4000000000000004, 0.2999999999999999]",0.5519993854788655
1,100,"[0.201, 2.5000000000000013, 1.7999999999999998, 1.9000000000000008, 0.6000000000000001, 2.5000000000000013, 1.5000000000000004, 1.5000000000000002, 0.20099999999999996, 0.201, 3.2000000000000006, 0.40000000000000013]",0.383335372393904
