,labelled data,weights,regret
0,50,"[0.10099999999999998, 7.0377358490566095, 10.58333333333333, 1.4838709677419348, 9.0, 5.0, 18.000999999999998, 11.0, 0.001, 6.2509999999999994, 7.666666666666666, 24.000999999999998]",5.487031615013384
1,100,"[4.601000000000002, 7.415094339622648, 13.08333333333333, 4.387096774193548, 9.0, 5.0, 22.000999999999998, 11.0, 6.667666666666667, 11.250999999999998, 9.333333333333332, 15.000999999999998]",3.236632309542567
