,labelled data,weights,regret
0,50,"[9.495047619047622, 25.167666666666673, 23.5, 5.001000000000001, 11.0, 31.0, 22.292666666666666, 13.458333333333334, 5.626000000000001, 2.5009999999999994, 49.5, 13.751]",0.29037694880850656
1,100,"[3.120047619047619, 38.83433333333335, 37.25, 25.001, 11.0, 56.0, 58.54266666666666, 20.958333333333336, 5.417666666666667, 0.001, 67.5952380952381, 15.667666666666666]",0.0729094355615276
