,labelled data,weights,regret
0,50,"[2.0, 4.0, 1.0, 3.0, 2.0, 0.501, 1.401, 2.001, 0.001, 3.75, 2.0, 0.30100000000000005]",126.70632155097454
1,100,"[2.0, 4.0, 1.0, 3.0, 2.0, 0.501, 1.401, 2.001, 0.001, 3.75, 2.0, 0.30100000000000005]",186.43667468006657
