,weights,regret
0,"[1.3, 1.9999999999999998, 2.4, 1.4000000000000004, 1.6000000000000005, 1.4000000000000004, 1.100000000000001, 2.900000000000001, 2.2000000000000006, 3.600000000000001, 0.601, 0.6010000000000001]",0.56877513451168
