,weights,regret
0,"[5.0, 0.8999999999999996, 1.0000000000000013, 2.7000000000000015, 2.300000000000001, 0.30100000000000005, 0.5010000000000001, 1.1000000000000008, 2.7000000000000006, 4.100000000000001, 1.4, 2.1999999999999997]",0.6548316246472504
