,weights,regret
0,"[1.2, 1.4000000000000004, 1.6, 3.1000000000000014, 1.2000000000000002, 0.6000000000000001, 0.5009999999999999, 0.8, 2.400000000000001, 0.001, 1.5, 0.6999999999999998]",0.4795028721697138
