,weights,regret
0,"[1.0, 1.0, 2.0, 4.0, 1.5833333333333333, 2.0, 0.201, 0.001, 0.3343333333333333, 0.36666666666666675, 0.75, 3.75]",0.40670328531653455
