,weights,regret
0,"[0.151, 1.6875, 1.6826923076923077, 1.5, 2.0, 0.001, 1.125, 2.5625, 0.5, 2.6875, 0.4385, 0.4375]",0.22992061282385473
