,labelled data,weights,regret
0,50,"[6.0, 6.0, 6.0, 4.333333333333334, 1.0, 6.0, 8.5, 0.001, 5.166666666666667, 4.333333333333334, 6.0, 7.5]",1.4401986563495452
1,100,"[6.0, 6.0, 6.0, 4.333333333333334, 1.0, 6.0, 8.5, 0.001, 5.166666666666667, 4.333333333333334, 6.0, 8.0]",1.7368416830616964
