,weights,regret
0,"[6.0, 16.0, 11.0, 31.0, 15.001000000000001, 7.5009999999999994, 16.250999999999998, 40.001, 21.0, 6.459333333333333, 8.334333333333333, 18.66766666666667]",4.923992662926854
