,weights,regret
0,"[2.400000000000001, 0.8999999999999999, 0.001, 2.500000000000001, 0.8, 1.3000000000000003, 3.800000000000002, 0.401, 4.000000000000002, 2.1, 1.9000000000000004, 2.1]",1.2127552937437618
