,labelled data,weights,regret
0,50,"[11.0, 11.0, 11.0, 41.0, 1.0, 21.0, 10.001000000000001, 45.001000000000005, 10.000999999999998, 22.500999999999998, 21.0, 20.000999999999998]",0.7286425519839462
1,100,"[11.0, 11.0, 11.0, 66.0, 0.001, 21.0, 2.501, 45.001000000000005, 7.501, 30.000999999999998, 31.0, 7.500999999999998]",0.6117794334004018
