,weights,regret
0,"[0.22727272727272713, 1.25, 2.0666666666666673, 1.5, 1.0, 0.001, 0.6875, 1.4375, 0.9375, 2.0, 0.0010000000000000009, 0.7000000000000001]",0.8293808046222573
