,weights,regret
0,"[8.729166666666668, 0.126, 3.505560776942356, 2.5, 3.5, 3.501, 5.5, 0.1885, 7.5, 4.333333333333334, 3.9761904761904763, 2.7926666666666664]",0.1893402992605913
