,weights,regret
0,"[1.8500000000000003, 1.0, 1.7666666666666697, 1.5, 1.5, 0.5, 1.9375, 0.9375, 1.875, 1.375, 2.25, 1.35]",1.0384780825828022
