,weights,regret
0,"[21.0, 11.0, 11.0, 0.0010000000000012221, 20.000999999999998, 11.0, 16.0, 10.001, 8.334333333333335, 11.251000000000001, 19.333333333333336, 30.0]",3.460008364356283
