,weights,regret
0,"[1.1509920634920634, 3.417666666666666, 4.125, 7.5009999999999994, 8.0, 0.0010000000000000009, 1.9218333333333333, 2.541666666666667, 8.75, 0.251, 0.001, 0.001]",0.2869806936018079
