,weights,regret
0,"[5.0, 0.001, 0.7, 0.8, 1.3000000000000003, 0.9009999999999999, 2.3000000000000003, 0.001, 4.100000000000001, 2.0, 3.3, 2.7]",0.0908839387855329
