,labelled data,weights,regret
0,50,"[16.0, 21.0, 21.0, 5.0009999999999994, 6.0, 1.0, 26.0, 0.001, 2.501, 3.751, 16.0, 16.0]",1.5732306399708826
1,100,"[16.0, 26.0, 26.0, 4.167666666666666, 6.0, 1.0, 26.0, 0.001, 2.501, 0.3343333333333338, 16.0, 16.0]",0.6394145128834037
