,labelled data,weights,regret
0,50,"[9.0, 8.001, 21.0, 11.0, 0.001, 11.0, 11.0, 13.5, 12.25, 6.2509999999999994, 13.5, 3.5]",0.01959970544136432
1,100,"[11.0, 8.001, 23.666666666666668, 11.0, 0.001, 11.0, 9.75, 12.25, 16.0, 7.5009999999999994, 16.0, 8.5]",0.007270230580614366
