,labelled data,weights,regret
0,50,"[11.0, 21.0, 21.0, 36.0, 10.001, 11.0, 2.501, 10.001, 0.001, 0.0010000000000012221, 11.0, 3.0]",0.3681059927446664
1,100,"[11.0, 21.0, 21.0, 36.0, 0.001, 11.0, 10.000999999999998, 10.001, 6.6676666666666655, 20.334333333333333, 21.0, 3.334333333333333]",0.02495060491351674
