,weights,regret
0,"[1.5, 3.0, 0.501, 6.708333333333333, 1.0, 1.001, 2.0, 6.7509999999999994, 1.3343333333333331, 4.5, 2.0, 2.001]",0.7723549530107651
