,labelled data,weights,regret
0,50,"[0.7999999999999998, 1.0, 2.057692307692307, 1.001, 0.001, 3.0, 2.0, 1.5, 0.751, 1.375, 0.5, 0.0010000000000000009]",7.482629188018932
1,100,"[0.8999999999999999, 1.125, 2.403846153846152, 0.001, 1.001, 3.0, 2.125, 1.875, 0.626, 1.875, 0.751, 0.251]",4.1141492751669535
