,weights,regret
0,"[41.214285714285715, 20.858142857142855, 54.75000000000001, 66.0, 61.0, 0.001, 5.4176666666666655, 4.167666666666667, 5.166666666666664, 101.0, 9.167666666666666, 37.501]",0.14848975134686845
