,labelled data,weights,regret
0,50,"[2.001, 4.0009999999999994, 8.0, 1.001, 2.0, 6.0, 6.0009999999999994, 3.001, 1.001, 1.501, 7.5, 1.501]",0.6082645677230222
1,100,"[0.001, 8.501, 8.5, 5.5009999999999994, 1.501, 9.5, 8.001, 4.0009999999999994, 2.501, 0.001, 12.5, 2.001]",0.4393956629218398
