,labelled data,weights,regret
0,50,"[1.1800000000000002, 1.3773584905660377, 1.625000000000001, 1.193548387096774, 1.6000000000000005, 1.0, 2.8000000000000003, 2.0, 0.8333333333333334, 1.751, 1.666666666666667, 2.200000000000001]",13.455505008524383
1,100,"[1.4000000000000004, 1.3962264150943395, 1.7500000000000013, 1.2096774193548385, 1.6500000000000006, 1.0, 2.8000000000000003, 2.0, 0.8333333333333334, 3.376, 1.666666666666667, 2.0000000000000004]",5.098485690459932
