,labelled data,weights,regret
0,50,"[1.1, 1.1, 1.6000000000000005, 1.2000000000000002, 1.0, 1.0, 1.6000000000000005, 0.7999999999999999, 0.6833333333333333, 0.36166666666666686, 1.2000000000000002, 1.4000000000000004]",1.5212432202882706
1,100,"[1.1, 1.1, 1.7000000000000006, 1.0, 1.0, 1.0, 1.8000000000000007, 0.8999999999999999, 0.5833333333333334, 0.5116666666666668, 1.2000000000000002, 1.3000000000000003]",3.8482485783477256
