,labelled data,weights,regret
0,50,"[17.500999999999998, 19.666666666666664, 17.36942105263158, 0.001, 10.000999999999998, 20.000999999999998, 32.501000000000005, 19.834333333333333, 3.3343333333333334, 33.42957142857143, 8.667666666666666, 15.001]",9.982918899228727
1,100,"[2.728272727272727, 40.5, 25.36942105263158, 0.001, 20.000999999999998, 20.000999999999998, 32.501000000000005, 34.83433333333333, 18.501, 33.42957142857143, 12.120047619047618, 0.001]",0.20373241349401436
