,weights,regret
0,"[4.0783809523809555, 34.52480952380952, 0.001, 30.001, 6.0, 56.0, 29.86904761904762, 44.75, 10.001000000000001, 0.001, 57.333333333333336, 6.6676666666666655]",1.1016876232415385
