,weights,regret
0,"[3.0, 1.5, 0.001, 9.35, 2.0, 2.0, 3.4, 0.251, 10.916666666666668, 3.8291666666666675, 5.0, 9.733333333333334]",1.0478544500006024
