,labelled data,weights,regret
0,50,"[15.001000000000001, 17.500999999999998, 10.001000000000001, 10.001, 6.0, 6.0, 12.501000000000001, 16.0, 7.5009999999999994, 6.0, 10.001000000000001, 4.0009999999999994]",66.96628036571106
1,100,"[2.1438571428571436, 45.001, 20.001, 2.858142857142858, 6.0, 6.0, 33.751000000000005, 16.0, 12.501, 31.0, 10.001000000000001, 14.001]",1.1763919873865731
