,labelled data,weights,regret
0,50,"[0.001, 19.750999999999998, 11.0, 0.001, 15.001000000000001, 21.0, 13.33433333333333, 26.0, 15.001, 16.875999999999998, 0.001, 1.4295714285714283]",0.12846855492048884
1,100,"[4.167666666666667, 24.084333333333323, 21.0, 0.0010000000000012221, 20.001, 26.0, 22.500999999999994, 28.5, 17.500999999999998, 29.375999999999998, 0.626, 2.5010000000000003]",0.120890902568013
