,labelled data,weights,regret
0,50,"[1.1, 1.2000000000000002, 1.1, 1.2000000000000002, 1.0, 1.0, 1.7000000000000006, 1.2000000000000002, 0.9, 0.7500000000000003, 1.1, 0.3750000000000001]",0.6911814442041666
1,100,"[1.3000000000000003, 1.4000000000000004, 1.8000000000000007, 0.75, 1.0, 1.0, 1.7000000000000006, 1.3000000000000003, 0.8, 0.6500000000000004, 1.1, 0.0010000000000000009]",0.42419350249577703
