,labelled data,weights,regret
0,50,"[1.2999999999999998, 1.125, 2.0769230769230753, 3.0, 2.0, 0.001, 2.5, 1.25, 2.25, 0.376, 2.5, 0.75]",34.41182492288725
1,100,"[1.1999999999999997, 0.75, 3.249999999999996, 3.0, 2.0, 0.001, 2.5, 1.75, 2.125, 0.876, 2.125, 1.125]",29.521315486565754
