,weights,regret
0,"[11.0, 11.0, 11.0, 11.0, 10.001, 10.001, 4.001, 10.001000000000001, 1.0000000000000027, 22.666666666666668, 9.333333333333334, 15.0]",0.4173362924853171
