,labelled data,weights,regret
0,50,"[20.000999999999998, 20.000999999999998, 20.000999999999998, 60.001000000000005, 11.0, 41.0, 0.001, 61.0, 10.001, 1.0, 30.000999999999998, 20.000999999999998]",0.590372654990354
1,100,"[10.000999999999998, 40.001, 40.001, 80.001, 0.001, 51.0, 10.001, 71.0, 10.001, 11.0, 40.001, 10.001]",0.2357123948683472
