,labelled data,weights,regret
0,50,"[1.1, 1.1, 1.2000000000000002, 1.3000000000000003, 1.0, 1.2000000000000002, 0.5000000000000001, 1.7000000000000006, 0.40000000000000013, 1.1166666666666667, 1.1, 0.3000000000000001]",0.6100948934700436
1,100,"[1.1, 1.2000000000000002, 1.2000000000000002, 1.8000000000000007, 1.0, 1.2000000000000002, 0.2500000000000002, 1.7000000000000006, 0.20000000000000015, 0.30059523809523786, 1.1, 0.06666666666666671]",0.24420042982735343
