,weights,regret
0,"[6.141666666666667, 3.6664761904761902, 0.2692926829268293, 3.501, 0.001, 4.0, 1.6148809523809522, 0.9833333333333332, 0.4676666666666668, 2.9166666666666665, 4.625, 4.8]",0.15318531140661315
