,weights,regret
0,"[11.0, 11.0, 11.0, 34.33333333333333, 11.0, 11.0, 1.0, 10.001, 19.333333333333332, 1.2510000000000003, 10.001000000000001, 18.0]",4.26390437472955
