,labelled data,weights,regret
0,50,"[1.5, 4.5009999999999994, 11.5, 4.5, 0.001, 4.5, 5.5, 5.0, 5.0, 0.001, 6.0, 0.001]",0.6933595064485935
1,100,"[1.0, 6.5009999999999994, 11.5, 6.0, 1.001, 5.5, 4.5, 6.5, 7.0, 0.001, 8.5, 2.501]",0.7072414894484059
