,weights,regret
0,"[5.375, 2.8426666666666662, 0.001, 3.5, 0.001, 5.0, 0.49999999999999944, 0.5634999999999999, 0.20933333333333337, 3.3750000000000004, 2.8958333333333335, 4.85]",0.12170562064103174
