,labelled data,weights,regret
0,50,"[6.0, 6.0, 6.0, 4.333333333333334, 1.0, 6.0, 9.75, 5.0009999999999994, 5.166666666666667, 6.0, 6.0, 5.0]",1.109169893666832
1,100,"[6.0, 6.0, 6.0, 6.0, 6.0, 6.0, 11.0, 5.0009999999999994, 2.666666666666668, 6.0, 6.833333333333333, 5.5]",0.833413556055366
