,weights,regret
0,"[0.6646904761904759, 4.517666666666667, 4.783333333333333, 1.501, 4.5009999999999994, 5.5, 6.35, 4.75, 2.0718333333333327, 6.399999999999999, 1.1813571428571426, 2.844642857142858]",0.9912155919567157
