,weights,regret
0,"[0.001, 55.001000000000005, 25.001, 4.751000000000001, 31.0, 10.001000000000001, 15.001000000000001, 70.001, 8.334333333333333, 10.001000000000001, 12.501000000000001, 59.501000000000005]",0.2720021437561252
