,weights,regret
0,"[1.0289999999999984, 0.9867924528301886, 0.9958333333333333, 1.066935483870963, 1.0, 1.0, 1.04, 1.1, 1.133333333333333, 1.0499999999999998, 1.1, 1.05]",2.1735903368247467
