,labelled data,weights,regret
0,50,"[1.0, 21.0, 11.0, 6.0, 11.0, 11.0, 13.0, 15.001000000000001, 1.0, 29.333333333333336, 21.0, 16.0]",62.43724969405475
1,100,"[9.773727272727273, 21.0, 11.0, 12.926170068027211, 11.0, 11.0, 13.0, 25.001, 8.334333333333333, 29.333333333333336, 21.0, 16.0]",23.87311081597131
