,labelled data,weights,regret
0,50,"[3.7510000000000003, 54.66766666666667, 46.0, 0.001, 20.000999999999998, 61.0, 34.33333333333333, 64.16766666666666, 25.001000000000005, 52.50000000000001, 3.334333333333333, 0.001]",0.1274617757116812
1,100,"[14.084333333333333, 95.33433333333332, 72.0, 30.000999999999998, 30.000999999999998, 81.0, 96.33333333333333, 134.16766666666666, 34.16766666666667, 110.83333333333334, 10.251, 0.001]",0.11698146681950429
