,labelled data,weights,regret
0,50,"[1.4000000000000004, 3.4528301886792447, 5.583333333333332, 2.048387096774193, 1.0, 1.0, 19.0, 11.0, 0.001, 0.001, 11.0, 9.0]",1.0855818752204298
1,100,"[3.1000000000000014, 4.39622641509434, 5.166666666666665, 2.7741935483870956, 1.0, 1.0, 19.0, 11.0, 1.6676666666666664, 3.751, 11.0, 0.001]",4.396326929678482
