,labelled data,weights,regret
0,50,"[20.000999999999998, 31.0, 31.0, 15.001000000000001, 11.0, 1.0, 31.0, 0.001, 0.001, 16.667666666666662, 21.0, 41.0]",4.20824421511408
1,100,"[40.001, 31.0, 41.0, 15.001000000000001, 11.0, 1.0, 41.0, 0.001, 10.001000000000001, 4.001, 31.0, 41.0]",3.8925226909423936
