,weights,regret
0,"[0.2702307692307693, 2.75, 3.7333333333333343, 0.5009999999999999, 1.5, 2.0, 1.9375, 3.25, 1.4375, 1.625, 0.5635, 0.14385714285714282]",0.3578125524383446
