,weights,regret
0,"[0.9, 0.8, 0.001, 2.400000000000001, 1.0, 1.2000000000000002, 0.401, 2.7000000000000015, 0.30100000000000005, 2.7000000000000015, 1.0, 0.801]",0.19159915649637926
