,labelled data,weights,regret
0,50,"[2.25, 0.001, 1.0, 1.0, 1.0, 1.0, 1.0, 0.001, 1.0, 1.0, 2.25, 3.5]",32.01492338381056
1,100,"[2.25, 0.001, 6.0, 1.0, 1.0, 1.0, 0.001, 0.001, 6.0, 1.0, 2.25, 3.5]",16.43316802147339
