,labelled data,weights,regret
0,50,"[1.4999999999999998, 1.501, 3.8666666666666676, 2.0, 0.001, 2.001, 2.625, 2.25, 1.375, 2.75, 1.5, 0.16766666666666666]",9.118056515212702
1,100,"[1.6999999999999997, 1.6676666666666666, 3.666666666666668, 2.0, 0.001, 2.001, 3.125, 2.375, 0.5, 3.75, 0.876, 0.6676666666666666]",8.29316667310917
