,weights,regret
0,"[0.8350000000000001, 1.1320754716981145, 1.2083333333333328, 0.9959677419354841, 1.0499999999999998, 1.0, 2.2000000000000006, 1.5, 0.5833333333333336, 0.5625, 1.5, 2.949999999999997]",0.5919346624415573
