,weights,regret
0,"[1.4000000000000004, 1.8000000000000007, 0.8, 0.7000000000000003, 1.1, 1.2000000000000002, 0.9999999999999999, 1.9000000000000008, 0.3999999999999999, 1.5000000000000004, 1.2000000000000002, 0.6010000000000001]",0.42659482931460807
