,weights,regret
0,"[1.0259999999999994, 0.9943396226415093, 0.9958333333333333, 1.0637096774193509, 1.0, 1.0, 1.02, 1.1, 1.1499999999999997, 1.0125, 1.1, 1.08]",2.1735903368247467
