,labelled data,weights,regret
0,50,"[0.001, 3.5, 3.048619047619047, 0.001, 3.0, 2.001, 2.875, 2.876, 2.25, 1.7152857142857143, 0.001, 0.6259999999999999]",0.8143534517659177
1,100,"[0.41766666666666646, 3.25, 5.286714285714286, 0.001, 3.0, 2.001, 4.125, 4.1259999999999994, 4.0, 2.4295714285714283, 0.0010000000000000009, 1.126]",0.48028140458783397
