,weights,regret
0,"[0.7009999999999997, 3.300000000000001, 2.3, 1.3000000000000003, 1.3000000000000003, 1.8000000000000007, 2.1, 3.4000000000000012, 1.900000000000001, 0.0010000000000000009, 1.5000000000000016, 0.8010000000000002]",1.126645740685463
