,labelled data,weights,regret
0,50,"[6.0, 5.0, 6.0, 0.5, 2.0, 2.0, 8.0, 0.001, 0.001, 0.001, 6.0, 6.0]",0.6593563355120289
1,100,"[7.0, 7.0, 9.0, 1.9176666666666666, 3.0, 2.0, 9.0, 2.001, 0.9176666666666666, 3.876, 8.0, 5.0]",3.014410205534799
