,labelled data,weights,regret
0,50,"[4.541666666666667, 0.28671428571428564, 4.466666666666667, 4.0009999999999994, 0.001, 7.0, 2.907142857142856, 5.1, 0.501, 1.7093333333333334, 6.708333333333334, 3.0]",0.0025744962494005127
1,100,"[8.475, 2.7343333333333333, 7.666666666666667, 9.001, 1.001, 8.0, 6.7571428571428545, 11.1, 0.751, 4.2010000000000005, 9.108333333333334, 5.433333333333333]",0.019561395033310853
