,labelled data,weights,regret
0,50,"[0.96, 1.6037735849056602, 1.791666666666668, 1.258064516129032, 1.6500000000000006, 1.0, 2.4, 2.5, 0.001, 0.001, 1.666666666666667, 1.8000000000000007]",1.0936419712967749
1,100,"[1.07, 1.6037735849056602, 1.791666666666668, 1.3064516129032255, 1.6500000000000006, 1.0, 2.4, 2.5, 0.6676666666666666, 1.001, 1.666666666666667, 1.6000000000000005]",3.6703311074380767
