,labelled data,weights,regret
0,50,"[1.4952380952380955, 0.6438571428571428, 2.25, 0.001, 3.0, 3.501, 1.358928571428571, 0.976, 0.001, 0.44326190476190475, 3.416666666666667, 1.775]",1.0732870855500989
1,100,"[0.7952380952380955, 2.5188571428571427, 4.75, 1.501, 3.0, 4.0009999999999994, 2.817261904761904, 2.1010000000000004, 1.751, 0.001, 6.1, 1.025]",0.44763836979238897
