,labelled data,weights,regret
0,50,"[0.001, 16.0, 41.0, 16.0, 16.0, 16.0, 16.0, 45.001000000000005, 16.0, 36.0, 26.0, 41.0]",23.62913534284244
1,100,"[10.001000000000001, 26.0, 41.0, 11.0, 16.0, 16.0, 26.0, 50.001000000000005, 16.0, 41.0, 26.0, 26.0]",20.47335954806549
