,labelled data,weights,regret
0,50,"[0.251, 4.75, 9.076923076923075, 0.001, 5.001, 6.0, 9.125, 9.75, 10.001, 2.501, 0.001, 2.501]",0.6646371643178318
1,100,"[1.001, 11.0, 14.076923076923073, 10.001000000000001, 5.001, 1.0, 15.375, 16.0, 10.626, 8.126, 3.751, 2.501]",7.47976079194723
