,labelled data,weights,regret
0,50,"[6.0, 11.0, 11.0, 21.0, 6.0, 11.0, 5.001, 27.500999999999998, 3.334333333333333, 10.001, 6.0, 2.501]",1.1730588670980482
1,100,"[6.0, 11.0, 11.0, 21.0, 11.0, 21.0, 15.001000000000001, 27.500999999999998, 0.8343333333333334, 15.001, 11.0, 1.001]",0.3247069438732057
