,weights,regret
0,"[4.5, 1.1676666666666666, 0.501, 8.208333333333332, 1.5, 2.5, 1.251, 0.501, 10.834333333333333, 6.208333333333333, 2.25, 4.2010000000000005]",0.12338704829879873
