,weights,regret
0,"[0.6801666666666667, 4.442666666666667, 0.3542212885154059, 5.0, 4.5, 0.001, 0.9176666666666667, 4.25, 0.5009999999999999, 6.625, 0.501, 0.5783809523809523]",0.44598783180429485
