,labelled data,weights,regret
0,50,"[0.001, 4.0, 2.0, 0.16766666666666666, 1.0, 1.0, 3.201000000000001, 3.001, 2.3343333333333334, 6.0009999999999994, 2.0, 2.6999999999999984]",1.4633594382970163
1,100,"[1.3343333333333331, 5.0, 4.0, 0.001, 1.0, 1.0, 4.601000000000002, 4.0009999999999994, 2.001, 9.001, 2.0, 3.299999999999997]",1.4358745651438054
