,weights,regret
0,"[1.2, 1.2, 1.2000000000000002, 2.9000000000000012, 1.0, 0.9, 0.9999999999999997, 1.3000000000000003, 2.2000000000000006, 1.0999999999999999, 1.5, 0.5999999999999996]",2.4914638568337386
