,labelled data,weights,regret
0,50,"[11.0, 4.0009999999999994, 16.0, 5.0, 1.0, 5.0009999999999994, 8.0, 5.0, 10.0, 1.0, 9.0, 6.0]",16.96556909616776
1,100,"[9.0, 5.0009999999999994, 16.0, 6.0, 0.001, 5.0009999999999994, 9.0, 6.0, 9.0, 0.001, 11.0, 7.0]",13.4862457812732
