,labelled data,weights,regret
0,50,"[0.5, 2.0, 1.5, 1.25, 1.0, 1.0, 1.25, 2.5, 0.5416666666666667, 2.416666666666667, 1.5, 1.25]",11.019808616705607
1,100,"[0.5509999999999999, 2.5, 1.5, 1.0, 1.0, 1.0, 0.25, 2.5, 0.04166666666666674, 2.916666666666667, 1.5, 0.5]",1.4262257686438409
