,weights,regret
0,"[2.3833333333333333, 1.0271904761904762, 0.2666666666666666, 1.0, 2.0, 2.501, 2.875, 1.2402857142857142, 0.08333333333333334, 2.25, 1.5499999999999998, 3.25]",5.630022787645875
