,weights,regret
0,"[0.001, 4.25, 4.083333333333333, 0.001, 2.0, 1.5, 2.5, 6.0009999999999994, 0.5843333333333334, 6.0, 2.5, 1.451]",0.9128837994318801
