,weights,regret
0,"[1.0, 0.8, 0.101, 2.4249999999999994, 1.1, 1.0, 0.401, 0.05100000000000002, 1.3510000000000002, 2.0500000000000007, 1.0, 1.4500000000000004]",0.11937391856366404
