,weights,regret
0,"[0.8750000000000012, 0.9375, 2.3653846153846145, 2.0, 0.001, 1.5, 3.0, 2.125, 0.4375, 1.5625, 0.4375, 0.0635]",8.185393606584386
