,labelled data,weights,regret
0,50,"[0.9666666666666667, 1.0, 0.9500000000000001, 0.4499999999999995, 1.0, 1.0, 0.8399999999999999, 1.1, 0.8833333333333333, 1.4166666666666663, 1.0, 1.07]",44.15080272572119
1,100,"[0.7666666666666667, 1.0, 0.9500000000000001, 0.39999999999999947, 1.0, 1.0, 0.8199999999999998, 1.1, 0.8833333333333333, 1.5833333333333324, 1.0, 1.09]",20.960308859904124
