,labelled data,weights,regret
0,50,"[1.5000000000000002, 3.1698113207547194, 5.583333333333332, 2.008064516129031, 4.0, 1.0, 9.0, 8.5, 1.6676666666666666, 4.3759999999999994, 4.333333333333333, 7.5]",6.170235269670716
1,100,"[0.5500000000000004, 4.773584905660383, 5.583333333333332, 1.3225806451612896, 4.0, 1.0, 9.0, 8.5, 0.001000000000000112, 8.126, 5.166666666666666, 9.5]",6.845699951621999
