,weights,regret
0,"[1.3, 1.6000000000000003, 1.5000000000000004, 3.1000000000000014, 1.0, 0.9, 0.2999999999999999, 0.9, 2.500000000000001, 0.001, 0.8999999999999997, 0.8999999999999992]",0.5491082737801269
