,labelled data,weights,regret
0,50,"[0.501, 6.0009999999999994, 9.5, 1.001, 3.001, 7.0009999999999994, 5.5, 9.5, 3.5, 9.5, 0.001, 2.501]",0.14063304796416948
1,100,"[1.501, 11.501, 9.5, 1.501, 3.0009999999999994, 11.001, 7.5, 13.5, 3.0, 12.5, 0.001, 4.0009999999999994]",0.13935678492201897
