,labelled data,weights,regret
0,50,"[0.0010000000000012221, 55.001, 46.0, 0.001, 30.001, 46.0, 50.001, 25.000999999999998, 15.001000000000001, 61.0, 0.001, 10.001]",0.18727907286336226
1,100,"[0.001, 100.001, 81.0, 25.001, 30.001000000000005, 71.0, 45.001, 100.001, 5.001000000000001, 86.0, 20.001, 0.001]",0.9503707019098904
