,labelled data,weights,regret
0,50,"[1.0449999999999993, 1.0754716981132082, 1.0208333333333333, 1.2016129032258078, 1.0, 1.0, 1.0999999999999996, 1.5, 1.7499999999999998, 0.001, 1.5, 1.0499999999999996]",12.211142356410654
1,100,"[1.0899999999999985, 1.113207547169812, 1.0624999999999998, 1.2540322580645191, 1.0, 1.0, 1.4, 1.5, 1.5, 0.4385, 1.5, 0.7499999999999993]",16.67479414934054
