,weights,regret
0,"[1.3, 1.3, 0.10000000000000014, 3.1000000000000014, 1.0, 0.7, 0.7999999999999998, 0.10000000000000014, 3.900000000000002, 1.3000000000000003, 1.0999999999999996, 1.0999999999999992]",0.7793065664812685
