,labelled data,weights,regret
0,50,"[5.0, 2.501, 9.076923076923078, 6.0, 6.0, 0.001, 11.625, 6.625, 7.875, 4.3759999999999994, 6.0, 4.125]",37.3153481581802
1,100,"[6.5, 2.5009999999999994, 15.807692307692307, 6.0, 6.0, 0.001, 14.75, 11.625, 13.5, 3.1259999999999994, 8.5, 4.75]",28.388086467554476
