,labelled data,weights,regret
0,50,"[1.4000000000000004, 2.320754716981132, 5.166666666666666, 2.854838709677418, 1.0, 1.0, 17.0, 11.0, 6.000000000000002, 0.001, 11.0, 9.0]",12.725711478926785
1,100,"[4.300000000000001, 1.9433962264150941, 6.0, 5.11290322580645, 3.5, 1.0, 17.0, 11.0, 6.000000000000002, 5.0009999999999994, 11.0, 7.0]",17.614528314791162
