,labelled data,weights,regret
0,50,"[33.5, 26.500999999999998, 0.001, 50.001, 0.001, 31.0, 6.833333333333331, 1.5010000000000003, 6.251, 26.0, 20.166666666666668, 39.33333333333333]",0.01717961542822264
1,100,"[55.5, 44.66766666666667, 1.5984025974025986, 70.001, 0.001, 71.0, 10.834333333333333, 0.001, 2.167666666666668, 36.0, 32.66666666666667, 54.33333333333333]",0.0037102093862127023
