,labelled data,weights,regret
0,50,"[0.2499999999999994, 2.6981132075471708, 3.2916666666666674, 1.9677419354838708, 4.5, 5.0, 2.001, 7.5009999999999994, 4.333333333333333, 2.25, 3.5, 10.5]",19.32059869647234
1,100,"[2.2000000000000024, 4.396226415094341, 6.208333333333333, 4.669354838709678, 4.5, 5.0, 7.0009999999999994, 7.5009999999999994, 2.666666666666667, 7.875, 6.833333333333332, 14.0]",22.527977377945117
