,weights,regret
0,"[2.2999999999999994, 1.9295714285714274, 0.07708695652173922, 1.5, 0.001, 2.0, 0.9375, 0.001, 0.4385, 2.125, 3.0, 2.125]",0.1829616714148206
