,labelled data,weights,regret
0,50,"[60.001000000000005, 60.001000000000005, 90.001, 0.001, 30.000999999999998, 71.0, 70.001, 141.0, 30.001000000000005, 120.001, 0.001, 0.0010000000000047748]",3.3546830628829625
1,100,"[30.001000000000005, 160.001, 130.001, 0.001, 60.001, 181.0, 120.001, 181.0, 40.001000000000005, 200.001, 0.001, 40.001000000000005]",0.13937691067535873
