,labelled data,weights,regret
0,50,"[3.0, 7.5009999999999994, 11.769230769230763, 11.0, 11.0, 0.001, 16.0, 6.0, 9.75, 0.001, 8.5, 5.0009999999999994]",5.0559680338254305
1,100,"[2.5, 8.751, 18.307692307692292, 11.0, 11.0, 0.001, 17.25, 7.25, 8.5, 7.5009999999999994, 8.5, 3.7509999999999994]",7.057504601138307
