,labelled data,weights,regret
0,50,"[30.000999999999998, 160.001, 181.0, 10.001, 70.001, 150.001, 121.0, 181.0, 41.0, 191.0, 10.000999999999998, 0.001]",0.11606028040883283
1,100,"[30.001000000000005, 250.00099999999998, 181.0, 30.000999999999998, 70.001, 220.001, 181.0, 261.0, 31.0, 241.0, 0.001, 50.001000000000005]",0.12521587328356912
