,labelled data,weights,regret
0,50,"[1.6999999999999986, 2.353380952380952, 4.466666666666669, 3.0, 0.001, 2.0, 5.125, 2.25, 1.25, 2.303571428571429, 1.0, 0.001]",8.05860510011484
1,100,"[0.2999999999999985, 3.9248095238095226, 5.26666666666667, 3.0, 0.001, 2.0, 6.375, 3.125, 1.376, 3.178571428571429, 0.626, 0.3759999999999999]",5.794265277258731
