,labelled data,weights,regret
0,50,"[1.0139999999999991, 1.0603773584905698, 1.1249999999999996, 1.0040322580645162, 1.0749999999999984, 1.02, 1.1400000000000001, 1.2000000000000002, 0.883333333333333, 1.1374999999999995, 1.0666666666666664, 1.1]",9.785263486712706
1,100,"[1.0239999999999982, 1.083018867924533, 1.1374999999999995, 1.0000000000000004, 1.0699999999999985, 1.02, 1.2400000000000002, 1.2000000000000002, 0.7999999999999994, 1.2374999999999992, 1.0666666666666664, 1.0]",9.216881950429338
