,labelled data,weights,regret
0,50,"[1.1, 1.3000000000000003, 1.2000000000000002, 1.2500000000000002, 1.0, 1.0, 1.8000000000000007, 0.6500000000000001, 0.35000000000000003, 0.18333333333333351, 1.1, 1.4000000000000004]",1.377504250602215
1,100,"[1.1, 1.3500000000000003, 1.3000000000000003, 0.95, 1.0, 1.0, 1.8000000000000007, 0.8500000000000003, 0.525, 0.2583333333333335, 1.1, 1.4000000000000004]",1.5182965951538108
