,weights,regret
0,"[0.101, 1.6000000000000005, 1.6000000000000005, 0.7466666666666665, 1.1, 1.0, 1.0, 2.300000000000001, 0.4, 1.0833333333333335, 1.4000000000000004, 2.8000000000000016]",0.2368908492468852
