,labelled data,weights,regret
0,50,"[0.001, 46.35814285714286, 20.166666666666664, 0.001, 16.0, 35.001000000000005, 20.404761904761905, 39.70933333333333, 24.75, 36.66766666666666, 0.001, 5.834333333333332]",0.19460143929993037
1,100,"[4.381952380952379, 50.10814285714286, 37.666666666666664, 10.001000000000001, 31.0, 55.001000000000005, 49.57142857142857, 64.70933333333333, 19.75, 56.667666666666655, 9.840285714285711, 0.001]",0.17495555930074147
