,labelled data,weights,regret
0,50,"[1.1500000000000001, 1.3018867924528301, 1.6666666666666679, 1.129032258064516, 1.5000000000000004, 1.2, 2.8000000000000003, 2.0, 0.6666666666666669, 1.625, 1.666666666666667, 1.6000000000000005]",10.57339116824506
1,100,"[1.3000000000000003, 1.4339622641509433, 1.7916666666666676, 1.225806451612903, 1.6000000000000005, 1.2, 2.8000000000000003, 2.0, 0.6666666666666669, 2.75, 1.666666666666667, 1.301]",8.223017877314371
