,labelled data,weights,regret
0,50,"[26.0, 16.0, 41.0, 5.0009999999999994, 1.0, 1.0, 35.001000000000005, 55.001000000000005, 21.0, 51.0, 31.0, 21.0]",21.689603030348266
1,100,"[180.001, 51.0, 36.0, 170.001, 45.001, 21.0, 35.001000000000005, 80.001, 26.0, 101.0, 51.0, 45.001]",420.5538198832368
