,labelled data,weights,regret
0,50,"[2.001, 2.001, 4.0, 0.001, 1.0, 1.0, 1.501, 4.0009999999999994, 1.001, 4.5, 2.0, 0.501]",12.592063264653428
1,100,"[0.001, 10.001, 7.0, 0.43736363636363634, 2.0, 1.0, 3.501, 5.0009999999999994, 1.501, 8.5, 3.0, 1.501]",0.5418698844758472
