,weights,regret
0,"[2.5499999999999994, 0.33333333333333354, 2.5666666666666673, 0.001, 1.5, 2.0, 1.6875, 0.5625, 1.6875, 1.125, 2.475, 0.975]",4.434770305454447
