,weights,regret
0,"[2.6499999999999986, 1.8583333333333325, 1.2166666666666668, 2.0, 0.001, 2.0, 3.125, 1.4375, 1.625, 2.125, 1.8928571428571426, 1.625]",1.0734608765903395
