,labelled data,weights,regret
0,50,"[6.0, 6.0, 6.0, 11.0, 6.251, 5.001, 3.751, 5.0009999999999994, 3.500000000000001, 6.0, 8.5, 7.0]",0.9950019815520986
1,100,"[6.0, 8.5, 6.0, 14.333333333333332, 7.501, 5.001, 0.001, 7.5009999999999994, 1.6676666666666664, 2.25, 11.000000000000002, 4.5]",0.10655795087810088
