,labelled data,weights,regret
0,50,"[3.751, 31.0, 31.0, 3.751, 0.001, 11.0, 46.0, 46.0, 6.0, 45.001000000000005, 11.0, 3.334333333333333]",0.6124739801856859
1,100,"[13.530411764705883, 41.0, 31.0, 9.001000000000001, 13.334333333333333, 11.0, 46.0, 46.0, 16.0, 80.001, 21.0, 10.001000000000001]",1.1346338306063186
