,labelled data,weights,regret
0,50,"[2.0, 8.001, 12.000000000000002, 0.001, 6.0, 6.0, 5.375, 11.0, 4.75, 3.5, 3.0, 0.001]",0.5668154190704323
1,100,"[4.5, 7.0009999999999994, 13.333333333333334, 0.001, 6.0, 6.0, 6.625, 11.625, 1.0, 4.75, 3.625, 2.858142857142856]",3.816577736561918
