,labelled data,weights,regret
0,50,"[6.0, 6.0, 6.0, 7.666666666666666, 1.0, 6.0, 0.001, 7.5009999999999994, 1.8333333333333346, 9.333333333333334, 6.0, 7.0]",1.1811587240435113
1,100,"[6.0, 6.0, 6.0, 12.666666666666664, 0.001, 6.0, 2.001, 7.5009999999999994, 1.0000000000000013, 6.0, 6.833333333333333, 4.0]",2.4352498775854063
