,labelled data,weights,regret
0,50,"[1.1300000000000001, 1.1886792452830188, 1.333333333333334, 1.2822580645161288, 1.0, 1.0, 2.8000000000000007, 2.5, 1.3333333333333333, 0.001, 2.0, 1.0999999999999992]",10.892292382171114
1,100,"[1.1600000000000001, 1.1886792452830188, 1.4166666666666674, 1.4274193548387093, 1.0, 1.0, 2.8000000000000007, 2.5, 1.3333333333333333, 0.001, 2.0, 0.001]",3.0150445455223926
