,weights,regret
0,"[0.9999999999999999, 1.6000000000000003, 1.7000000000000006, 0.40100000000000013, 1.0, 1.0, 2.0000000000000004, 3.0000000000000013, 0.3999999999999998, 2.2, 1.6, 0.9999999999999992]",26.237937639847477
