,labelled data,weights,regret
0,50,"[1.1, 1.2, 1.6000000000000005, 1.2, 1.0, 1.0, 1.6000000000000005, 0.6000000000000001, 0.8, 0.0010000000000000286, 1.4000000000000004, 1.2000000000000002]",3.720932995206629
1,100,"[1.0, 1.6000000000000003, 1.9000000000000008, 0.5, 1.0, 1.0, 1.7000000000000006, 0.30000000000000016, 0.30000000000000004, 0.7010000000000001, 1.4000000000000004, 1.5000000000000004]",3.133835402067808
