,labelled data,weights,regret
0,50,"[0.763095238095239, 1.2000000000000002, 1.6038888888888891, 1.0, 0.8, 1.4000000000000004, 1.2000000000000002, 1.1249999999999998, 0.9833333333333337, 0.2980952380952386, 1.8500000000000008, 0.5599999999999997]",0.15269135126322103
1,100,"[0.46309523809523984, 1.5200000000000005, 1.7594444444444448, 0.8, 0.5000000000000001, 1.7000000000000006, 1.6200000000000006, 1.3499999999999996, 1.0166666666666673, 0.051000000000000004, 1.8833333333333344, 0.49999999999999956]",0.270251471778531
