,labelled data,weights,regret
0,50,"[38.5, 1.6676666666666664, 26.0, 20.000999999999998, 0.001, 30.000999999999998, 31.000999999999998, 30.001, 1.6676666666666664, 17.25, 36.5, 18.000999999999998]",0.4127299861945449
1,100,"[53.5, 0.001, 35.583333333333336, 30.000999999999998, 0.001, 30.000999999999998, 37.001, 42.501000000000005, 0.001, 18.750999999999998, 59.0, 8.000999999999998]",0.4165333070543717
