,weights,regret
0,"[1.6999999999999997, 1.1249999999999998, 1.9166666666666656, 1.5, 1.5, 0.5, 2.5625, 1.0, 1.875, 1.5, 1.6750000000000003, 1.2749999999999992]",1.0667061843258225
