,labelled data,weights,regret
0,50,"[1.45, 1.0, 2.2884615384615383, 3.0, 2.0, 0.001, 3.25, 2.125, 2.25, 0.626, 2.75, 1.5]",6.663815042783107
1,100,"[0.6499999999999996, 0.75, 3.557692307692308, 3.0, 2.0, 0.001, 4.5, 1.625, 2.625, 1.251, 3.375, 0.751]",5.874024298685079
