,labelled data,weights,regret
0,50,"[4.3759999999999994, 31.833333333333332, 13.334333333333333, 0.0010000000000012221, 5.001000000000001, 21.0, 21.250999999999998, 32.58333333333333, 5.0009999999999994, 24.584333333333337, 6.268857142857143, 1.0843333333333338]",0.11610874081029854
1,100,"[0.001, 53.83333333333332, 33.33433333333333, 5.001000000000001, 25.001, 36.0, 38.501, 57.58333333333333, 20.000999999999998, 43.33433333333333, 2.501, 0.001]",0.11701841546362589
