,labelled data,weights,regret
0,50,"[0.98, 0.9, 1.4399999999999986, 0.5000000000000001, 1.2000000000000002, 1.4000000000000004, 1.2499999999999993, 1.1875000000000002, 1.15, 0.9500000000000002, 1.0199999999999998, 0.9249999999999998]",12.185075698574462
1,100,"[0.98, 0.8749999999999998, 1.7099999999999953, 0.5000000000000001, 1.2000000000000002, 1.4000000000000004, 1.2624999999999993, 1.1250000000000004, 1.1, 0.8250000000000001, 1.0699999999999994, 0.8999999999999998]",11.590490704807857
