,labelled data,weights,regret
0,50,"[3.0, 3.0, 4.0, 1.501, 2.0, 1.0, 6.0, 0.501, 0.5009999999999999, 0.1676666666666664, 3.0, 6.0]",1.5009168960185417
1,100,"[4.0, 6.0, 7.0, 1.3343333333333334, 3.0, 1.0, 4.0, 0.001, 0.5009999999999999, 4.167666666666666, 4.0, 6.0]",3.5691689803284143
