,weights,regret
0,"[0.101, 2.6000000000000005, 2.5, 1.0, 0.9, 1.6000000000000005, 2.2000000000000006, 3.000000000000001, 1.9000000000000004, 1.5000000000000002, 0.501, 0.19999999999999962]",0.24826431696600873
