,labelled data,weights,regret
0,50,"[0.001, 21.0, 16.0, 0.001, 0.001, 5.001, 15.001000000000001, 20.001, 5.001, 25.166666666666668, 1.0, 0.001]",0.14694057756585946
1,100,"[6.0009999999999994, 61.0, 36.0, 0.001, 15.001000000000001, 15.001000000000001, 22.501, 25.001, 10.001000000000001, 55.16666666666667, 21.0, 10.001000000000001]",1.1719440158387031
