,labelled data,weights,regret
0,50,"[1.0069999999999995, 1.0339622641509452, 1.0333333333333332, 1.0153225806451618, 1.0, 1.0, 1.2400000000000002, 1.1, 0.9666666666666668, 0.8250000000000006, 1.1, 1.04]",17.880125467581657
1,100,"[1.0129999999999988, 1.0320754716981149, 1.0666666666666664, 1.0153225806451611, 1.0, 1.0, 1.3000000000000003, 1.1, 0.9166666666666666, 0.7625000000000008, 1.1, 0.97]",17.880125467581657
