,labelled data,weights,regret
0,50,"[0.6000000000000001, 1.4000000000000004, 1.5000000000000004, 0.9500000000000001, 1.1, 1.1, 0.8999999999999998, 1.5000000000000004, 0.3333333333333333, 1.7000000000000006, 1.2000000000000002, 0.5833333333333333]",10.35987095211905
1,100,"[0.5000000000000001, 1.7000000000000006, 1.5000000000000004, 0.7499999999999999, 1.1, 1.1, 0.8999999999999998, 1.8000000000000007, 0.31666666666666665, 1.9000000000000008, 1.2000000000000002, 0.4833333333333333]",9.606826446403483
