,labelled data,weights,regret
0,50,"[1.2500000000000002, 1.3773584905660377, 1.4166666666666665, 1.4838709677419353, 1.0, 2.0, 8.0, 6.0, 3.500000000000001, 1.0, 6.0, 5.5]",59.60859826586016
1,100,"[1.2500000000000002, 1.3773584905660377, 1.4166666666666665, 1.604838709677419, 1.0, 2.0, 8.0, 6.0, 3.500000000000001, 1.0, 6.0, 5.5]",59.60535887486566
