,labelled data,weights,regret
0,50,"[1.4999999999999998, 1.7510000000000003, 4.066666666666667, 3.0, 2.0, 0.001, 2.25, 1.75, 2.0, 0.401, 3.25, 2.25]",21.095987189227163
1,100,"[2.2, 2.2510000000000003, 4.6000000000000005, 3.0, 2.0, 0.001, 2.25, 2.5, 2.5, 2.151, 2.5, 1.35]",22.998756256762608
