,labelled data,weights,regret
0,50,"[5.001, 10.001000000000001, 5.001, 20.001, 5.001, 5.001, 5.001000000000001, 25.001, 2.501, 16.83333333333333, 10.001000000000001, 4.167666666666666]",279.04147822750025
1,100,"[4.334333333333333, 35.001000000000005, 20.001, 0.001, 10.001000000000001, 15.001000000000001, 10.001000000000001, 30.001, 0.001, 36.83333333333333, 15.001000000000001, 0.0010000000000012221]",0.6320333850629675
