,labelled data,weights,regret
0,50,"[11.0, 5.001, 19.84615384615384, 0.001, 11.0, 11.0, 19.75, 16.0, 12.25, 3.7509999999999994, 17.500999999999998, 8.5]",4.341239291503713
1,100,"[4.0009999999999994, 11.251000000000001, 34.07692307692306, 0.001, 11.0, 11.0, 16.0, 11.0, 4.75, 8.751, 32.501, 8.5]",1.7420527909897674
