,labelled data,weights,regret
0,50,"[0.001, 81.0, 51.0, 0.001, 41.0, 10.001, 30.000999999999998, 60.001, 0.0010000000000012221, 71.0, 21.0, 20.000999999999998]",0.5409986476524734
1,100,"[60.001, 81.0, 71.0, 0.001, 41.0, 20.000999999999998, 60.001, 70.001, 10.001000000000001, 101.0, 31.0, 40.001]",18.028221706426763
