,weights,regret
0,"[0.65, 2.525, 2.666666666666667, 0.001, 1.0, 2.0, 1.75, 2.75, 1.75, 0.126, 1.5000000000000002, 0.0635]",0.5386034202423214
