,weights,regret
0,"[1.0329999999999988, 0.9999999999999999, 0.9958333333333333, 1.0725806451612858, 1.0, 1.0, 1.08, 1.1, 1.0999999999999999, 1.0, 1.1, 1.09]",2.1735903368247467
