,weights,regret
0,"[2.4010000000000007, 0.19999999999999996, 1.3010000000000002, 1.3000000000000003, 0.8, 0.9, 0.39999999999999997, 1.4999999999999996, 0.501, 1.6999999999999997, 1.8, 1.0999999999999999]",1.7830437401127195
