,weights,regret
0,"[0.35000000000000014, 2.375, 0.480769230769231, 0.0010000000000000009, 1.0, 1.5, 0.625, 2.5, 0.875, 0.375, 1.0625, 0.001]",0.08514350861965037
