,weights,regret
0,"[5.001, 35.001000000000005, 5.001, 28.5, 10.001000000000001, 10.001000000000001, 26.0, 32.501, 3.3343333333333334, 34.79266666666667, 8.334333333333333, 15.001000000000001]",0.8261393484159651
