,labelled data,weights,regret
0,50,"[8.0, 2.1438571428571427, 15.5, 6.0, 0.001000000000000334, 6.0, 11.0, 12.875, 3.5, 4.125, 9.75, 7.25]",0.006363368156041274
1,100,"[12.0, 2.1438571428571427, 22.44444444444445, 11.0, 0.001, 6.0, 11.625, 15.375, 2.25, 9.125, 8.5, 7.25]",1.248057738445193
