,labelled data,weights,regret
0,50,"[1.5, 2.0, 2.0, 2.5, 1.5, 1.0, 0.751, 3.0, 0.251, 1.9285714285714286, 2.0, 0.251]",443.79813295662973
1,100,"[1.5, 2.5, 2.0, 1.5, 1.5, 1.5, 0.501, 3.0, 0.001, 2.7202380952380953, 2.5, 1.3343333333333334]",11.776944546019722
