,labelled data,weights,regret
0,50,"[21.0, 11.0, 21.0, 61.0, 10.001, 21.0, 0.001, 60.001, 11.667666666666666, 8.5, 11.0, 5.001]",0.20043975895372537
1,100,"[21.0, 11.0, 21.0, 61.0, 10.001, 31.0, 0.001, 60.001, 11.667666666666666, 23.0, 21.0, 0.001]",0.19478740495533872
