,weights,regret
0,"[65.08333333333333, 18.691476190476195, 68.30375180375181, 101.0, 101.0, 0.001, 24.667666666666666, 15.834333333333333, 41.66766666666666, 141.0, 9.584333333333333, 37.166666666666664]",1.1461959968601503
