,weights,regret
0,"[11.0, 11.0, 11.0, 7.666666666666667, 10.001, 11.0, 31.0, 10.001000000000001, 17.666666666666664, 13.5, 15.999999999999998, 25.0]",0.8456560475355731
