,labelled data,weights,regret
0,50,"[3.5, 8.5, 6.0, 0.001, 6.0, 6.0, 2.0009999999999994, 11.0, 5.166666666666667, 20.626, 8.5, 1.5010000000000003]",8.169674495195787
1,100,"[6.6676666666666655, 8.5, 6.0, 3.0273157894736817, 6.0, 6.0, 9.001, 11.0, 7.666666666666667, 30.001, 8.5, 1.5010000000000003]",1.887332436381969
