,weights,regret
0,"[0.8450000000000003, 1.1374999999999997, 1.2211538461538454, 0.6000000000000001, 1.3000000000000003, 1.2000000000000002, 1.2624999999999993, 1.2374999999999994, 1.1375000000000002, 1.0999999999999999, 0.5250000000000002, 0.8250000000000007]",1.7514307033278542
