,weights,regret
0,"[0.7010000000000001, 2.1, 2.7, 1.2000000000000002, 1.6000000000000005, 2.100000000000001, 1.8000000000000005, 2.4000000000000004, 1.900000000000001, 3.000000000000001, 0.001, 1.5999999999999999]",0.07990949907934139
