,labelled data,weights,regret
0,50,"[0.001, 21.667666666666666, 16.0, 11.0, 10.001000000000001, 26.0, 34.08433333333333, 12.75, 6.667666666666667, 0.001, 36.20833333333333, 1.9176666666666673]",0.06401558919291325
1,100,"[6.012904761904762, 32.91766666666666, 40.0, 21.0, 20.001, 41.0, 50.751, 17.25, 5.0009999999999994, 10.69742857142857, 53.26785714285714, 15.000999999999998]",0.0763503301020094
