,weights,regret
0,"[1.0, 1.6000000000000005, 1.0, 1.05, 1.0, 1.1, 0.9, 1.8000000000000007, 0.3833333333333334, 1.2833333333333334, 1.1, 0.48666666666666675]",0.2918838425917714
