,labelled data,weights,regret
0,50,"[2.6749999999999994, 6.800000000000001, 6.0, 2.0, 3.0, 9.001, 9.625, 4.958333333333331, 1.5009999999999994, 1.501, 6.8999999999999995, 1.4333333333333331]",1.7333610653817995
1,100,"[4.113095238095238, 9.316666666666668, 10.333333333333334, 1.001, 3.0, 15.001, 14.625, 10.30833333333333, 2.751, 3.392666666666667, 9.538095238095236, 5.101]",0.5911283943301128
