,weights,regret
0,"[0.626, 4.75, 5.5, 1.0337586206896552, 4.5, 1.5, 2.875, 9.251, 0.9593333333333334, 3.227190476190476, 4.5, 9.5]",0.11592125609323947
