,labelled data,weights,regret
0,50,"[2.1928571428571426, 5.100999999999998, 4.29047619047619, 3.0009999999999994, 2.001, 7.0, 9.266666666666666, 3.3000000000000003, 0.001, 0.09623809523809523, 10.75, 4.383333333333333]",0.2945485672543756
1,100,"[1.1521904761904762, 5.784333333333336, 8.290476190476191, 7.0009999999999994, 2.001, 14.0, 10.350000000000001, 8.3, 0.2509999999999999, 1.0093333333333334, 14.366666666666665, 1.0499999999999994]",0.3710414630684022
