,weights,regret
0,"[2.420634920634921, 3.0083333333333337, 1.8333333333333333, 3.5, 2.5, 2.501, 1.9249999999999998, 4.375, 2.625, 3.229761904761905, 2.5869047619047616, 1.831952380952381]",1.3452133209656227
