,labelled data,weights,regret
0,50,"[0.8009999999999999, 1.4000000000000006, 3.3000000000000003, 2.000000000000001, 0.40000000000000013, 2.200000000000001, 1.9, 2.7000000000000006, 0.9000000000000002, 0.001, 2.800000000000001, 0.501]",0.4760151629449269
1,100,"[0.3009999999999998, 2.1000000000000014, 3.3000000000000003, 2.5000000000000013, 0.101, 3.200000000000002, 2.5000000000000004, 3.000000000000001, 0.901, 0.0010000000000000009, 3.700000000000002, 0.6010000000000002]",0.3954781756647258
