,weights,regret
0,"[2.6999999999999997, 0.25, 3.033333333333333, 2.0, 1.5, 0.001, 2.9375, 1.625, 2.8125, 2.625, 2.75, 1.4000000000000001]",1.0916171760818376
