,iter,time exp 1,time exp 2
0,1,6.011674880981445,0.558096170425415
