,weights,regret
0,"[11.0, 10.001, 11.0, 4.333333333333334, 11.0, 11.0, 22.000999999999998, 11.0, 14.333333333333332, 12.25, 11.0, 12.0]",0.8425968000851211
