,labelled data,weights,regret
0,50,"[50.001, 51.0, 41.0, 50.001, 40.001, 21.0, 20.000999999999998, 51.0, 0.001, 40.001, 21.0, 30.001000000000005]",137.79968184676997
1,100,"[30.000999999999998, 41.0, 81.0, 0.001, 40.001, 1.0, 30.000999999999998, 111.0, 0.001, 110.001, 11.0, 60.001000000000005]",10.479843443674932
