,weights,regret
0,"[9.118235930735931, 0.9414761904761904, 2.331818181818182, 5.0, 3.5, 0.5009999999999999, 1.7041666666666666, 2.0438571428571426, 7.875, 2.167666666666667, 2.4164761904761907, 0.8343333333333334]",0.6027684713424303
