,weights,regret
0,"[41.031746031746025, 38.024809523809516, 4.863768184196754, 50.001, 0.001, 41.0, 11.786714285714286, 0.8343333333333334, 0.001, 46.0, 29.333333333333332, 37.666666666666664]",0.05311915174763606
