,weights,regret
0,"[0.7, 2.3750000000000004, 2.5000000000000013, 0.5, 1.5, 1.5, 2.375, 2.25, 0.875, 1.4, 0.3625, 0.001]",0.3911517878540507
