,weights,regret
0,"[0.001, 2.7000000000000015, 2.0000000000000004, 0.7999999999999999, 1.0, 1.0, 1.3, 2.400000000000001, 0.5010000000000001, 1.3, 1.6, 3.100000000000001]",0.1824970622622217
