,labelled data,weights,regret
0,50,"[8.0, 4.0009999999999994, 18.0, 1.0, 2.001, 4.0, 11.0, 11.0, 4.0, 12.0, 5.0009999999999994, 5.0]",7.7792615391461615
1,100,"[8.0, 4.0009999999999994, 18.0, 3.0, 1.001, 5.0, 12.0, 12.0, 0.001, 12.0, 5.0009999999999994, 5.0]",8.997726079483344
