,labelled data,weights,regret
0,50,"[0.001, 7.0, 5.0, 0.001, 1.001, 2.0, 5.0009999999999994, 6.0009999999999994, 1.001, 9.0, 3.0, 1.001]",0.23889975182592332
1,100,"[5.001000000000001, 9.0, 7.0, 0.001, 4.0009999999999994, 2.001, 5.0009999999999994, 12.001, 3.001, 15.0, 4.0, 2.0009999999999994]",12.537436018497491
