,labelled data,weights,regret
0,50,"[1.08, 1.1132075471698113, 1.333333333333334, 0.9435483870967742, 1.0, 1.0, 3.200000000000001, 1.5, 0.9999999999999997, 1.875, 2.0, 1.5999999999999996]",5.531104247943532
1,100,"[1.1300000000000001, 1.1886792452830188, 1.5833333333333341, 0.8629032258064517, 1.0, 1.0, 3.200000000000001, 1.5, 0.9999999999999997, 2.75, 2.0, 1.4999999999999993]",5.229971800303563
