,labelled data,weights,regret
0,50,"[3.8976190476190475, 2.934333333333334, 5.339869281045752, 5.0, 1.001, 5.0, 6.183333333333333, 4.5, 0.001, 2.7976190476190474, 4.0, 1.0]",1.609056384664843
1,100,"[6.772619047619047, 1.9510000000000014, 9.339869281045752, 8.0, 1.001, 9.0, 5.216666666666666, 7.5, 0.251, 2.851, 7.026190476190477, 4.433333333333333]",2.93213656167357e-05
