,labelled data,weights,regret
0,50,"[0.9199999999999999, 1.2499999999999996, 1.403333333333333, 0.7000000000000001, 1.2000000000000002, 1.3000000000000003, 1.2249999999999996, 1.3624999999999998, 1.0875000000000001, 1.2, 0.7149999999999999, 0.49999999999999944]",4.418068046079908
1,100,"[0.6899999999999997, 1.4499999999999988, 1.597777777777777, 0.9, 1.0, 1.3000000000000003, 1.3124999999999993, 1.4749999999999994, 1.1874999999999998, 1.0750000000000006, 0.46499999999999986, 0.3999999999999994]",0.6528603061724773
