,labelled data,weights,regret
0,50,"[3.0, 2.0, 3.0, 0.501, 1.0, 1.0, 4.0, 0.001, 0.001, 2.6666666666666665, 2.0, 4.0]",4.670962576052432
1,100,"[3.0, 4.0, 5.0, 1.001, 2.0, 1.0, 5.0, 0.0010000000000000009, 0.751, 2.333333333333333, 3.0, 4.0]",1.0941038086775103
