,weights,regret
0,"[1.4149999999999956, 1.0377358490566047, 1.2916666666666659, 1.1370967741935485, 1.025, 1.0, 1.0999999999999996, 1.5, 1.7499999999999998, 1.0, 1.5, 0.4010000000000001]",6.9972404889394095
