,labelled data,weights,regret
0,50,"[6.0, 6.0, 6.0, 9.333333333333332, 1.0, 6.0, 0.001, 7.5009999999999994, 3.500000000000001, 7.25, 6.0, 6.5]",1.1340895959971016
1,100,"[6.0, 1.0, 6.0, 14.33333333333333, 5.667666666666666, 6.0, 2.0010000000000003, 7.5009999999999994, 3.500000000000001, 8.5, 8.5, 3.5]",1.3069888797361215
