,labelled data,weights,regret
0,50,"[0.8, 1.2000000000000002, 1.0, 0.5999999999999999, 1.0, 1.0, 1.0, 1.7000000000000006, 0.20000000000000018, 1.8666666666666674, 1.1, 0.7333333333333334]",11.396270627261384
1,100,"[0.7500000000000001, 1.7000000000000006, 1.2000000000000002, 0.39499999999999996, 1.0, 1.0, 1.1, 1.8000000000000007, 0.001, 1.9666666666666675, 1.1, 0.5333333333333333]",1.4361362742139507
