,labelled data,weights,regret
0,50,"[0.3999999999999998, 4.396226415094344, 4.125000000000001, 1.7258064516129021, 4.75, 1.0, 8.0, 8.5, 0.001, 0.6259999999999999, 5.999999999999999, 7.5]",1.5895091415206053
1,100,"[1.35, 5.056603773584912, 4.75, 1.3629032258064508, 4.75, 1.0, 8.0, 8.5, 3.334333333333333, 8.751, 5.999999999999999, 8.5]",7.4925550103240575
