,labelled data,weights,regret
0,50,"[0.39999999999999947, 1.5, 3.2, 1.7000000000000006, 0.8, 1.4000000000000004, 1.9000000000000001, 2.3000000000000003, 1.4000000000000008, 0.001, 2.400000000000001, 0.5999999999999996]",0.4479392035940912
1,100,"[1.0999999999999992, 1.6000000000000003, 3.4000000000000004, 1.7000000000000006, 1.1, 1.5000000000000004, 2.1000000000000005, 2.3000000000000003, 1.1000000000000008, 0.6010000000000001, 2.600000000000001, 0.4999999999999998]",0.6792665014324637
