,labelled data,weights,regret
0,50,"[0.001, 2.3000000000000007, 1.6, 0.40000000000000013, 1.1, 2.000000000000001, 1.7000000000000002, 1.9000000000000001, 0.30100000000000005, 1.7, 0.001, 0.30100000000000005]",0.1176117028689179
1,100,"[0.6010000000000002, 3.0000000000000013, 1.8000000000000003, 0.7000000000000001, 0.8, 2.9000000000000017, 1.7000000000000006, 3.100000000000001, 0.40100000000000047, 2.6, 0.401, 0.6009999999999999]",0.17886557240151607
