,labelled data,weights,regret
0,50,"[3.0, 2.0, 1.0, 2.0, 1.0, 1.0, 7.0, 1.001, 2.1676666666666664, 3.3343333333333334, 4.0, 5.0]",18.10860102410082
1,100,"[5.0, 4.0009999999999994, 6.0, 2.333333333333333, 3.0, 1.0, 7.0, 0.501, 0.001, 1.001, 4.0, 5.0]",1.845133760435961
