,weights,regret
0,"[0.001, 74.64385714285716, 96.0, 30.000999999999998, 50.001, 70.001, 100.16666666666667, 133.5, 40.001, 0.001, 44.739095238095246, 4.334333333333333]",1.0354670941967412
