,weights,regret
0,"[2.321833333333333, 1.6761904761904756, 2.1958924731182794, 7.0, 2.001, 5.5009999999999994, 4.276, 5.5, 3.5843333333333334, 0.001, 5.655166666666666, 0.35814285714285715]",1.0485483653204546
