,labelled data,weights,regret
0,50,"[2.5, 2.0, 2.0, 0.601, 1.0, 1.0, 1.0010000000000001, 3.001, 1.333333333333333, 5.0, 2.0, 0.001]",60.270984738791604
1,100,"[3.0, 2.0, 2.5, 0.5565555555555555, 1.0, 1.0, 4.401000000000002, 3.001, 1.333333333333333, 7.1666666666666705, 2.0, 1.201]",47.94441506219297
