,labelled data,weights,regret
0,50,"[0.6000000000000001, 1.5000000000000004, 1.2000000000000002, 0.7, 1.0, 1.0, 1.0999999999999999, 1.7000000000000006, 0.30000000000000016, 1.4000000000000001, 1.1, 0.7000000000000001]",14.350160407919464
1,100,"[0.6000000000000001, 1.8000000000000007, 1.3000000000000003, 0.001, 1.0, 1.0, 1.0999999999999999, 2.000000000000001, 0.20000000000000015, 1.7000000000000004, 1.1, 0.9000000000000001]",10.198381095245695
