,labelled data,weights,regret
0,50,"[1.0, 55.001000000000005, 76.0, 31.0, 5.001000000000001, 41.0, 51.0, 46.0, 41.0, 0.001, 61.0, 16.0]",0.9367606534231102
1,100,"[41.0, 55.001000000000005, 81.0, 46.0, 15.001000000000001, 56.0, 51.0, 61.0, 26.0, 25.001, 96.0, 21.0]",0.6730652582053296
