,labelled data,weights,regret
0,50,"[1.5, 1.5, 1.5, 2.5, 1.5, 2.5, 2.5, 3.25, 0.251, 0.626, 2.5, 0.001]",0.33711642500086436
1,100,"[1.5, 2.0, 1.5, 4.5, 0.001, 3.0, 1.001, 3.25, 0.251, 2.209333333333333, 2.0, 1.1176666666666664]",0.19152372934768258
