,labelled data,weights,regret
0,50,"[17.941476190476187, 57.501, 51.0, 60.001000000000005, 10.001, 81.0, 109.5, 41.0, 43.751, 3.572428571428571, 48.25, 6.667666666666669]",2.353429324544399
1,100,"[49.45338095238095, 75.16766666666668, 101.0, 60.001000000000005, 30.000999999999998, 141.0, 159.5, 69.5, 42.501000000000005, 18.822428571428574, 88.20238095238095, 28.667666666666662]",0.525899308148447
