,labelled data,weights,regret
0,50,"[4.0, 6.0, 5.0, 5.0, 2.0, 2.0, 6.0, 0.001, 3.0, 1.0, 7.0, 12.0]",8.316853287410941
1,100,"[5.0, 7.0, 7.0, 3.0, 3.0, 2.0, 7.0, 1.001, 1.0, 2.0, 7.0, 12.0]",4.288278971518818
