,weights,regret
0,"[1.2849999999999955, 1.047169811320755, 1.083333333333333, 1.237903225806452, 1.0, 1.0, 1.4, 1.5, 1.5, 0.4385, 1.5, 0.35100000000000003]",324.4695371726416
