,labelled data,weights,regret
0,50,"[2.5, 5.0009999999999994, 11.192307692307685, 0.001, 11.0, 11.0, 12.25, 11.0, 11.0, 6.0, 1.251, 3.5]",1.1821812254925967
1,100,"[1.501, 7.5009999999999994, 16.57692307692306, 0.001, 11.0, 11.0, 13.5, 12.25, 13.5, 4.75, 5.0009999999999994, 1.251]",0.9783131422094747
