,labelled data,weights,regret
0,50,"[1.5, 2.0, 2.0, 1.25, 1.0, 1.0, 3.0, 0.001, 0.001, 2.501, 1.5, 3.0]",4.127597979527462
1,100,"[1.0, 3.0, 3.0, 0.5, 1.0, 1.0, 3.5, 0.7509999999999999, 0.376, 2.667666666666667, 1.5, 3.0]",1.4196593861164397
