,labelled data,weights,regret
0,50,"[1.5, 1.5, 1.5, 1.8333333333333333, 1.0, 1.0, 0.001, 1.5, 1.0833333333333337, 2.0833333333333335, 1.5, 1.0999999999999996]",1.2536321920740285
1,100,"[1.5, 1.5, 1.5, 2.999999999999999, 1.0, 1.0, 0.001, 1.5, 0.9166666666666671, 1.083333333333333, 1.9999999999999996, 0.051000000000000004]",0.18801250743304543
