,labelled data,weights,regret
0,50,"[1.0000000000000004, 0.6875, 1.7115384615384617, 1.5, 1.5, 0.5, 2.5, 1.1875, 1.6875, 0.5, 1.75, 0.5]",6.661718357686738
1,100,"[1.0249999999999997, 0.3135, 2.6634615384615383, 1.5, 1.5, 0.5, 3.125, 1.375, 2.0, 0.8135, 1.8125, 0.75]",5.893024115438216
