,labelled data,weights,regret
0,50,"[0.001, 5.983333333333333, 5.507119514472456, 0.001, 4.0009999999999994, 8.0, 3.3083333333333336, 7.316666666666666, 3.6166666666666663, 7.433333333333333, 0.16766666666666666, 0.6343333333333332]",0.12870771282964852
1,100,"[1.526, 7.15, 6.233670741023683, 1.001, 3.0009999999999994, 11.0, 9.133333333333333, 12.566666666666666, 3.200000000000001, 13.266666666666667, 1.1724285714285714, 2.9343333333333326]",0.19770643404272653
