,labelled data,weights,regret
0,50,"[1.064999999999999, 1.0660377358490571, 1.083333333333333, 1.1491935483871005, 1.0, 1.0, 2.0000000000000004, 1.5, 1.0000000000000004, 1.0, 1.5, 1.3499999999999999]",18.341580386188106
1,100,"[1.089999999999999, 1.047169811320755, 1.083333333333333, 1.3064516129032337, 1.0, 1.0, 2.0000000000000004, 1.5, 1.0000000000000004, 1.0625, 1.5, 1.2999999999999998]",17.923660528696637
