,labelled data,weights,regret
0,50,"[6.0, 11.0, 11.0, 26.0, 6.0, 16.0, 11.001, 27.500999999999998, 4.167666666666667, 3.7510000000000003, 11.0, 6.501]",0.4186189525204498
1,100,"[6.0, 16.0, 11.0, 36.0, 3.0565555555555557, 21.0, 5.001, 27.500999999999998, 4.167666666666667, 18.750999999999998, 11.0, 5.5009999999999994]",0.2590463883110194
