,labelled data,weights,regret
0,50,"[11.0, 11.0, 11.0, 17.666666666666664, 11.0, 11.0, 0.001, 10.001, 11.0, 19.333333333333332, 12.666666666666666, 3.0]",1.9575120621832733
1,100,"[11.0, 11.0, 11.0, 27.66666666666666, 11.0, 11.0, 0.001, 10.001, 11.0, 12.666666666666666, 17.666666666666664, 0.001]",0.2956153932838856
