,labelled data,weights,regret
0,50,"[0.3385, 3.625, 2.25, 0.001, 2.0, 3.5, 1.4583333333333333, 4.8125, 1.3135, 2.5385, 0.17600000000000002, 0.46766666666666656]",0.19294588290995549
1,100,"[0.5248095238095238, 4.574999999999999, 3.5, 1.501, 4.0, 5.0, 4.583333333333333, 7.5625, 0.6468333333333334, 5.621833333333333, 0.5248095238095238, 0.12242857142857144]",0.1382678312076051
