,weights,regret
0,"[1.7000000000000006, 0.40000000000000013, 0.0010000000000000009, 1.9250000000000012, 0.9, 0.9, 2.8000000000000016, 0.001, 3.300000000000002, 1.1267857142857143, 1.1, 1.3500000000000005]",1.1970379468687793
