,labelled data,weights,regret
0,50,"[1.0, 1.0, 1.0, 0.001, 6.0, 1.0, 6.0, 0.001, 1.0, 1.0, 1.0, 1.0]",6.087930965274458
1,100,"[1.0, 1.0, 1.0, 0.001, 6.0, 1.0, 6.0, 0.001, 1.0, 1.0, 1.0, 1.0]",5.301330867237213
