,labelled data,weights,regret
0,50,"[1.1, 1.1, 1.2000000000000002, 1.9000000000000008, 1.0, 1.4000000000000004, 0.30100000000000005, 1.8000000000000007, 0.201, 0.7000000000000001, 1.1, 0.10000000000000026]",1.6104712955621647
1,100,"[1.1, 1.2000000000000002, 1.2000000000000002, 2.200000000000001, 1.0, 1.4000000000000004, 0.0010000000000000009, 1.8000000000000007, 0.001, 0.4999999999999999, 1.1, 0.001]",0.3241132712793061
