,weights,regret
0,"[1.1, 1.216981132075474, 1.0208333333333333, 1.1008064516129041, 1.0, 1.0, 2.0000000000000004, 1.5, 1.0000000000000004, 0.875, 1.5, 1.45]",1.0411271032087621
