,labelled data,weights,regret
0,50,"[220.001, 71.0, 61.0, 240.001, 80.001, 31.0, 20.001, 110.001, 11.0, 131.0, 71.0, 71.0]",434.4356333100841
1,100,"[220.001, 61.0, 161.0, 80.001, 80.001, 71.0, 40.001, 210.001, 30.000999999999998, 221.0, 91.0, 61.0]",55.530054211287464
