,labelled data,weights,regret
0,50,"[0.40000000000000013, 1.9000000000000008, 1.4000000000000004, 0.5999999999999998, 1.0, 1.0, 0.6000000000000001, 1.8000000000000007, 0.05100000000000002, 1.8000000000000007, 1.1, 0.5000000000000002]",13.662136550341959
1,100,"[0.001, 2.6000000000000014, 1.7000000000000006, 0.010999999999999996, 1.0, 1.0, 1.2000000000000002, 2.000000000000001, 0.251, 2.5000000000000013, 1.1, 0.6500000000000004]",0.48442840162855244
