,labelled data,weights,regret
0,50,"[1.5, 3.0, 4.5, 3.5, 0.5, 2.5, 1.001, 6.0, 2.501, 4.5, 4.5, 3.0]",10.198983657245293
1,100,"[1.5, 4.0, 4.5, 7.0, 3.001, 3.5, 0.501, 6.0, 1.501, 2.0, 4.5, 1.001]",1.8809137459819516
