,weights,regret
0,"[3.2510000000000048, 61.71528571428572, 41.0, 120.001, 111.0, 0.001, 29.251000000000005, 57.642857142857146, 86.83333333333333, 0.001, 7.501, 0.001]",1.6312364740567493
