,weights,regret
0,"[1.3, 1.2, 1.7000000000000006, 2.700000000000001, 0.8, 1.1, 0.7999999999999997, 0.30000000000000016, 0.19999999999999968, 0.3, 1.2999999999999998, 2.3000000000000003]",3.9350002800884103
