,labelled data,weights,regret
0,50,"[6.0, 21.0, 26.0, 31.0, 11.0, 16.0, 1.0, 40.001000000000005, 11.0, 31.0, 31.0, 41.0]",127.51039135949392
1,100,"[1.0, 21.0, 31.0, 16.0, 11.0, 16.0, 11.0, 50.001000000000005, 1.0, 31.0, 31.0, 41.0]",16.311453686880817
