,weights,regret
0,"[44.79166666666667, 24.227190476190486, 0.001, 0.0010000000000012221, 46.0, 5.001000000000001, 45.166666666666664, 15.792666666666667, 0.8343333333333333, 9.33433333333333, 38.751000000000005, 7.5009999999999994]",0.19341774196990036
