,labelled data,weights,regret
0,50,"[0.4000000000000004, 1.3125, 1.9423076923076925, 0.001, 1.5, 2.0, 2.125, 2.4375, 1.6875, 1.375, 0.251, 0.75]",0.9799025002939443
1,100,"[0.07600000000000001, 1.625, 2.615384615384613, 0.001, 1.5, 2.0, 2.6875, 3.25, 2.3125, 1.25, 0.001, 0.6875]",0.587540726078336
