,weights,regret
0,"[19.286714285714286, 109.71528571428567, 98.5, 171.0, 181.0, 0.001, 64.16766666666666, 75.751, 101.0, 6.5, 15.477190476190477, 0.001]",0.7959476920676191
