,labelled data,weights,regret
0,50,"[1.1500000000000001, 1.4150943396226414, 1.8750000000000016, 1.129032258064516, 1.5000000000000004, 1.0, 2.8000000000000003, 2.5, 0.5000000000000002, 1.751, 2.0000000000000004, 1.6000000000000005]",9.397727648611253
1,100,"[1.3200000000000003, 1.3962264150943395, 2.0000000000000018, 1.1774193548387095, 1.5000000000000004, 1.0, 2.8000000000000003, 2.5, 0.8333333333333335, 2.751, 2.0000000000000004, 1.5000000000000004]",5.3511581880303885
