,labelled data,weights,regret
0,50,"[1.600000000000001, 1.8490566037735847, 2.666666666666667, 0.8790322580645166, 1.0, 1.0, 8.0, 8.5, 4.333333333333334, 5.0009999999999994, 6.0, 1.0]",5.813658764033692
1,100,"[0.001, 3.3584905660377387, 4.749999999999999, 0.16229032258064513, 1.0, 1.0, 8.0, 8.5, 4.333333333333334, 6.2509999999999994, 6.0, 2.001]",5.307827322674171
