,labelled data,weights,regret
0,50,"[1.0949999999999986, 1.0943396226415103, 1.166666666666666, 1.0645161290322593, 1.0, 1.0, 2.0000000000000004, 1.5, 1.0000000000000004, 0.5, 1.5, 1.0999999999999996]",3.530205360169473
1,100,"[1.2049999999999967, 1.1037735849056614, 1.2916666666666656, 1.0443548387096784, 1.0, 1.0, 2.0000000000000004, 1.5, 1.0000000000000004, 0.8125, 1.5, 0.3999999999999991]",5.236337036949785
