,labelled data,weights,regret
0,50,"[1.0079999999999993, 1.0150943396226422, 1.0166666666666666, 1.024193548387095, 1.0, 1.0, 1.1800000000000002, 1.1, 1.0166666666666668, 1.0, 1.1, 1.08]",17.841421710377134
1,100,"[1.016999999999999, 1.0188679245283028, 1.0208333333333333, 1.0588709677419312, 1.0, 1.0, 1.2200000000000002, 1.1, 0.9833333333333335, 0.9875, 1.1, 1.06]",17.902813480199818
