,labelled data,weights,regret
0,50,"[1.2, 1.2, 1.6000000000000005, 2.2000000000000006, 1.0, 1.4000000000000004, 0.001, 2.400000000000001, 0.2999999999999998, 1.0999999999999999, 1.6, 0.49999999999999933]",2.1638840387269567
1,100,"[1.2, 1.3, 1.6000000000000005, 2.3000000000000007, 0.9, 2.100000000000001, 0.001, 2.400000000000001, 0.30100000000000005, 0.301, 1.8000000000000003, 0.001]",0.18226828495829328
