,labelled data,weights,regret
0,50,"[2.0010000000000012, 62.501, 41.0, 0.001, 11.0, 71.0, 41.0, 89.75, 25.000999999999998, 46.0, 0.001, 8.001000000000001]",0.11828472964164592
1,100,"[8.55944155844156, 106.50099999999998, 56.0, 10.001, 61.0, 101.0, 106.33333333333333, 149.75, 31.250999999999998, 97.66666666666664, 14.143857142857144, 0.001]",0.2158879787850194
