,labelled data,weights,regret
0,50,"[6.0, 6.0, 6.0, 6.0, 1.0, 6.0, 16.0, 7.5009999999999994, 1.0, 1.8760000000000003, 6.0, 6.0]",6.63942657892094
1,100,"[6.0, 6.0, 6.0, 4.333333333333333, 5.001, 6.0, 16.0, 12.501, 1.0, 1.8760000000000003, 11.0, 1.0]",3.515143134827272
