,labelled data,weights,regret
0,50,"[0.126, 3.041666666666667, 2.3666666666666667, 0.001, 0.5009999999999999, 3.0, 4.375, 4.041666666666667, 0.9176666666666664, 3.3333333333333335, 0.09326190476190475, 0.6093333333333333]",0.11749886495557425
1,100,"[0.001, 4.583333333333334, 3.3666666666666667, 1.001, 2.001, 5.0, 7.291666666666667, 5.916666666666667, 1.126, 5.500000000000001, 0.8367142857142857, 0.001]",0.1980044048413315
