,labelled data,weights,regret
0,50,"[10.001000000000005, 130.001, 171.0, 30.000999999999998, 40.001, 111.0, 141.0, 181.0, 40.001, 131.0, 0.001, 40.001]",0.1251436865807019
1,100,"[30.001000000000005, 210.001, 171.0, 10.000999999999998, 50.001000000000005, 191.0, 191.0, 221.0, 50.001000000000005, 241.0, 0.001, 60.001]",0.13937691067535873
