,labelled data,weights,regret
0,50,"[0.5499999999999998, 2.0, 2.5333333333333337, 1.5, 1.5, 0.5, 1.6875, 2.1875, 1.875, 1.125, 0.625, 0.0010000000000000009]",6.440649047556696
1,100,"[0.6499999999999999, 2.125, 2.9333333333333336, 1.5, 1.5, 0.5, 1.6875, 2.1875, 1.625, 1.125, 0.41469047619047616, 0.3135]",6.0485812979082265
