,labelled data,weights,regret
0,50,"[1.025, 0.9666666666666667, 1.0, 0.9, 1.0, 1.1, 1.1, 0.95, 0.9, 1.0, 1.025, 1.05]",4.453971435277755
1,100,"[1.025, 0.9666666666666667, 1.0, 0.9, 1.0, 1.1, 1.1, 0.95, 0.9, 1.0, 1.025, 1.05]",5.23691745438771
