,labelled data,weights,regret
0,50,"[0.5325, 1.845, 0.9, 0.30000000000000016, 1.0, 1.6000000000000005, 1.6500000000000006, 1.6083333333333338, 0.6166666666666666, 1.466666666666667, 0.40476190476190493, 0.001]",0.18453869601629977
1,100,"[0.4425000000000001, 1.8616666666666664, 1.1, 0.6000000000000001, 1.0, 1.9000000000000008, 1.4500000000000004, 2.5083333333333346, 0.41666666666666663, 2.1250000000000004, 0.3936904761904764, 0.001]",0.11605563471302212
