,weights,regret
0,"[6.833333333333333, 0.5009999999999999, 0.001, 8.5, 0.75, 1.0, 0.8009999999999999, 1.251, 12.792666666666666, 7.458333333333334, 5.5, 8.1]",1.0100602578491573
