,weights,regret
0,"[58.5, 5.001, 5.001, 43.33433333333333, 26.0, 6.0, 96.0, 10.001000000000001, 111.0, 39.54166666666667, 41.0, 74.33333333333333]",1.2565327706914584
