,labelled data,weights,regret
0,50,"[2.0, 3.0, 2.0, 3.0, 1.0, 2.001, 0.251, 4.5, 0.6676666666666666, 2.1676666666666664, 2.0, 0.40099999999999997]",0.288148662737859
1,100,"[2.0, 3.0, 2.0, 3.0, 0.001, 3.001, 0.251, 4.5, 1.001, 2.3343333333333334, 2.0, 0.001]",0.02813140754010558
