,labelled data,weights,regret
0,50,"[1.1, 1.1, 1.1, 1.1, 1.0, 1.0, 2.100000000000001, 1.1500000000000001, 0.8, 0.6035714285714286, 1.1, 0.5333333333333334]",0.6129487551232414
1,100,"[1.4000000000000004, 1.0, 1.6000000000000005, 0.6, 1.0, 1.0, 2.200000000000001, 1.2500000000000002, 0.65, 0.6285714285714287, 1.1, 0.44999999999999996]",0.24678154878820238
