,weights,regret
0,"[11.0, 11.0, 11.0, 11.0, 11.0, 11.0, 8.001, 11.0, 9.333333333333334, 26.000000000000004, 11.0, 16.0]",0.6030524783416349
