,weights,regret
0,"[0.001000000000000334, 40.001000000000005, 31.0, 4.091909090909091, 6.0, 11.0, 33.5, 37.501, 3.5, 49.376000000000005, 21.0, 15.001000000000001]",3.797309719130317
