,labelled data,weights,regret
0,100,"[11.0, 6.0, 16.0, 41.0, 7.666666666666664, 18.5, 7.5009999999999994, 2.501, 0.001, 1.2093333333333334, 3.5, 41.0]",0.2826493508539414
