,labelled data,weights,regret
0,50,"[0.001, 4.600000000000001, 4.681818181818182, 0.001, 4.0009999999999994, 3.0, 3.5, 5.5, 3.501, 4.0, 0.001, 1.501]",0.6965842937838814
1,100,"[1.001, 5.8000000000000025, 8.045454545454545, 0.001, 3.0009999999999994, 5.0, 5.000000000000001, 7.75, 4.0009999999999994, 2.019047619047619, 0.001, 1.3010000000000002]",0.2130927555564881
