,labelled data,weights,regret
0,50,"[2.0, 3.0, 2.0, 4.5, 1.0, 2.0, 0.201, 3.001, 0.501, 1.501, 2.0, 0.49999999999999994]",0.614698761692256
1,100,"[2.0, 3.0, 2.0, 4.5, 1.0, 3.0, 0.401, 3.001, 1.1676666666666666, 1.751, 2.0, 0.001]",0.13582533681673645
