,labelled data,weights,regret
0,50,"[0.8, 1.8000000000000007, 1.2000000000000002, 1.05, 1.0, 1.0, 0.9, 1.6000000000000005, 0.30000000000000016, 1.3833333333333335, 1.1, 0.7000000000000001]",12.49269902901262
1,100,"[0.8191666666666666, 2.000000000000001, 1.1, 0.41750000000000026, 1.0, 1.0, 1.05, 1.6000000000000005, 0.35000000000000014, 2.083333333333334, 1.1, 0.5499999999999999]",7.780240743792161
