,weights,regret
0,"[0.30100000000000016, 2.3, 2.9000000000000004, 0.20000000000000015, 2.200000000000001, 3.100000000000002, 2.2, 2.6000000000000005, 1.500000000000001, 3.700000000000002, 0.001, 1.5009999999999997]",0.07124581156227323
