,labelled data,weights,regret
0,50,"[1.201, 4.0, 2.501, 0.001, 1.5, 1.0, 1.001, 2.751, 0.001, 4.5, 2.0, 0.7509999999999999]",4.504145209799638
1,100,"[0.001, 5.5, 4.0009999999999994, 0.16766666666666666, 1.5, 1.5, 3.501, 3.251, 0.3343333333333333, 4.5, 2.5, 1.251]",1.3952642087046074
