,labelled data,weights,regret
0,50,"[1.9166666666666667, 1.6343333333333332, 4.0, 1.001, 2.0, 3.0, 3.0, 4.833333333333334, 0.251, 2.0, 3.5000000000000004, 0.001]",9.809172911603557
1,100,"[2.666666666666667, 0.9676666666666665, 4.0, 1.001, 2.0, 2.0, 3.5, 4.833333333333334, 0.001, 2.6666666666666665, 3.5000000000000004, 0.001]",8.545468598263474
