,weights,regret
0,"[0.001, 1.6000000000000005, 1.5000000000000004, 0.8499999999999999, 1.0, 1.0, 1.3000000000000003, 1.6000000000000008, 0.18433333333333335, 0.6666666666666669, 1.3000000000000003, 2.100000000000001]",0.09100856653568166
