,weights,regret
0,"[1.0269999999999984, 1.0113207547169816, 1.0041666666666667, 1.0693548387096723, 1.0, 1.0, 1.2400000000000002, 1.1, 0.9666666666666668, 1.025, 1.1, 1.07]",5.103248352505665
