,weights,regret
0,"[5.5, 3.0, 3.083333333333333, 9.458333333333332, 2.251, 1.0, 1.3333333333333333, 0.251, 0.2509999999999999, 0.3676666666666667, 2.5, 11.25]",16.466048888932068
