,weights,regret
0,"[21.0, 31.0, 20.001, 63.33433333333333, 22.501, 22.501, 8.750999999999998, 2.501, 10.001, 15.417666666666666, 25.001, 49.33333333333333]",0.8206704551693337
