,labelled data,weights,regret
0,50,"[10.001000000000001, 31.0, 35.001000000000005, 11.0, 21.0, 1.0, 16.0, 65.001, 15.001000000000001, 31.0, 36.0, 51.0]",19.724664120684782
1,100,"[45.001000000000005, 46.0, 35.001000000000005, 15.001000000000005, 21.0, 6.0, 26.0, 65.001, 20.001, 46.0, 41.0, 26.0]",15.546221969027874
