,labelled data,weights,regret
0,50,"[3.5843333333333334, 3.0, 7.0, 1.253777777777778, 1.0, 2.0, 5.75, 10.0, 2.8343333333333334, 7.7023809523809526, 2.0, 0.8843333333333334]",12.587856652362072
1,100,"[0.08433333333333337, 7.0, 9.0, 2.2176666666666667, 2.001, 5.0, 11.75, 15.0, 1.3343333333333334, 12.702380952380953, 7.0, 8.717666666666666]",9.321514921121492
