,labelled data,weights,regret
0,50,"[1.9999999999999998, 0.9999999999999999, 2.7, 1.2000000000000002, 0.5000000000000001, 1.7000000000000006, 1.7000000000000002, 2.3000000000000003, 1.1, 1.1, 1.5999999999999999, 1.5999999999999999]",2.535940544107366
1,100,"[1.5999999999999996, 1.2, 2.7, 1.7000000000000006, 0.20000000000000015, 1.9000000000000008, 1.0000000000000002, 2.4000000000000004, 1.2000000000000002, 0.30000000000000016, 1.9999999999999998, 1.7999999999999998]",0.02461004191904712
