,weights,regret
0,"[1.0499999999999994, 1.1509433962264166, 0.9583333333333333, 1.2096774193548434, 1.0, 1.0, 1.9000000000000004, 1.5, 1.0833333333333337, 0.4385, 1.5, 0.7999999999999994]",14.932785749452155
