,weights,regret
0,"[0.0010000000000000009, 6.0, 4.5, 0.376, 3.0, 2.5, 1.0, 7.2509999999999994, 1.0426666666666666, 2.6051666666666664, 4.0, 6.95]",0.28557715048920534
