,weights,regret
0,"[0.9, 1.3000000000000003, 1.4000000000000004, 0.45000000000000007, 1.0, 1.0, 1.4000000000000004, 1.7000000000000006, 0.6000000000000001, 1.4750000000000003, 1.1, 0.4833333333333332]",26.19517834499324
