,weights,regret
0,"[3.333928571428572, 0.451, 2.3018331218969386, 2.0, 1.501, 1.501, 1.123214285714286, 0.4795714285714285, 3.0, 3.0, 1.800595238095238, 2.566666666666667]",0.20008482464929903
