,weights,regret
0,"[3.0, 0.001, 0.001, 7.25, 1.5, 1.751, 1.251, 0.251, 11.501, 8.011904761904763, 2.75, 4.75]",0.3138491065093909
