,weights,regret
0,"[1.0, 1.7000000000000006, 0.9, 0.8, 1.0, 1.1, 0.7000000000000001, 1.7000000000000006, 0.55, 1.2000000000000002, 1.0, 0.20166666666666677]",0.12415506148907354
