,labelled data,weights,regret
0,50,"[1.5500000000000005, 1.660377358490566, 3.0833333333333335, 1.8870967741935478, 1.0, 1.0, 8.0, 6.0, 3.500000000000001, 1.251, 6.0, 4.0]",16.897832436946125
1,100,"[2.3499999999999988, 1.7547169811320753, 4.125, 2.81451612903226, 1.501, 1.0, 8.0, 6.0, 3.500000000000001, 1.251, 6.0, 0.501]",11.125919677259446
