,weights,regret
0,"[1.7000000000000004, 0.8999999999999999, 0.5000000000000001, 1.6000000000000003, 1.0, 1.0, 1.0999999999999996, 0.20000000000000015, 2.600000000000001, 1.6, 1.6, 1.0999999999999992]",0.43426808530022126
