,weights,regret
0,"[4.527380952380953, 0.31647619047619047, 5.7027777777777775, 6.5009999999999994, 6.0, 0.001, 1.7718333333333334, 0.47183333333333355, 1.3135, 8.75, 1.6492142857142857, 1.8583333333333334]",0.47910927723259356
