,labelled data,weights,regret
0,50,"[1.0750000000000002, 0.5625, 1.6923076923076914, 2.0, 1.5, 0.001, 1.6875, 1.375, 1.8125, 1.0, 1.4375, 0.6875]",40.31460128758058
1,100,"[1.2, 0.1875, 1.951923076923075, 2.0, 1.5, 0.001, 1.4375, 1.25, 1.8125, 1.1875, 1.375, 1.1875]",41.254431301590635
