,labelled data,weights,regret
0,50,"[0.6999999999999997, 1.6500000000000006, 1.1, 0.6333333333333336, 1.0, 1.0, 1.5400000000000005, 1.4500000000000004, 0.783333333333333, 0.8, 1.1, 1.1400000000000001]",11.62742177197971
1,100,"[0.2999999999999996, 1.9000000000000008, 1.1, 0.206666666666667, 1.0, 1.0, 1.7200000000000006, 1.5000000000000004, 0.8166666666666664, 1.1, 1.1, 1.3600000000000003]",1.695392338757147
