,weights,regret
0,"[3.9363095238095247, 0.6224285714285713, 5.2735264735264735, 7.0009999999999994, 6.5, 0.001, 1.3242142857142856, 0.5843333333333335, 0.541666666666667, 8.751, 0.1301666666666667, 4.333333333333334]",0.15812003428495203
