,weights,regret
0,"[0.001, 69.16766666666665, 81.0, 50.001, 70.001, 120.001, 70.16666666666667, 160.16666666666666, 40.06052380952381, 0.001, 33.273809523809526, 11.667666666666666]",1.0610393683932013
