,labelled data,weights,regret
0,50,"[3.7510000000000003, 21.0, 21.0, 4.723222222222223, 0.001, 6.0, 10.001000000000001, 20.001, 4.167666666666667, 24.541666666666668, 6.0, 4.001]",0.8065130693641855
1,100,"[2.9190327868852464, 56.0, 36.0, 3.853941176470588, 10.001000000000001, 11.0, 27.501, 30.001, 5.001000000000001, 54.54166666666667, 16.0, 14.001000000000001]",0.5414228196407881
