,weights,regret
0,"[2.0, 2.0, 3.0, 5.0, 1.9999999999999998, 2.5, 0.001, 0.001, 0.3759999999999999, 0.6885, 0.5843333333333334, 4.5]",0.6130569263544633
