,labelled data,weights,regret
0,50,"[1.0, 1.0, 1.0, 0.001, 1.0, 2.0, 2.0, 1.0, 0.001, 1.0, 1.0, 1.0]",3.0543666198842905
1,100,"[1.0, 1.0, 1.0, 0.001, 1.0, 2.0, 2.0, 1.0, 0.001, 1.0, 1.0, 1.0]",3.0543666198842905
