,labelled data,weights,regret
0,50,"[0.7, 1.5000000000000004, 2.1000000000000005, 1.2999999999999998, 1.1, 1.1, 0.5999999999999999, 1.9000000000000008, 0.3999999999999998, 1.7, 1.6, 1.7999999999999998]",34.81510745802695
1,100,"[0.7, 1.5000000000000004, 2.1000000000000005, 1.1999999999999997, 1.1, 1.1, 0.6999999999999998, 2.100000000000001, 0.2999999999999998, 1.7, 1.6, 1.6999999999999997]",29.382348270761824
