,labelled data,weights,regret
0,50,"[0.501, 1.001, 1.001, 3.0010000000000003, 1.0, 2.0, 0.251, 3.0, 0.33433333333333337, 0.5, 0.6676666666666666, 0.20100000000000004]",0.29603527925213863
1,100,"[0.501, 1.001, 1.001, 3.334333333333334, 1.0, 2.0, 0.001, 3.0, 0.8343333333333334, 0.9166666666666665, 1.5010000000000001, 0.001]",0.13431410211579045
