,weights,regret
0,"[1.7000000000000006, 0.55, 0.30000000000000016, 0.8, 1.0, 1.0, 1.0, 0.40000000000000013, 2.100000000000001, 1.5833333333333337, 1.1, 0.55]",0.29023879059978774
