,weights,regret
0,"[1.0999999999999988, 0.1885, 2.009615384615385, 1.5, 1.5, 0.5, 0.625, 1.375, 0.9375, 2.8125, 0.501, 2.5]",0.3973418876824924
