,weights,regret
0,"[2.375, 0.001, 2.1657738095238095, 3.5, 1.5, 0.501, 0.9301666666666665, 0.24564285714285705, 0.725, 3.5, 0.201, 2.0]",0.44401435791149957
