,weights,regret
0,"[0.23671428571428568, 6.8069523809523815, 4.25, 1.001, 4.0, 9.5, 3.8333333333333335, 5.740476190476191, 3.583333333333334, 7.375000000000001, 0.18433333333333335, 0.6426666666666665]",0.09533433554754421
