,labelled data,weights,regret
0,50,"[1.2, 1.3, 2.100000000000001, 1.8000000000000003, 1.0, 1.0, 2.0000000000000004, 0.5000000000000001, 0.49999999999999956, 0.10100000000000003, 1.7000000000000002, 2.0]",3.7962750792950346
1,100,"[1.3, 1.7000000000000004, 2.300000000000001, 1.1999999999999997, 1.0, 1.0, 1.9000000000000004, 0.5000000000000001, 0.49999999999999956, 0.701, 1.7000000000000002, 2.1]",3.7996406488435985
