,weights,regret
0,"[4.599999999999999, 0.801, 2.8000000000000025, 1.9000000000000008, 2.4000000000000012, 0.501, 1.1000000000000005, 1.201, 5.199999999999999, 3.100000000000001, 2.3000000000000003, 1.9]",0.6918554780507458
