,labelled data,weights,regret
0,50,"[1.0, 1.3000000000000003, 1.2000000000000002, 0.44999999999999984, 1.0, 1.0, 0.7750000000000004, 1.6000000000000005, 0.20000000000000018, 2.000000000000001, 1.1, 0.6866666666666666]",15.771888978931598
1,100,"[0.2800000000000001, 2.200000000000001, 1.8000000000000007, 0.001, 1.0, 1.0, 1.0500000000000003, 1.8000000000000007, 0.4500000000000001, 2.000000000000001, 1.1, 0.9866666666666669]",0.5317612175056385
