,labelled data,weights,regret
0,50,"[1.5, 2.0, 1.5, 2.0, 1.0, 1.5, 0.126, 2.5, 0.001, 2.5, 1.5, 0.001]",320.7906748226566
1,100,"[0.33333333333333337, 2.5, 2.5, 0.001, 1.5, 1.5, 1.501, 2.5, 0.5426666666666666, 4.5, 1.5, 0.901]",0.5105754806175756
