,weights,regret
0,"[33.5, 2.084333333333335, 2.501, 13.500999999999998, 1.0, 6.0, 11.250999999999998, 0.001000000000000334, 121.0, 53.393857142857144, 11.0, 7.001000000000001]",0.08286996952052397
