,labelled data,weights,regret
0,50,"[1.5126984126984124, 1.9000000000000001, 2.664672459893048, 1.501, 0.0010000000000000009, 2.5, 2.814285714285714, 1.4583333333333333, 0.6916666666666669, 0.1863095238095236, 2.1416666666666675, 0.7426666666666665]",1.2467350893198363
1,100,"[3.296626984126984, 1.4500000000000002, 3.2105057932263814, 3.001, 0.001, 4.5, 2.8309523809523807, 4.541666666666666, 0.001, 1.6654761904761903, 2.641666666666668, 0.8343333333333334]",0.4127299861945449
