,labelled data,weights,regret
0,50,"[21.0, 31.0, 41.0, 121.0, 0.001, 41.0, 30.000999999999998, 101.0, 10.001, 70.001, 61.0, 21.0]",4.226471533904332
1,100,"[31.0, 41.0, 41.0, 151.0, 80.001, 91.0, 0.001, 101.0, 10.000999999999998, 20.001000000000005, 61.0, 0.001]",0.28589352910475063
