,weights,regret
0,"[4.200000000000001, 0.901, 1.801, 2.100000000000001, 0.10000000000000014, 3.0000000000000018, 0.9000000000000008, 2.600000000000001, 0.8010000000000002, 1.6, 2.8, 3.0000000000000004]",6.929671904147368
