,weights,regret
0,"[1.045, 1.1981132075471719, 1.1041666666666665, 1.2217741935483917, 1.0, 1.0, 2.1000000000000005, 1.5, 0.9166666666666671, 0.0010000000000000009, 1.5, 0.7999999999999994]",5.734781147535602
