,labelled data,weights,regret
0,50,"[0.5010000000000001, 1.3, 3.0, 2.000000000000001, 0.30000000000000016, 1.6000000000000005, 1.9000000000000001, 2.2, 1.1000000000000008, 0.4010000000000001, 3.4000000000000004, 0.1999999999999997]",0.4713632421720352
1,100,"[0.401, 2.1000000000000014, 3.3000000000000003, 2.200000000000001, 0.101, 3.100000000000002, 2.4000000000000004, 3.100000000000001, 0.20000000000000095, 0.401, 3.9000000000000004, 1.0999999999999999]",0.4639059486193114
