,labelled data,weights,regret
0,50,"[0.001, 1.5660377358490565, 8.083333333333334, 0.001, 3.0, 1.0, 9.0, 6.0, 3.334333333333333, 2.5009999999999994, 4.333333333333333, 3.001]",3.792382877878801
1,100,"[0.001, 4.39622641509434, 10.166666666666664, 0.4042258064516129, 3.0, 1.0, 9.0, 6.0, 3.334333333333333, 8.751, 4.333333333333333, 8.001]",3.736821517198564
