,labelled data,weights,regret
0,50,"[1.0399999999999998, 0.7500000000000006, 1.2365384615384607, 1.3000000000000003, 1.3000000000000003, 0.6000000000000001, 1.0874999999999997, 1.0374999999999999, 1.374999999999999, 1.025, 1.1374999999999997, 0.8750000000000002]",44.567788819312966
1,100,"[1.0449999999999995, 0.625000000000001, 1.4403846153846138, 1.3000000000000003, 1.3000000000000003, 0.6000000000000001, 1.274999999999999, 1.075, 1.4999999999999984, 0.9625, 1.1999999999999993, 0.8624999999999999]",41.25820039636562
