,labelled data,weights,regret
0,50,"[6.0, 36.0, 41.0, 10.001000000000001, 1.0, 1.0, 25.000999999999998, 55.001000000000005, 26.0, 56.0, 31.0, 16.0]",14.57873313147389
1,100,"[290.001, 51.0, 51.0, 315.001, 45.001, 11.0, 40.001, 75.001, 6.0, 106.0, 36.0, 16.0]",484.29794494903456
