,labelled data,weights,regret
0,50,"[1.5, 1.5, 1.5, 0.001, 1.0, 1.0, 1.201, 2.0, 0.9166666666666671, 3.2500000000000013, 1.5, 0.4999999999999993]",49.05181734487287
1,100,"[2.0, 1.5, 2.0, 0.16766666666666669, 1.0, 1.0, 1.201, 2.0, 0.9166666666666671, 5.7499999999999964, 1.5, 0.6499999999999994]",18.787063144533157
