,weights,regret
0,"[0.9550000000000002, 1.1499999999999997, 1.1192307692307688, 0.7000000000000001, 1.2000000000000002, 1.2000000000000002, 1.1499999999999997, 1.3249999999999993, 1.0375000000000003, 1.2625, 0.5875000000000004, 0.8875000000000004]",1.688366084300877
