,weights,regret
0,"[2.300000000000001, 0.5000000000000001, 0.126, 1.3250000000000008, 1.0, 1.0, 2.4000000000000012, 0.15100000000000002, 2.8000000000000016, 0.6250000000000002, 1.3000000000000003, 1.5000000000000004]",0.5394697932178
