,weights,regret
0,"[1.8499999999999988, 1.4375, 0.126, 2.0, 1.5, 0.001, 0.0635, 0.1875, 0.1875, 1.8125, 1.875, 2.625]",13.790579014418004
