,labelled data,weights,regret
0,50,"[1.5593333333333332, 3.0, 2.5, 0.7414761904761904, 1.0, 1.0, 2.5, 2.5, 1.25, 2.5, 1.5, 0.5833333333333334]",1.6522815284593648
1,100,"[1.1426666666666665, 4.5, 3.0, 0.44742857142857134, 1.0, 1.0, 3.0, 3.5, 1.375, 4.5, 1.5, 0.6250000000000001]",0.8879068466245228
