,weights,regret
0,"[2.258333333333333, 1.8333333333333335, 2.5, 3.5, 4.5, 0.5009999999999999, 0.5416666666666667, 2.541666666666667, 3.5, 2.025, 0.6748095238095237, 0.8958333333333334]",1.419767159464459
