,labelled data,weights,regret
0,50,"[0.001, 100.001, 110.001, 20.000999999999998, 10.001, 101.0, 100.001, 141.0, 40.001000000000005, 120.001, 0.001, 30.000999999999998]",0.11749118045985528
1,100,"[0.0010000000000047748, 170.001, 130.001, 30.000999999999998, 50.001, 191.0, 160.001, 161.0, 80.001, 200.001, 0.001, 50.001000000000005]",0.12852796818391687
