,labelled data,weights,regret
0,50,"[0.5999999999999999, 1.5450000000000006, 1.3788888888888895, 0.8, 1.0, 1.4000000000000004, 1.3499999999999996, 1.4874999999999994, 1.1624999999999999, 1.1750000000000003, 0.2825000000000002, 0.2999999999999996]",0.6369307839467895
1,100,"[0.4599999999999997, 1.6250000000000007, 1.706666666666667, 0.8, 0.9, 1.4000000000000004, 1.4249999999999994, 1.6999999999999988, 1.2749999999999995, 1.1249999999999998, 0.10750000000000016, 0.19999999999999943]",0.39955185493359874
