,weights,regret
0,"[0.8350000000000003, 1.1249999999999993, 1.1288461538461534, 1.1, 0.7000000000000001, 1.3000000000000003, 1.2624999999999993, 1.349999999999999, 1.0750000000000004, 0.5375000000000003, 1.15, 0.7500000000000004]",1.1462339969498039
