,weights,regret
0,"[1.0500000000000003, 2.625, 1.9000000000000001, 1.5, 2.0, 0.001, 1.5625, 2.375, 2.1875, 1.25, 0.8499999999999999, 0.376]",0.25887534227118036
