,labelled data,weights,regret
0,50,"[1.0119999999999991, 1.0283018867924543, 1.0333333333333332, 0.9911290322580647, 1.0, 1.0, 1.2600000000000002, 1.1500000000000001, 0.9333333333333333, 1.025, 1.1, 1.0]",10.972703694155362
1,100,"[1.007999999999999, 1.0415094339622664, 1.0499999999999998, 0.9766129032258065, 1.0, 1.0, 1.3200000000000003, 1.1500000000000001, 0.8833333333333332, 1.1749999999999994, 1.1, 0.8999999999999999]",5.402440540644714
