,weights,regret
0,"[2.1000000000000005, 0.876, 1.9000000000000015, 1.5, 2.0, 0.001, 1.4375, 0.875, 1.9375, 1.75, 1.9999999999999998, 1.8999999999999997]",0.7054525039834166
