,labelled data,weights,regret
0,50,"[3.5, 4.0009999999999994, 11.5, 2.001, 1.001, 3.0, 6.0, 6.0, 3.5, 2.001, 3.5, 0.001]",6.0687690320768235
1,100,"[0.5, 7.5009999999999994, 11.5, 2.501, 2.501, 4.5, 6.0, 7.0, 5.0, 4.0009999999999994, 0.0010000000000000009, 0.001]",0.19298184043914848
