,weights,regret
0,"[11.0, 6.0, 11.0, 11.0, 10.834333333333333, 5.001, 11.0, 10.001000000000001, 15.999999999999998, 17.666666666666664, 9.333333333333334, 10.0]",6.716543980034319
