,labelled data,weights,regret
0,50,"[1.3000000000000003, 1.1, 1.1, 1.4500000000000004, 1.0, 1.0, 0.12500000000000014, 1.7000000000000006, 0.13333333333333353, 1.1333333333333335, 1.1, 0.5500000000000002]",7.67419200902592
1,100,"[1.3000000000000003, 1.1, 1.1, 1.5500000000000005, 1.0, 1.6000000000000005, 0.001, 1.7000000000000006, 0.126, 0.7250000000000003, 1.1, 0.1666666666666669]",0.12661228818328954
