,labelled data,weights,regret
0,50,"[1.4500000000000006, 2.0377358490566038, 2.8750000000000004, 0.7580645161290326, 1.0, 1.0, 9.0, 6.0, 2.666666666666668, 7.875, 6.0, 3.5]",4.178723387689914
1,100,"[1.0500000000000003, 3.7358490566037754, 3.7083333333333344, 0.27419354838709725, 0.75, 1.0, 10.0, 6.0, 2.666666666666668, 8.5, 6.0, 2.0]",3.769729621790929
