,labelled data,weights,regret
0,50,"[0.001, 5.667666666666667, 4.0, 1.001, 5.0009999999999994, 6.0, 4.458333333333334, 9.916666666666666, 3.251, 6.675999999999999, 0.001, 0.5009999999999999]",0.1261541985871741
1,100,"[0.7676666666666666, 8.651, 6.5, 3.0009999999999994, 5.0009999999999994, 14.0, 11.658333333333335, 16.916666666666664, 2.084333333333333, 10.592666666666666, 1.1724285714285712, 1.0509999999999997]",0.11741158116313351
