,weights,regret
0,"[1.0999999999999988, 1.075, 0.7884615384615389, 1.3000000000000003, 0.5000000000000001, 1.2000000000000002, 0.7625000000000006, 0.6875000000000004, 0.7625000000000002, 1.1124999999999998, 1.0875, 1.2124999999999997]",4.374068590581685
