,weights,regret
0,"[0.1885, 6.134333333333334, 3.625, 1.5, 3.5009999999999994, 7.5, 2.625, 5.666666666666666, 1.251, 5.547023809523808, 0.001, 1.3998095238095238]",0.24672174816894415
