,labelled data,weights,regret
0,50,"[0.7575, 1.19, 1.3452380952380953, 1.3000000000000003, 0.7000000000000001, 1.6000000000000005, 1.631666666666667, 1.3750000000000002, 1.0166666666666666, 0.3810714285714283, 1.7566666666666675, 1.0033333333333334]",1.6212404263992748
1,100,"[0.10666666666666653, 1.8066666666666666, 1.7702380952380956, 1.5000000000000004, 0.101, 2.100000000000001, 2.268333333333334, 1.8750000000000007, 0.7583333333333332, 0.08516666666666667, 2.1492857142857154, 0.6357142857142858]",1.002427780153165
