,labelled data,weights,regret
0,50,"[1.2200000000000002, 1.471698113207547, 1.7500000000000013, 1.1854838709677418, 1.5500000000000005, 1.0, 2.8000000000000003, 2.5, 0.6666666666666667, 2.125, 2.0000000000000004, 1.4000000000000004]",8.309042303723869
1,100,"[1.11, 1.641509433962264, 2.0416666666666683, 1.0, 1.6000000000000005, 1.0, 3.0000000000000004, 2.5, 0.3333333333333335, 2.625, 2.0000000000000004, 1.6]",11.19467712219035
