,labelled data,weights,regret
0,50,"[21.0, 21.0, 11.0, 0.001, 11.0, 11.0, 10.001, 10.001, 6.000000000000002, 36.0, 14.333333333333332, 0.001]",45.43658147411087
1,100,"[18.501, 36.0, 21.0, 10.001000000000001, 11.0, 11.0, 27.500999999999998, 20.000999999999998, 2.666666666666669, 63.5, 17.666666666666664, 15.000999999999998]",11.294565747096097
