,labelled data,weights,regret
0,50,"[2.0, 2.0, 2.5, 1.3333333333333335, 1.0, 1.0, 3.0, 1.001, 1.4999999999999996, 2.5000000000000004, 2.1666666666666665, 2.0]",0.9546073270839616
1,100,"[2.0, 2.0, 3.5, 1.3333333333333335, 1.0, 1.0, 2.0, 1.501, 1.3333333333333328, 2.8333333333333335, 2.1666666666666665, 2.1]",0.9105619170494111
