,labelled data,weights,regret
0,50,"[0.001, 2.375, 2.365384615384615, 0.001, 2.0, 2.001, 3.0, 4.25, 1.5, 1.5, 0.001, 0.251]",0.8394072553159716
1,100,"[0.050999999999999934, 2.625, 3.23076923076923, 0.001, 2.0, 2.001, 3.75, 5.0, 2.5, 1.375, 0.2509999999999999, 0.001]",0.7097771684086772
