,labelled data,weights,regret
0,50,"[4.536714285714286, 53.501, 36.0, 0.001, 40.001, 61.0, 49.66766666666666, 59.333333333333336, 35.001, 73.76290476190476, 0.001, 6.6676666666666655]",0.21641083346861675
1,100,"[0.001, 80.66766666666666, 66.0, 20.000999999999998, 50.001, 81.0, 102.501, 109.33333333333334, 33.33433333333333, 96.26290476190475, 1.2033809523809467, 0.001]",0.11625017413146384
