,labelled data,weights,regret
0,50,"[0.001, 26.0, 16.0, 0.001, 0.001, 5.001, 11.0, 25.001, 15.001000000000001, 25.001, 1.0, 0.001]",0.4353021903951323
1,100,"[15.001000000000001, 41.0, 31.0, 5.0009999999999994, 10.001000000000001, 15.001000000000001, 21.0, 30.001, 5.001, 45.001000000000005, 11.0, 15.001000000000001]",11.452977779368203
