,labelled data,weights,regret
0,50,"[3.0, 3.0, 6.0, 2.0, 1.0, 1.0, 5.0, 0.001, 0.4176666666666664, 0.876, 4.0, 6.0]",2.066511370413469
1,100,"[5.0, 5.0, 7.0, 1.0, 1.0, 1.0, 6.0, 1.501, 0.8343333333333334, 1.876, 5.0, 6.0]",3.5861808720639443
