,labelled data,weights,regret
0,50,"[10.001, 31.0, 41.0, 10.001, 10.001, 11.0, 50.001000000000005, 50.001, 10.000999999999998, 40.001, 10.001, 10.000999999999998]",9.834189760820932
1,100,"[30.000999999999998, 61.0, 71.0, 0.001, 40.001, 31.0, 70.001, 90.001, 10.001, 110.001, 50.001, 50.001]",8.90138489236952
