,labelled data,weights,regret
0,50,"[2.0, 3.0, 2.0, 5.0, 0.001, 2.0, 2.001, 5.0009999999999994, 1.001, 2.8343333333333334, 2.0, 0.001]",0.24962121744961294
1,100,"[2.0, 3.0, 2.0, 6.0, 0.001, 4.0, 0.001, 5.0009999999999994, 0.0010000000000000009, 2.9010000000000007, 4.0, 0.601]",0.1489969373125384
