,labelled data,weights,regret
0,50,"[25.51190476190476, 7.5009999999999994, 31.0, 45.001000000000005, 0.001, 30.001, 24.25, 27.25, 0.001, 15.845238095238091, 9.625, 4.833333333333335]",2.1651118859950533
1,100,"[49.220238095238095, 7.834333333333333, 36.0, 35.001000000000005, 15.001000000000001, 65.001, 48.166666666666664, 52.25, 2.0843333333333334, 24.803571428571423, 31.125, 16.833333333333336]",1.4731662620910533
