,labelled data,weights,regret
0,50,"[100.001, 41.0, 200.001, 40.001, 50.001, 81.0, 110.001, 70.001, 20.001000000000005, 60.001, 70.001, 50.001000000000005]",1.4525498955634681
1,100,"[40.001000000000005, 101.0, 200.001, 60.001, 50.001000000000005, 101.0, 140.001, 70.001, 40.001000000000005, 0.001, 120.001, 30.001000000000005]",0.44790664031239186
