,labelled data,weights,regret
0,50,"[1.1, 1.1, 1.1, 1.1, 1.0, 1.0, 0.35000000000000003, 1.7000000000000006, 0.001, 1.8500000000000008, 1.1, 0.2900000000000001]",258.9078042123838
1,100,"[0.8, 1.3000000000000003, 1.3000000000000003, 0.1499999999999997, 1.0, 1.1, 0.35000000000000003, 1.7000000000000006, 0.001, 2.5999999999999988, 1.1, 0.45000000000000023]",8.416888802948788
