,labelled data,weights,regret
0,50,"[0.6666666666666673, 1.3250000000000002, 1.5316666666666672, 1.1, 0.5000000000000001, 1.7000000000000006, 1.4249999999999992, 1.066666666666667, 0.7416666666666668, 0.23749999999999993, 1.9000000000000008, 0.5800000000000001]",0.15269135126322103
1,100,"[0.32916666666666766, 1.5850000000000004, 1.7816666666666672, 0.7000000000000001, 0.9, 1.7000000000000006, 1.7749999999999981, 0.9666666666666671, 0.966666666666667, 0.0635, 1.9000000000000001, 0.5200000000000001]",0.5647880866644372
