,labelled data,weights,regret
0,50,"[0.001, 90.001, 80.001, 30.000999999999998, 40.001, 91.0, 61.0, 110.001, 30.000999999999998, 101.0, 0.001, 30.001000000000005]",0.11733939446026628
1,100,"[30.001000000000005, 200.001, 110.001, 20.000999999999998, 100.001, 201.0, 131.0, 180.001, 10.001, 201.0, 0.001, 30.001000000000005]",0.15505727219142212
