,labelled data,weights,regret
0,50,"[0.8909523809523809, 1.0919047619047622, 1.2554677206851124, 1.5000000000000004, 0.7000000000000001, 1.6000000000000005, 1.0395238095238095, 1.2083333333333333, 0.35166666666666674, 0.4070238095238099, 1.9200000000000008, 0.6283333333333336]",1.6982736167896382
1,100,"[0.6055952380952383, 1.2085714285714289, 1.7888010540184462, 1.6000000000000005, 0.7000000000000001, 2.300000000000001, 1.7411904761904764, 1.7083333333333337, 0.31766666666666676, 0.18838095238095237, 2.3466666666666676, 0.6783333333333337]",0.3710414630684022
