,weights,regret
0,"[1.0799999999999983, 1.1981132075471719, 1.166666666666666, 0.9475806451612903, 1.0, 1.0, 2.600000000000001, 1.5, 0.5000000000000002, 1.4375, 1.5, 0.8499999999999992]",21.532817608489616
