,weights,regret
0,"[0.001, 2.6000000000000005, 2.3009999999999997, 0.8, 1.3000000000000003, 1.1, 2.3000000000000003, 1.3000000000000005, 1.4000000000000001, 0.6999999999999995, 0.001, 1.8999999999999992]",0.42165877103448796
