,weights,regret
0,"[0.5, 2.000000000000001, 1.7000000000000004, 1.9000000000000004, 1.4000000000000004, 1.4000000000000004, 0.8009999999999999, 1.9000000000000008, 1.1999999999999997, 2.0, 1.6, 1.4999999999999996]",0.7877067938473196
