,weights,regret
0,"[0.23333333333333348, 1.7000000000000006, 1.4000000000000004, 0.9166666666666667, 1.0, 1.0, 1.0, 1.2000000000000002, 0.46666666666666684, 0.725, 1.1, 1.8000000000000007]",0.24620925858234224
