,labelled data,weights,regret
0,50,"[11.0, 11.0, 11.0, 17.666666666666664, 0.001, 11.0, 2.001, 10.001000000000001, 9.333333333333334, 17.666666666666668, 11.0, 8.0]",4.2129627175617514
1,100,"[11.0, 11.0, 11.0, 14.333333333333332, 8.667666666666666, 11.0, 4.0009999999999994, 10.001000000000001, 9.333333333333334, 21.0, 12.666666666666666, 9.0]",1.1543566890970454
