,weights,regret
0,"[1.0, 11.0, 11.0, 1.0000000000000009, 11.0, 11.0, 11.0, 15.001000000000001, 5.001000000000001, 17.500999999999998, 6.000000000000002, 37.0]",0.31245820095748206
