,weights,regret
0,"[1.1, 1.1, 0.001, 1.7000000000000006, 1.0, 0.5000000000000001, 1.3000000000000003, 2.000000000000001, 0.33333333333333337, 2.5000000000000013, 0.6000000000000001, 0.001]",0.26672834437690235
