,labelled data,weights,regret
0,50,"[0.001, 72.16666666666666, 41.66766666666666, 0.001, 10.000999999999998, 71.0, 61.66766666666667, 71.0, 42.501, 70.001, 0.001, 12.334333333333333]",0.19459974876288055
1,100,"[6.11211111111111, 141.16666666666666, 76.66766666666666, 20.000999999999998, 30.000999999999998, 111.0, 68.501, 109.33333333333333, 3.334333333333333, 137.501, 6.6676666666666655, 0.001]",0.19704073571493136
