,labelled data,weights,regret
0,50,"[0.001, 3.667666666666666, 4.666666666666666, 1.0, 1.001, 3.0, 5.0, 2.625, 1.875, 2.4999999999999996, 0.001, 0.626]",0.2128811713727159
1,100,"[0.8009999999999999, 6.0009999999999994, 4.599999999999999, 0.001, 2.001, 3.0, 5.75, 4.0, 2.75, 2.9999999999999996, 0.2509999999999999, 1.001]",0.2743150478856307
