,labelled data,weights,regret
0,50,"[0.6176666666666663, 5.384333333333334, 4.0009999999999994, 1.001, 5.0009999999999994, 7.0009999999999994, 4.084333333333333, 5.351, 3.126, 6.101000000000001, 0.001, 0.6676666666666666]",0.1801932207381023
1,100,"[0.1950476190476188, 10.201000000000002, 5.5009999999999994, 1.001, 6.0009999999999994, 12.001, 8.034333333333333, 14.350999999999999, 1.876, 10.101, 1.36647619047619, 0.001]",0.13957001212053308
