,labelled data,weights,regret
0,50,"[1.1, 1.2000000000000002, 1.6000000000000005, 1.4000000000000004, 1.0, 1.0, 1.7000000000000006, 0.7000000000000001, 0.9, 0.20100000000000015, 1.2000000000000002, 1.0]",4.588570425471402
1,100,"[1.2000000000000002, 1.2000000000000002, 1.9000000000000008, 1.0, 1.0, 1.0, 1.7000000000000006, 0.8, 0.6000000000000001, 0.5010000000000001, 1.2000000000000002, 1.1]",1.1634912668830286
