,weights,regret
0,"[1.2, 0.9, 0.8999999999999999, 2.700000000000001, 1.1, 0.5000000000000001, 0.4999999999999999, 2.5000000000000013, 0.7999999999999999, 2.8000000000000007, 1.1999999999999997, 0.20099999999999993]",0.11753097890185575
