,labelled data,weights,regret
0,50,"[0.9199999999999999, 1.2499999999999991, 1.3566666666666665, 0.8, 1.1, 1.3000000000000003, 1.2499999999999996, 1.3999999999999988, 1.15, 1.1249999999999998, 0.6999999999999995, 0.6249999999999999]",4.60219619369036
1,100,"[0.72, 1.324999999999999, 1.6233333333333326, 0.6000000000000001, 1.3000000000000003, 1.3000000000000003, 1.3374999999999992, 1.3874999999999988, 1.2124999999999997, 1.0499999999999996, 0.5124999999999997, 0.5749999999999998]",1.1210516881787855
