,labelled data,weights,regret
0,50,"[5.001, 15.001000000000001, 26.0, 11.0, 20.001, 6.0, 15.001, 66.0, 6.0, 30.001000000000005, 26.0, 31.0]",13.927805044412157
1,100,"[20.001, 25.001, 26.0, 51.0, 20.001, 26.0, 5.001, 66.0, 16.0, 20.001, 31.0, 5.001]",2.506100337929869
