,labelled data,weights,regret
0,50,"[5.001, 5.001, 10.001000000000001, 20.001, 11.0, 21.0, 5.001, 26.0, 9.167666666666667, 10.001, 15.001000000000001, 0.001]",0.3257373780886522
1,100,"[0.001, 5.001, 20.001, 22.501, 8.056555555555555, 26.0, 2.501, 31.0, 9.167666666666667, 15.000999999999998, 20.001, 24.001]",11.412306562958667
