,weights,regret
0,"[1.2399999999999973, 1.2547169811320782, 1.0416666666666665, 1.165322580645162, 1.0, 1.0, 2.1000000000000005, 1.5, 0.9166666666666671, 0.3125, 1.5, 0.451]",0.7013388286290722
