,weights,regret
0,"[2.0486190476190487, 46.501000000000005, 13.5, 121.0, 141.0, 0.001, 54.83433333333333, 66.0, 96.0, 2.33433333333333, 15.560523809523808, 0.001]",0.6458468142838427
