,labelled data,weights,regret
0,50,"[0.85, 1.1875, 1.5384615384615374, 0.5, 1.5, 1.5, 1.6875, 1.8125, 1.5625, 1.3125, 0.375, 0.5625]",1.1327108356534061
1,100,"[0.85, 1.3125, 1.9326923076923053, 0.5, 1.5, 1.5, 1.625, 1.9375, 1.5, 1.25, 0.375, 0.5]",1.0875148298889117
