,weights,regret
0,"[0.9550000000000001, 1.1320754716981147, 1.0, 1.2056451612903243, 1.0, 1.0, 0.9, 1.0, 1.0833333333333333, 0.126, 1.0, 0.7499999999999998]",5.734781147535602
