,labelled data,weights,regret
0,50,"[1.001, 6.5, 5.0009999999999994, 1.0, 1.501, 7.0, 2.0, 5.5, 3.001, 5.0009999999999994, 0.001, 3.001]",0.1421690582967129
1,100,"[0.001, 10.5, 9.501, 2.0, 4.0009999999999994, 8.5, 6.0, 11.0, 3.0009999999999994, 7.0009999999999994, 0.001, 0.001]",0.11733440225767569
