,labelled data,weights,regret
0,50,"[0.001, 6.0, 6.0, 7.0, 5.001, 3.0, 4.0, 11.001, 2.0, 6.0, 7.0, 9.0]",106.65007946092918
1,100,"[4.0009999999999994, 6.0, 7.0, 5.0, 5.001, 4.0, 6.0, 13.001, 1.0, 7.0, 7.0, 6.0]",18.453215731502564
