,labelled data,weights,regret
0,50,"[1.0010000000000003, 14.0, 20.001, 0.001, 4.0009999999999994, 10.001, 14.001000000000001, 20.000999999999998, 7.001, 15.001000000000001, 1.001, 9.001]",0.1251436865807019
1,100,"[3.0010000000000003, 23.0, 22.001, 0.001, 8.001, 20.000999999999998, 16.001, 27.000999999999998, 9.001000000000001, 23.001, 0.001, 7.0009999999999994]",0.1251813194589739
