,labelled data,weights,regret
0,50,"[0.20933333333333326, 19.584333333333333, 17.501, 0.0010000000000012221, 31.0, 16.0, 9.167666666666666, 32.501000000000005, 15.001, 22.167666666666666, 2.090285714285714, 4.626]",0.18495894315539382
1,100,"[0.001, 31.667666666666673, 32.501000000000005, 10.001000000000001, 36.0, 41.0, 13.751, 52.501000000000005, 12.500999999999998, 40.95933333333333, 0.001, 2.542666666666662]",0.11323365863246668
