,labelled data,weights,regret
0,50,"[38.182539682539684, 7.5009999999999994, 21.64775910364145, 20.000999999999998, 10.001, 41.0, 25.16766666666667, 75.5, 2.5010000000000003, 27.441476190476187, 51.0, 10.001]",0.4273622347460019
1,100,"[45.83730158730159, 12.620047619047618, 77.7949452508276, 60.001, 0.001, 81.0, 35.16766666666667, 65.5, 0.001, 25.274809523809523, 61.33333333333334, 32.501]",2.93213656167357e-05
