,labelled data,weights,regret
0,50,"[2.25, 1.9343333333333335, 2.1666666666666665, 3.0, 0.001, 5.0, 1.75, 3.0, 0.876, 1.251, 5.0, 1.3333333333333335]",0.006838390349668573
1,100,"[2.25, 1.9676666666666671, 3.1666666666666665, 4.0, 0.001, 5.0, 0.75, 3.0, 0.20933333333333337, 1.251, 5.0, 1.3333333333333335]",2.93213656167357e-05
