,labelled data,weights,regret
0,50,"[1.9, 2.6037735849056616, 6.208333333333331, 2.532258064516129, 4.5, 1.0, 10.0, 8.5, 4.1676666666666655, 4.3759999999999994, 5.166666666666666, 5.5]",16.527078376972256
1,100,"[2.4000000000000052, 2.415094339622642, 7.249999999999997, 4.588709677419357, 4.5, 1.0, 11.0, 8.5, 3.3343333333333325, 2.5009999999999994, 6.833333333333332, 10.0]",13.271058073256436
