,labelled data,weights,regret
0,50,"[0.001, 2.150000000000001, 2.6333333333333333, 0.001, 1.5, 2.0, 2.125, 2.4375, 2.0625, 1.875, 0.001, 0.126]",0.4563222396653142
1,100,"[0.30099999999999993, 3.300000000000001, 3.366666666666667, 0.5009999999999999, 1.501, 2.5, 2.25, 3.1875, 2.0, 2.0, 0.001, 0.1885]",0.2558786636794563
