,weights,regret
0,"[0.0010000000000000009, 5.5, 5.083333333333333, 0.7831428571428569, 3.5, 3.001, 2.625, 8.001, 0.376, 3.726, 3.25, 7.95]",0.12001274278119355
