,weights,regret
0,"[0.34999999999999987, 1.5, 2.207818181818183, 0.001, 1.001, 1.5, 1.3125, 1.0, 1.126, 1.125, 0.0010000000000000009, 0.725]",0.16617123469527048
