,labelled data,weights,regret
0,50,"[1.010999999999999, 1.0433962264150967, 1.0291666666666666, 1.0161290322580654, 1.0, 1.0, 1.3000000000000003, 1.1, 0.9166666666666666, 0.8000000000000007, 1.1, 0.98]",3.7221416324176535
1,100,"[1.0239999999999974, 1.06415094339623, 1.0583333333333331, 1.0137096774193557, 1.0, 1.0, 1.4000000000000004, 1.1, 0.833333333333333, 0.7750000000000008, 1.1, 0.8099999999999998]",3.0291327168395976
