,weights,regret
0,"[3.454571428571428, 7.0, 7.583333333333333, 2.3559523809523806, 3.0, 2.0, 3.0, 8.001, 0.3343333333333333, 2.0218333333333334, 4.0, 11.0]",0.15436190233046973
