,labelled data,weights,regret
0,50,"[6.0, 6.0, 6.0, 6.0, 2.501, 6.0, 2.001, 7.5009999999999994, 5.166666666666667, 11.833333333333336, 5.166666666666667, 0.5]",123.12356132163285
1,100,"[6.0, 6.0, 6.0, 4.333333333333334, 3.126, 6.0, 4.0009999999999994, 7.5009999999999994, 5.166666666666667, 11.833333333333336, 6.0, 1.0]",53.94746214655898
